api-gateway	cluster_admin	get-cluster-as-admin	GREEN
api-gateway	cluster_admin	get-cluster-as-ordinary	GREEN
api-gateway	cluster_admin	grant-as-ordinary	GREEN
api-gateway	cluster_admin	grant-nonexistent-user	GREEN
api-gateway	cluster_admin	grant-target-again	GREEN
api-gateway	cluster_admin	grant-target	GREEN
api-gateway	cluster_admin	list-admins-as-admin	GREEN
api-gateway	cluster_admin	list-admins-as-ordinary	GREEN
api-gateway	cluster_admin	list-admins-excludes-target	GREEN
api-gateway	cluster_admin	list-admins-includes-target	GREEN
api-gateway	cluster_admin	list-admins-no-duplicate	GREEN
api-gateway	cluster_admin	poll-grant	GREEN
api-gateway	cluster_admin	poll-grant-idem	GREEN
api-gateway	cluster_admin	poll-revoke	GREEN
api-gateway	cluster_admin	poll-upsert-target-user	GREEN
api-gateway	cluster_admin	poll-upsert-target-user	GREEN
api-gateway	cluster_admin	revoke-non-admin	GREEN
api-gateway	cluster_admin	revoke-target	GREEN
api-gateway	cluster_admin	upsert-target-user	GREEN
compute	authz-deny	delete	GREEN
compute	authz-deny	delete	GREEN
compute	authz-deny	delete	GREEN
compute	authz-deny	delete	GREEN
compute	authz-deny	delete	GREEN
compute	authz-deny	delete	GREEN
compute	authz-deny	get-abs1	GREEN
compute	authz-deny	get-abs2	GREEN
compute	authz-deny	get-abs3	GREEN
compute	authz-deny	get-abs4	GREEN
compute	authz-deny	get-abs5	GREEN
compute	authz-deny	get	GREEN
compute	authz-deny	get	GREEN
compute	authz-deny	get	GREEN
compute	authz-deny	get	GREEN
compute	authz-deny	get	GREEN
compute	authz-deny	get	GREEN
compute	authz-deny	get	GREEN
compute	authz-deny	get	GREEN
compute	authz-deny	get	GREEN
compute	authz-deny	get	GREEN
compute	authz-deny	get	GREEN
compute	authz-deny	get	GREEN
compute	authz-deny	get	GREEN
compute	authz-deny	patch	GREEN
compute	authz-deny	patch	GREEN
compute	authz-deny	patch	GREEN
compute	authz-deny	patch	GREEN
compute	authz-deny	patch	GREEN
compute	authz-deny	patch	GREEN
compute	authz-deny	post	GREEN
compute	authz-deny	post	GREEN
compute	authz-deny	post	GREEN
compute	authz-deny	post	GREEN
compute	authz-deny	post	GREEN
compute	authz-deny	post	GREEN
compute	authz-deny	post	GREEN
compute	authz-deny	post	GREEN
compute	authz-deny	post	GREEN
compute	authz-deny	post	GREEN
compute	authz-deny	post	GREEN
compute	authz-deny	post	GREEN
compute	instance-redesign	assert-op-error	GREEN
compute	instance-redesign	assert-op-error	GREEN
compute	instance-redesign	assert-op-error	GREEN
compute	instance-redesign	assert-op-error	GREEN
compute	instance-redesign	assert-op-success	GREEN
compute	instance-redesign	assert-op-success	GREEN
compute	instance-redesign	assert-op-success	GREEN
compute	instance-redesign	assert-op-success	GREEN
compute	instance-redesign	assert-op-success	GREEN
compute	instance-redesign	assert-op-success	GREEN
compute	instance-redesign	assert-op-success	GREEN
compute	instance-redesign	assert-op-success	GREEN
compute	instance-redesign	assert-op-success	GREEN
compute	instance-redesign	assert-op-success	GREEN
compute	instance-redesign	assert-op-success	GREEN
compute	instance-redesign	assert-op-success	GREEN
compute	instance-redesign	assert-op-success	GREEN
compute	instance-redesign	assert-op-success	GREEN
compute	instance-redesign	assert-op-success	GREEN
compute	instance-redesign	assert-op-success	GREEN
compute	instance-redesign	assert-op-success	GREEN
compute	instance-redesign	assert-op-success	GREEN
compute	instance-redesign	assert-op-success	GREEN
compute	instance-redesign	assert-op-success	GREEN
compute	instance-redesign	assert-op-success	GREEN
compute	instance-redesign	assert-op-success	GREEN
compute	instance-redesign	assert-op-success	GREEN
compute	instance-redesign	assert-op-success	GREEN
compute	instance-redesign	assert-op-success	GREEN
compute	instance-redesign	assert-op-success	GREEN
compute	instance-redesign	assert-op-success	GREEN
compute	instance-redesign	assert-op-success	GREEN
compute	instance-redesign	assert-op-success	GREEN
compute	instance-redesign	assert-op-success	GREEN
compute	instance-redesign	assert-op-success	GREEN
compute	instance-redesign	assert-op-success	GREEN
compute	instance-redesign	assert-op-success	GREEN
compute	instance-redesign	assert-op-success	GREEN
compute	instance-redesign	assert-op-success	GREEN
compute	instance-redesign	assert-op-success	GREEN
compute	instance-redesign	assert-op-success	GREEN
compute	instance-redesign	assert-op-success	GREEN
compute	instance-redesign	assert-op-success	GREEN
compute	instance-redesign	assert-op-success	GREEN
compute	instance-redesign	assert-op-success	GREEN
compute	instance-redesign	assert-op-success	GREEN
compute	instance-redesign	cleanup-mt	NO-ASSERTIONS
compute	instance-redesign	cleanup-mt	NO-ASSERTIONS
compute	instance-redesign	cleanup-mt	NO-ASSERTIONS
compute	instance-redesign	cleanup-mt	NO-ASSERTIONS
compute	instance-redesign	cleanup-mt	NO-ASSERTIONS
compute	instance-redesign	cleanup-mt	NO-ASSERTIONS
compute	instance-redesign	cleanup-mt	NO-ASSERTIONS
compute	instance-redesign	cleanup-mt	NO-ASSERTIONS
compute	instance-redesign	cleanup-mt	NO-ASSERTIONS
compute	instance-redesign	cleanup-mt	NO-ASSERTIONS
compute	instance-redesign	cleanup-mt	NO-ASSERTIONS
compute	instance-redesign	cleanup-mt	NO-ASSERTIONS
compute	instance-redesign	cleanup-mt	NO-ASSERTIONS
compute	instance-redesign	cleanup-mt	NO-ASSERTIONS
compute	instance-redesign	cleanup-mt	NO-ASSERTIONS
compute	instance-redesign	cleanup-mt	NO-ASSERTIONS
compute	instance-redesign	cleanup-mt	NO-ASSERTIONS
compute	instance-redesign	cleanup-mt	NO-ASSERTIONS
compute	instance-redesign	cr-all-six	GREEN
compute	instance-redesign	cr-bad-zone	GREEN
compute	instance-redesign	cr-boot-badtype	GREEN
compute	instance-redesign	cr-boot-out	GREEN
compute	instance-redesign	cr-boot-untagged	GREEN
compute	instance-redesign	cr-cpu-over	GREEN
compute	instance-redesign	cr-ct-vm	GREEN
compute	instance-redesign	create-1	GREEN
compute	instance-redesign	create-2-dup	GREEN
compute	instance-redesign	create	GREEN
compute	instance-redesign	create	GREEN
compute	instance-redesign	create	GREEN
compute	instance-redesign	create	GREEN
compute	instance-redesign	create	GREEN
compute	instance-redesign	create	GREEN
compute	instance-redesign	cr-filesystem-specs	GREEN
compute	instance-redesign	cr-local-disk-specs	GREEN
compute	instance-redesign	cr-maintenance-grace-period	GREEN
compute	instance-redesign	cr-maintenance-policy	GREEN
compute	instance-redesign	cr-mt-absent	GREEN
compute	instance-redesign	cr-network-settings	GREEN
compute	instance-redesign	cr-no-boot	GREEN
compute	instance-redesign	cr-no-kind	GREEN
compute	instance-redesign	cr-no-mt	GREEN
compute	instance-redesign	cr-no-net	GREEN
compute	instance-redesign	cr-sa-malformed	GREEN
compute	instance-redesign	cr-secvol-zero	GREEN
compute	instance-redesign	cr-serial-port-settings	GREEN
compute	instance-redesign	cr-ssh-public-keys	GREEN
compute	instance-redesign	cr-unreachable	GREEN
compute	instance-redesign	cr-vm-ct	GREEN
compute	instance-redesign	del-absent	GREEN
compute	instance-redesign	delete-1	NO-ASSERTIONS
compute	instance-redesign	delete-2	NO-ASSERTIONS
compute	instance-redesign	del-inst-mtfk	NO-ASSERTIONS
compute	instance-redesign	del-inst	NO-ASSERTIONS
compute	instance-redesign	del-inst	NO-ASSERTIONS
compute	instance-redesign	del-inst	NO-ASSERTIONS
compute	instance-redesign	del-inst	NO-ASSERTIONS
compute	instance-redesign	del-inst	NO-ASSERTIONS
compute	instance-redesign	del-inst	NO-ASSERTIONS
compute	instance-redesign	del-inst	NO-ASSERTIONS
compute	instance-redesign	del-inst	NO-ASSERTIONS
compute	instance-redesign	del-inst	NO-ASSERTIONS
compute	instance-redesign	del-inst	NO-ASSERTIONS
compute	instance-redesign	del-inst	NO-ASSERTIONS
compute	instance-redesign	del-inst	NO-ASSERTIONS
compute	instance-redesign	del-inst	NO-ASSERTIONS
compute	instance-redesign	del-inst	NO-ASSERTIONS
compute	instance-redesign	del-inst	NO-ASSERTIONS
compute	instance-redesign	del-inst	NO-ASSERTIONS
compute	instance-redesign	del-inst	NO-ASSERTIONS
compute	instance-redesign	del-malformed	GREEN
compute	instance-redesign	del-mt-freed	NO-ASSERTIONS
compute	instance-redesign	del-mt-inuse	NO-ASSERTIONS
compute	instance-redesign	flt-kind-rejected	GREEN
compute	instance-redesign	flt-pg-rejected	GREEN
compute	instance-redesign	flt-snake-kind-rejected	GREEN
compute	instance-redesign	get-absent	GREEN
compute	instance-redesign	get-after-delete	GREEN
compute	instance-redesign	get	GREEN
compute	instance-redesign	get	GREEN
compute	instance-redesign	get	GREEN
compute	instance-redesign	get-malformed	GREEN
compute	instance-redesign	get-rya1	GREEN
compute	instance-redesign	get-rya2	GREEN
compute	instance-redesign	get-rya3	GREEN
compute	instance-redesign	get-rya4	GREEN
compute	instance-redesign	get-rya5	GREEN
compute	instance-redesign	get-rya6	GREEN
compute	instance-redesign	list-filter-name-lst25	GREEN
compute	instance-redesign	list-lst24	GREEN
compute	instance-redesign	mt-still-readable	GREEN
compute	instance-redesign	patch-rya8	GREEN
compute	instance-redesign	patch-vmspec-rya11	GREEN
compute	instance-redesign	poll-op-10	GREEN
compute	instance-redesign	poll-op-10	GREEN
compute	instance-redesign	poll-op-11	GREEN
compute	instance-redesign	poll-op-12	GREEN
compute	instance-redesign	poll-op-13	GREEN
compute	instance-redesign	poll-op-14	GREEN
compute	instance-redesign	poll-op-15	GREEN
compute	instance-redesign	poll-op-15	GREEN
compute	instance-redesign	poll-op-16	GREEN
compute	instance-redesign	poll-op-17	GREEN
compute	instance-redesign	poll-op-18	GREEN
compute	instance-redesign	poll-op-19	GREEN
compute	instance-redesign	poll-op-19	GREEN
compute	instance-redesign	poll-op-1	GREEN
compute	instance-redesign	poll-op-20	GREEN
compute	instance-redesign	poll-op-21	GREEN
compute	instance-redesign	poll-op-22	GREEN
compute	instance-redesign	poll-op-23	GREEN
compute	instance-redesign	poll-op-23	GREEN
compute	instance-redesign	poll-op-23	GREEN
compute	instance-redesign	poll-op-24	GREEN
compute	instance-redesign	poll-op-25	GREEN
compute	instance-redesign	poll-op-26	GREEN
compute	instance-redesign	poll-op-27	GREEN
compute	instance-redesign	poll-op-27	GREEN
compute	instance-redesign	poll-op-27	GREEN
compute	instance-redesign	poll-op-28	GREEN
compute	instance-redesign	poll-op-29	GREEN
compute	instance-redesign	poll-op-2	GREEN
compute	instance-redesign	poll-op-2	GREEN
compute	instance-redesign	poll-op-30	GREEN
compute	instance-redesign	poll-op-30	GREEN
compute	instance-redesign	poll-op-31	GREEN
compute	instance-redesign	poll-op-32	GREEN
compute	instance-redesign	poll-op-33	GREEN
compute	instance-redesign	poll-op-33	GREEN
compute	instance-redesign	poll-op-34	GREEN
compute	instance-redesign	poll-op-35	GREEN
compute	instance-redesign	poll-op-36	GREEN
compute	instance-redesign	poll-op-37	GREEN
compute	instance-redesign	poll-op-38	GREEN
compute	instance-redesign	poll-op-38	GREEN
compute	instance-redesign	poll-op-38	GREEN
compute	instance-redesign	poll-op-39	GREEN
compute	instance-redesign	poll-op-3	GREEN
compute	instance-redesign	poll-op-40	GREEN
compute	instance-redesign	poll-op-41	GREEN
compute	instance-redesign	poll-op-42	GREEN
compute	instance-redesign	poll-op-42	GREEN
compute	instance-redesign	poll-op-43	GREEN
compute	instance-redesign	poll-op-44	GREEN
compute	instance-redesign	poll-op-45	GREEN
compute	instance-redesign	poll-op-46	GREEN
compute	instance-redesign	poll-op-47	GREEN
compute	instance-redesign	poll-op-47	GREEN
compute	instance-redesign	poll-op-48	GREEN
compute	instance-redesign	poll-op-49	GREEN
compute	instance-redesign	poll-op-4	GREEN
compute	instance-redesign	poll-op-50	GREEN
compute	instance-redesign	poll-op-51	GREEN
compute	instance-redesign	poll-op-51	GREEN
compute	instance-redesign	poll-op-51	GREEN
compute	instance-redesign	poll-op-52	GREEN
compute	instance-redesign	poll-op-53	GREEN
compute	instance-redesign	poll-op-54	GREEN
compute	instance-redesign	poll-op-55	GREEN
compute	instance-redesign	poll-op-55	GREEN
compute	instance-redesign	poll-op-55	GREEN
compute	instance-redesign	poll-op-56	GREEN
compute	instance-redesign	poll-op-57	GREEN
compute	instance-redesign	poll-op-58	GREEN
compute	instance-redesign	poll-op-59	GREEN
compute	instance-redesign	poll-op-59	GREEN
compute	instance-redesign	poll-op-5	GREEN
compute	instance-redesign	poll-op-60	GREEN
compute	instance-redesign	poll-op-61	GREEN
compute	instance-redesign	poll-op-62	GREEN
compute	instance-redesign	poll-op-63	GREEN
compute	instance-redesign	poll-op-63	GREEN
compute	instance-redesign	poll-op-64	GREEN
compute	instance-redesign	poll-op-65	GREEN
compute	instance-redesign	poll-op-66	GREEN
compute	instance-redesign	poll-op-67	GREEN
compute	instance-redesign	poll-op-67	GREEN
compute	instance-redesign	poll-op-68	GREEN
compute	instance-redesign	poll-op-69	GREEN
compute	instance-redesign	poll-op-6	GREEN
compute	instance-redesign	poll-op-6	GREEN
compute	instance-redesign	poll-op-6	GREEN
compute	instance-redesign	poll-op-70	GREEN
compute	instance-redesign	poll-op-71	GREEN
compute	instance-redesign	poll-op-71	GREEN
compute	instance-redesign	poll-op-72	GREEN
compute	instance-redesign	poll-op-73	GREEN
compute	instance-redesign	poll-op-74	GREEN
compute	instance-redesign	poll-op-75	GREEN
compute	instance-redesign	poll-op-75	GREEN
compute	instance-redesign	poll-op-76	GREEN
compute	instance-redesign	poll-op-77	GREEN
compute	instance-redesign	poll-op-77	GREEN
compute	instance-redesign	poll-op-77	GREEN
compute	instance-redesign	poll-op-77	GREEN
compute	instance-redesign	poll-op-78	GREEN
compute	instance-redesign	poll-op-79	GREEN
compute	instance-redesign	poll-op-79	GREEN
compute	instance-redesign	poll-op-7	GREEN
compute	instance-redesign	poll-op-80	GREEN
compute	instance-redesign	poll-op-81	GREEN
compute	instance-redesign	poll-op-81	GREEN
compute	instance-redesign	poll-op-82	GREEN
compute	instance-redesign	poll-op-83	GREEN
compute	instance-redesign	poll-op-84	GREEN
compute	instance-redesign	poll-op-8	GREEN
compute	instance-redesign	poll-op-9	GREEN
compute	instance-redesign	ps-over	GREEN
compute	instance-redesign	recreate-same-name	GREEN
compute	instance-redesign	seed-inst-del	GREEN
compute	instance-redesign	seed-inst-fa	GREEN
compute	instance-redesign	seed-inst-imm	GREEN
compute	instance-redesign	seed-inst-lst	GREEN
compute	instance-redesign	seed-inst-metada	GREEN
compute	instance-redesign	seed-inst-mtfk	GREEN
compute	instance-redesign	seed-inst-nb	GREEN
compute	instance-redesign	seed-inst-networ	GREEN
compute	instance-redesign	seed-inst-serial	GREEN
compute	instance-redesign	seed-inst-serp	GREEN
compute	instance-redesign	seed-inst-sshpub	GREEN
compute	instance-redesign	seed-inst-upd	GREEN
compute	instance-redesign	seed-mt-ack	GREEN
compute	instance-redesign	seed-mt-byname	GREEN
compute	instance-redesign	seed-mt-ctok	GREEN
compute	instance-redesign	seed-mt-dup	GREEN
compute	instance-redesign	seed-mt-idel	GREEN
compute	instance-redesign	seed-mt-ifa	GREEN
compute	instance-redesign	seed-mt-iimm	GREEN
compute	instance-redesign	seed-mt-ilst	GREEN
compute	instance-redesign	seed-mt-imetada	GREEN
compute	instance-redesign	seed-mt-imtfk	GREEN
compute	instance-redesign	seed-mt-inb	GREEN
compute	instance-redesign	seed-mt-inetwor	GREEN
compute	instance-redesign	seed-mt-iserial	GREEN
compute	instance-redesign	seed-mt-iserp	GREEN
compute	instance-redesign	seed-mt-isshpub	GREEN
compute	instance-redesign	seed-mt-iupd	GREEN
compute	instance-redesign	seed-mt-sa	GREEN
compute	instance-redesign	seed-mt-udn	GREEN
compute	instance-redesign	seed-mt-vmok	GREEN
compute	instance-redesign	serial-port-rya21	GREEN
compute	instance-redesign	tok-garbage	GREEN
compute	instance-redesign	upd-bootsource-reinstall	GREEN
compute	instance-redesign	upd-kind-immutable	GREEN
compute	instance-redesign	upd-metadata-rya15	GREEN
compute	instance-redesign	upd-network-settings-rya17	GREEN
compute	instance-redesign	upd-serial-port-settings-rya19	GREEN
compute	instance-redesign	upd-ssh-public-keys-rya13	GREEN
compute	instance-redesign	upd-stopped-gate	GREEN
compute	instance-redesign	upd-unknown-mask	GREEN
compute	instance-redesign	upd-zone-immutable	GREEN
compute	instance-redesign	warm-del-rya26	GREEN
compute	instance-redesign	warm-fa-rya22	GREEN
compute	instance-redesign	warm-imm-rya9	GREEN
compute	instance-redesign	warm-lst-rya23	GREEN
compute	instance-redesign	warm-metada-rya14	GREEN
compute	instance-redesign	warm-mtfk-rya27	GREEN
compute	instance-redesign	warm-nb-rya10	GREEN
compute	instance-redesign	warm-networ-rya16	GREEN
compute	instance-redesign	warm-serial-rya18	GREEN
compute	instance-redesign	warm-serp-rya20	GREEN
compute	instance-redesign	warm-sshpub-rya12	GREEN
compute	instance-redesign	warm-upd-rya7	GREEN
compute	list-filter	assert-op-success	GREEN
compute	list-filter	assert-op-success	GREEN
compute	list-filter	assert-op-success	GREEN
compute	list-filter	assert-op-success	GREEN
compute	list-filter	assert-op-success	GREEN
compute	list-filter	assert-op-success	GREEN
compute	list-filter	create-a1	GREEN
compute	list-filter	create-a1-pa1	GREEN
compute	list-filter	create-own	GREEN
compute	list-filter	del-a1	GREEN
compute	list-filter	del-a1-leak	GREEN
compute	list-filter	del-own	GREEN
compute	list-filter	get-absent	GREEN
compute	list-filter	lf-cleanup-mt-leak	NO-ASSERTIONS
compute	list-filter	lf-cleanup-mt-own	NO-ASSERTIONS
compute	list-filter	lf-cleanup-mt-xacct	NO-ASSERTIONS
compute	list-filter	lf-seed-mt-leak	GREEN
compute	list-filter	lf-seed-mt-own	GREEN
compute	list-filter	lf-seed-mt-xacct	GREEN
compute	list-filter	list-a1-as-pure-nob	GREEN
compute	list-filter	list-b1-as-aab	GREEN
compute	list-filter	list-own-lst28	GREEN
compute	list-filter	poll-op-85	GREEN
compute	list-filter	poll-op-86	GREEN
compute	list-filter	poll-op-86	GREEN
compute	list-filter	poll-op-87	GREEN
compute	list-filter	poll-op-88	GREEN
compute	list-filter	poll-op-89	GREEN
compute	list-filter	poll-op-90	GREEN
compute	list-filter	poll-op-90	GREEN
compute	list-filter	poll-op-91	GREEN
compute	list-filter	poll-op-92	GREEN
compute	list-filter	poll-op-93	GREEN
compute	list-filter	poll-op-94	GREEN
compute	list-filter	poll-op-94	GREEN
compute	list-filter	poll-op-95	GREEN
compute	list-filter	poll-op-96	GREEN
compute	machine-type	assert-op-success	GREEN
compute	machine-type	assert-op-success	GREEN
compute	machine-type	assert-op-success	GREEN
compute	machine-type	assert-op-success	GREEN
compute	machine-type	assert-op-success	GREEN
compute	machine-type	assert-op-success	GREEN
compute	machine-type	bad-token	GREEN
compute	machine-type	cleanup-gpu1	NO-ASSERTIONS
compute	machine-type	cleanup-gpu8	NO-ASSERTIONS
compute	machine-type	cleanup-mt	NO-ASSERTIONS
compute	machine-type	cleanup-mt	NO-ASSERTIONS
compute	machine-type	cleanup-mt	NO-ASSERTIONS
compute	machine-type	cleanup-std0	NO-ASSERTIONS
compute	machine-type	cr-no-name	GREEN
compute	machine-type	get-absent	GREEN
compute	machine-type	get-after-delete	GREEN
compute	machine-type	get-after-seed-rya29	GREEN
compute	machine-type	get-malformed	GREEN
compute	machine-type	get-rya30	GREEN
compute	machine-type	list-by-name	GREEN
compute	machine-type	list-gpu-lst32	GREEN
compute	machine-type	list-gpu-min4	GREEN
compute	machine-type	list-lst31	GREEN
compute	machine-type	poll-op-100	GREEN
compute	machine-type	poll-op-101	GREEN
compute	machine-type	poll-op-102	GREEN
compute	machine-type	poll-op-103	GREEN
compute	machine-type	poll-op-104	GREEN
compute	machine-type	poll-op-105	GREEN
compute	machine-type	poll-op-106	GREEN
compute	machine-type	poll-op-107	GREEN
compute	machine-type	poll-op-108	GREEN
compute	machine-type	poll-op-97	GREEN
compute	machine-type	poll-op-98	GREEN
compute	machine-type	poll-op-99	GREEN
compute	machine-type	ps0	GREEN
compute	machine-type	ps1000	GREEN
compute	machine-type	ps1001	GREEN
compute	machine-type	ps1	GREEN
compute	machine-type	seed-mt-adm	GREEN
compute	machine-type	seed-mt-get	GREEN
compute	machine-type	seed-mt-gpu1	GREEN
compute	machine-type	seed-mt-gpu8	GREEN
compute	machine-type	seed-mt-lst	GREEN
compute	machine-type	seed-mt-std0	GREEN
compute	operation	assert-op-success	GREEN
compute	operation	assert-op-success	GREEN
compute	operation	assert-op-success	GREEN
compute	operation	cancel-done	GREEN
compute	operation	cancel-garbage	GREEN
compute	operation	cancel-nx	GREEN
compute	operation	cleanup	GREEN
compute	operation	cleanup-mt	NO-ASSERTIONS
compute	operation	cleanup-mt	NO-ASSERTIONS
compute	operation	cleanup	NO-ASSERTIONS
compute	operation	create-bad	GREEN
compute	operation	create-trigger	GREEN
compute	operation	create-trigger	GREEN
compute	operation	get-garbage-prefix	GREEN
compute	operation	get-nx	GREEN
compute	operation	get-nx	GREEN
compute	operation	get-op	GREEN
compute	operation	get-op	GREEN
compute	operation	pin-done-op	GREEN
compute	operation	poll-op-109	GREEN
compute	operation	poll-op-110	GREEN
compute	operation	poll-op-110	GREEN
compute	operation	poll-op-111	GREEN
compute	operation	poll-op-112	GREEN
compute	operation	poll-op-113	GREEN
compute	operation	poll-op-114	GREEN
compute	operation	poll-op-115	GREEN
compute	operation	poll-op-116	GREEN
compute	operation	poll-op-116	GREEN
compute	operation	poll-op-117	GREEN
compute	operation	poll-op-118	GREEN
compute	operation	seed-mt-cancel	GREEN
compute	operation	seed-mt-fail	GREEN
compute	operation	seed-mt-get	GREEN
compute	sec-d	assert-op-success	GREEN
compute	sec-d	assert-op-success	GREEN
compute	sec-d	assert-op-success	GREEN
compute	sec-d	cleanup-mt	NO-ASSERTIONS
compute	sec-d	create	GREEN
compute	sec-d	delete	GREEN
compute	sec-d	delete-missing	GREEN
compute	sec-d	get-after-delete	GREEN
compute	sec-d	get-rya33	GREEN
compute	sec-d	poll-op-119	GREEN
compute	sec-d	poll-op-120	GREEN
compute	sec-d	poll-op-120	GREEN
compute	sec-d	poll-op-121	GREEN
compute	sec-d	poll-op-122	GREEN
compute	sec-d	seed-mt-ok	GREEN
geo	admin-not-on-public	cleanup	GREEN
geo	admin-not-on-public	cleanup-region	GREEN
geo	admin-not-on-public	cleanup-zone	GREEN
geo	admin-not-on-public	confirm-region-rgf15	GREEN
geo	admin-not-on-public	create-on-internal	GREEN
geo	admin-not-on-public	create-on-public	GREEN
geo	admin-not-on-public	create-region-internal	GREEN
geo	admin-not-on-public	create-zone-on-internal	GREEN
geo	admin-not-on-public	create-zone-on-public	GREEN
geo	authz-deny	create-region-anon	GREEN
geo	authz-deny	create-region-nonadmin	GREEN
geo	authz-deny	create-zone-nonadmin	GREEN
geo	authz-deny	delete-region-nonadmin	GREEN
geo	authz-deny	delete-zone-nonadmin	GREEN
geo	authz-deny	get-internal-nonadmin	GREEN
geo	authz-deny	get-internal-nonadmin	GREEN
geo	authz-deny	get-region-anon	GREEN
geo	authz-deny	get-region-purenobindings	GREEN
geo	authz-deny	get-zone-anon	GREEN
geo	authz-deny	get-zone-purenobindings	GREEN
geo	authz-deny	list-pick-ambient	GREEN
geo	authz-deny	list-pick-ambient	GREEN
geo	authz-deny	list-regions-anon	GREEN
geo	authz-deny	list-regions-noviewer	GREEN
geo	authz-deny	list-zones-anon	GREEN
geo	authz-deny	list-zones-purenobindings	GREEN
geo	authz-deny	public-read-first	GREEN
geo	authz-deny	public-read-first	GREEN
geo	authz-deny	update-region-nonadmin	GREEN
geo	authz-deny	update-zone-nonadmin	GREEN
geo	internal-region	cleanup	GREEN
geo	internal-region	cleanup	GREEN
geo	internal-region	cleanup-region	GREEN
geo	internal-region	cleanup-region	GREEN
geo	internal-region	cleanup-zone	GREEN
geo	internal-region	confirm-created-rgf20	GREEN
geo	internal-region	confirm-region-rgf18	GREEN
geo	internal-region	confirm-zone-rgf19	GREEN
geo	internal-region	create-child-zone	GREEN
geo	internal-region	create-dup	GREEN
geo	internal-region	create-empty-id	GREEN
geo	internal-region	create-first	GREEN
geo	internal-region	create-malformed	GREEN
geo	internal-region	create-region	GREEN
geo	internal-region	create-region	GREEN
geo	internal-region	create-region	GREEN
geo	internal-region	delete-region-with-zone	GREEN
geo	internal-region	get-after-first-rgf17	GREEN
geo	internal-region	get-region-rgf16	GREEN
geo	internal-region	get-still-present	GREEN
geo	internal-region	region-survived	GREEN
geo	internal-region	update-name	GREEN
geo	internal-region	verify-name	GREEN
geo	internal-zone	cleanup-region	GREEN
geo	internal-zone	cleanup-region	GREEN
geo	internal-zone	cleanup-region	GREEN
geo	internal-zone	cleanup-region	GREEN
geo	internal-zone	cleanup-zone	GREEN
geo	internal-zone	cleanup-zone	GREEN
geo	internal-zone	cleanup-zone	GREEN
geo	internal-zone	cleanup-zone	GREEN
geo	internal-zone	confirm-region-rgf21	GREEN
geo	internal-zone	confirm-region-rgf23	GREEN
geo	internal-zone	confirm-region-rgf25	GREEN
geo	internal-zone	confirm-region-rgf27	GREEN
geo	internal-zone	confirm-zone-up-rgf28	GREEN
geo	internal-zone	create-ghost	GREEN
geo	internal-zone	create-malformed	GREEN
geo	internal-zone	create-region	GREEN
geo	internal-zone	create-region	GREEN
geo	internal-zone	create-region	GREEN
geo	internal-zone	create-region	GREEN
geo	internal-zone	create-uncoupled	GREEN
geo	internal-zone	create-zone-down	GREEN
geo	internal-zone	create-zone	GREEN
geo	internal-zone	create-zone-nostatus	GREEN
geo	internal-zone	create-zone-up	GREEN
geo	internal-zone	get-zone-dflt-rgf26	GREEN
geo	internal-zone	get-zone-down-rgf24	GREEN
geo	internal-zone	get-zone-rgf22	GREEN
geo	internal-zone	update-status-down	GREEN
geo	internal-zone	verify-status-down	GREEN
geo	internal-zone	zone-not-created	GREEN
geo	operation	cleanup	GREEN
geo	operation	create-region-for-op	GREEN
geo	operation	get-malformed-op	GREEN
geo	region	get-absent	GREEN
geo	region	get-malformed	GREEN
geo	region	get-region	GREEN
geo	region	get-region	GREEN
geo	region	get-region	GREEN
geo	region	get-toolong	GREEN
geo	region	list-bad-token	GREEN
geo	region	list-p1	GREEN
geo	region	list-p2	GREEN
geo	region	list-pick	GREEN
geo	region	list-pick	GREEN
geo	region	list-pick	GREEN
geo	region	list-ps0	GREEN
geo	region	list-ps1	GREEN
geo	region	list-ps-huge	GREEN
geo	region	list-regions-auth	GREEN
geo	region	list-regions	GREEN
geo	zone	get-absent	GREEN
geo	zone	get-malformed	GREEN
geo	zone	get-zone	GREEN
geo	zone	get-zone	GREEN
geo	zone	list-bad-token	GREEN
geo	zone	list-p1	GREEN
geo	zone	list-p2	GREEN
geo	zone	list-pick	GREEN
geo	zone	list-pick	GREEN
geo	zone	list-ps0	GREEN
geo	zone	list-ps-huge	GREEN
geo	zone	list-zones-auth	GREEN
geo	zone	list-zones	GREEN
iam	authz-deny	AUTHZ-AB-CR-A-AAA :: poll-op-create-AUTHZ-AB-CR-A-AAA	NO-ASSERTIONS
iam	authz-deny	AUTHZ-AB-CR-A-AAA :: post	GREEN
iam	authz-deny	AUTHZ-AB-CR-A-AAB :: post	GREEN
iam	authz-deny	AUTHZ-AB-CR-A-ANON :: post	GREEN
iam	authz-deny	AUTHZ-AB-CR-A-INV :: post	GREEN
iam	authz-deny	AUTHZ-AB-CR-A-NOB :: post	GREEN
iam	authz-deny	AUTHZ-AB-CR-A-PA1 :: post	GREEN
iam	authz-deny	AUTHZ-AB-CR-B-AAA :: post	GREEN
iam	authz-deny	AUTHZ-AB-CR-B-AAB :: poll-op-create-AUTHZ-AB-CR-B-AAB	NO-ASSERTIONS
iam	authz-deny	AUTHZ-AB-CR-B-AAB :: poll-op-create-AUTHZ-AB-CR-B-AAB	NO-ASSERTIONS
iam	authz-deny	AUTHZ-AB-CR-B-AAB :: post	GREEN
iam	authz-deny	AUTHZ-AB-CR-B-ANON :: post	GREEN
iam	authz-deny	AUTHZ-AB-CR-B-INV :: poll-op-create-AUTHZ-AB-CR-B-INV	NO-ASSERTIONS
iam	authz-deny	AUTHZ-AB-CR-B-INV :: post	GREEN
iam	authz-deny	AUTHZ-AB-CR-B-NOB :: post	GREEN
iam	authz-deny	AUTHZ-AB-CR-B-PA1 :: post	GREEN
iam	authz-deny	AUTHZ-AB-DL-A-AAA :: delete	GREEN
iam	authz-deny	AUTHZ-AB-DL-A-AAB :: delete	GREEN
iam	authz-deny	AUTHZ-AB-DL-A-ANON :: delete	GREEN
iam	authz-deny	AUTHZ-AB-DL-A-INV :: delete	GREEN
iam	authz-deny	AUTHZ-AB-DL-A-NOB :: delete	GREEN
iam	authz-deny	AUTHZ-AB-DL-A-PA1 :: delete	GREEN
iam	authz-deny	AUTHZ-AB-GT-A-AAA :: get	GREEN
iam	authz-deny	AUTHZ-AB-GT-A-AAB :: get	GREEN
iam	authz-deny	AUTHZ-AB-GT-A-ANON :: get	GREEN
iam	authz-deny	AUTHZ-AB-GT-A-INV :: get	GREEN
iam	authz-deny	AUTHZ-AB-GT-A-NOB :: get	GREEN
iam	authz-deny	AUTHZ-AB-GT-A-PA1 :: get	GREEN
iam	authz-deny	AUTHZ-ACCT-DL-OWN-AAA :: delete	GREEN
iam	authz-deny	AUTHZ-ACCT-DL-OWN-AAB :: delete	GREEN
iam	authz-deny	AUTHZ-ACCT-DL-OWN-ANON :: delete	GREEN
iam	authz-deny	AUTHZ-ACCT-DL-OWN-INV :: delete	GREEN
iam	authz-deny	AUTHZ-ACCT-DL-OWN-NOB :: delete	GREEN
iam	authz-deny	AUTHZ-ACCT-DL-OWN-PA1 :: delete	GREEN
iam	authz-deny	AUTHZ-ACCT-GT-CROSS-AAA :: get	GREEN
iam	authz-deny	AUTHZ-ACCT-GT-CROSS-AAB :: get	GREEN
iam	authz-deny	AUTHZ-ACCT-GT-CROSS-ANON :: get	GREEN
iam	authz-deny	AUTHZ-ACCT-GT-CROSS-INV :: get	GREEN
iam	authz-deny	AUTHZ-ACCT-GT-CROSS-NOB :: get	GREEN
iam	authz-deny	AUTHZ-ACCT-GT-CROSS-PA1 :: get	GREEN
iam	authz-deny	AUTHZ-ACCT-GT-OWN-AAA :: get	GREEN
iam	authz-deny	AUTHZ-ACCT-GT-OWN-AAB :: get	GREEN
iam	authz-deny	AUTHZ-ACCT-GT-OWN-ANON :: get	GREEN
iam	authz-deny	AUTHZ-ACCT-GT-OWN-INV :: get	GREEN
iam	authz-deny	AUTHZ-ACCT-GT-OWN-NOB :: get	GREEN
iam	authz-deny	AUTHZ-ACCT-GT-OWN-PA1 :: get	GREEN
iam	authz-deny	AUTHZ-ACCT-LS-AAA :: get	GREEN
iam	authz-deny	AUTHZ-ACCT-LS-AAB :: get	GREEN
iam	authz-deny	AUTHZ-ACCT-LS-ANON :: get	GREEN
iam	authz-deny	AUTHZ-ACCT-LS-INV :: get	GREEN
iam	authz-deny	AUTHZ-ACCT-LS-NOB :: get	GREEN
iam	authz-deny	AUTHZ-ACCT-LS-PA1 :: get	GREEN
iam	authz-deny	AUTHZ-ACCT-UP-CROSS-AAA :: patch	GREEN
iam	authz-deny	AUTHZ-ACCT-UP-CROSS-AAB :: patch	GREEN
iam	authz-deny	AUTHZ-ACCT-UP-CROSS-ANON :: patch	GREEN
iam	authz-deny	AUTHZ-ACCT-UP-CROSS-INV :: patch	GREEN
iam	authz-deny	AUTHZ-ACCT-UP-CROSS-NOB :: patch	GREEN
iam	authz-deny	AUTHZ-ACCT-UP-CROSS-PA1 :: patch	GREEN
iam	authz-deny	AUTHZ-ACCT-UP-OWN-AAA :: patch	GREEN
iam	authz-deny	AUTHZ-ACCT-UP-OWN-AAB :: patch	GREEN
iam	authz-deny	AUTHZ-ACCT-UP-OWN-ANON :: patch	GREEN
iam	authz-deny	AUTHZ-ACCT-UP-OWN-INV :: patch	GREEN
iam	authz-deny	AUTHZ-ACCT-UP-OWN-NOB :: patch	GREEN
iam	authz-deny	AUTHZ-ACCT-UP-OWN-PA1 :: patch	GREEN
iam	authz-deny	AUTHZ-DATA-LEAK-USR-LS-AAA :: get	GREEN
iam	authz-deny	AUTHZ-DATA-LEAK-USR-LS-AAB :: get	GREEN
iam	authz-deny	AUTHZ-DATA-LEAK-USR-LS-ANON :: get	GREEN
iam	authz-deny	AUTHZ-DATA-LEAK-USR-LS-INV :: get	GREEN
iam	authz-deny	AUTHZ-DATA-LEAK-USR-LS-NOB :: get	GREEN
iam	authz-deny	AUTHZ-DATA-LEAK-USR-LS-PA1 :: get	GREEN
iam	authz-deny	AUTHZ-ESC-ACCT-HIJACK-AAA :: post	GREEN
iam	authz-deny	AUTHZ-ESC-ACCT-HIJACK-AAB :: post	GREEN
iam	authz-deny	AUTHZ-ESC-ACCT-HIJACK-ANON :: post	GREEN
iam	authz-deny	AUTHZ-ESC-ACCT-HIJACK-INV :: post	GREEN
iam	authz-deny	AUTHZ-ESC-ACCT-HIJACK-NOB :: post	GREEN
iam	authz-deny	AUTHZ-ESC-ACCT-HIJACK-PA1 :: post	GREEN
iam	authz-deny	AUTHZ-ESC-CUSTOM-ROLE-AAA :: post	GREEN
iam	authz-deny	AUTHZ-ESC-CUSTOM-ROLE-AAB :: post	GREEN
iam	authz-deny	AUTHZ-ESC-CUSTOM-ROLE-ANON :: post	GREEN
iam	authz-deny	AUTHZ-ESC-CUSTOM-ROLE-INV :: post	GREEN
iam	authz-deny	AUTHZ-ESC-CUSTOM-ROLE-NOB :: post	GREEN
iam	authz-deny	AUTHZ-ESC-CUSTOM-ROLE-PA1 :: post	GREEN
iam	authz-deny	AUTHZ-ESC-SELF-ADMIN-A-AAA :: post	GREEN
iam	authz-deny	AUTHZ-ESC-SELF-ADMIN-A-AAB :: post	GREEN
iam	authz-deny	AUTHZ-ESC-SELF-ADMIN-A-ANON :: post	GREEN
iam	authz-deny	AUTHZ-ESC-SELF-ADMIN-A-INV :: post	GREEN
iam	authz-deny	AUTHZ-ESC-SELF-ADMIN-A-NOB :: post	GREEN
iam	authz-deny	AUTHZ-ESC-SELF-ADMIN-A-PA1 :: post	GREEN
iam	authz-deny	AUTHZ-ESC-SELF-ADMIN-B-AAA :: post	GREEN
iam	authz-deny	AUTHZ-ESC-SELF-ADMIN-B-AAB :: post	GREEN
iam	authz-deny	AUTHZ-ESC-SELF-ADMIN-B-ANON :: post	GREEN
iam	authz-deny	AUTHZ-ESC-SELF-ADMIN-B-INV :: post	GREEN
iam	authz-deny	AUTHZ-ESC-SELF-ADMIN-B-NOB :: post	GREEN
iam	authz-deny	AUTHZ-ESC-SELF-ADMIN-B-PA1 :: post	GREEN
iam	authz-deny	AUTHZ-GRP-CR-A-AAA :: post	GREEN
iam	authz-deny	AUTHZ-GRP-CR-A-AAB :: post	GREEN
iam	authz-deny	AUTHZ-GRP-CR-A-ANON :: post	GREEN
iam	authz-deny	AUTHZ-GRP-CR-A-INV :: post	GREEN
iam	authz-deny	AUTHZ-GRP-CR-A-NOB :: post	GREEN
iam	authz-deny	AUTHZ-GRP-CR-A-PA1 :: post	GREEN
iam	authz-deny	AUTHZ-GRP-CR-B-AAA :: post	GREEN
iam	authz-deny	AUTHZ-GRP-CR-B-AAB :: post	GREEN
iam	authz-deny	AUTHZ-GRP-CR-B-ANON :: post	GREEN
iam	authz-deny	AUTHZ-GRP-CR-B-INV :: post	GREEN
iam	authz-deny	AUTHZ-GRP-CR-B-NOB :: post	GREEN
iam	authz-deny	AUTHZ-GRP-CR-B-PA1 :: post	GREEN
iam	authz-deny	AUTHZ-GRP-DL-A-AAA :: delete	GREEN
iam	authz-deny	AUTHZ-GRP-DL-A-AAB :: delete	GREEN
iam	authz-deny	AUTHZ-GRP-DL-A-ANON :: delete	GREEN
iam	authz-deny	AUTHZ-GRP-DL-A-INV :: delete	GREEN
iam	authz-deny	AUTHZ-GRP-DL-A-NOB :: delete	GREEN
iam	authz-deny	AUTHZ-GRP-DL-A-PA1 :: delete	GREEN
iam	authz-deny	AUTHZ-GRP-GT-A-AAA :: get	GREEN
iam	authz-deny	AUTHZ-GRP-GT-A-AAB :: get	GREEN
iam	authz-deny	AUTHZ-GRP-GT-A-ANON :: get	GREEN
iam	authz-deny	AUTHZ-GRP-GT-A-INV :: get	GREEN
iam	authz-deny	AUTHZ-GRP-GT-A-NOB :: get	GREEN
iam	authz-deny	AUTHZ-GRP-GT-A-PA1 :: get	GREEN
iam	authz-deny	AUTHZ-GRP-LS-A-AAA :: get	GREEN
iam	authz-deny	AUTHZ-GRP-LS-A-AAB :: get	GREEN
iam	authz-deny	AUTHZ-GRP-LS-A-ANON :: get	GREEN
iam	authz-deny	AUTHZ-GRP-LS-A-INV :: get	GREEN
iam	authz-deny	AUTHZ-GRP-LS-A-NOB :: get	GREEN
iam	authz-deny	AUTHZ-GRP-LS-A-PA1 :: get	GREEN
iam	authz-deny	AUTHZ-GRP-LS-B-AAA :: get	GREEN
iam	authz-deny	AUTHZ-GRP-LS-B-AAB :: get	GREEN
iam	authz-deny	AUTHZ-GRP-LS-B-ANON :: get	GREEN
iam	authz-deny	AUTHZ-GRP-LS-B-INV :: get	GREEN
iam	authz-deny	AUTHZ-GRP-LS-B-NOB :: get	GREEN
iam	authz-deny	AUTHZ-GRP-LS-B-PA1 :: get	GREEN
iam	authz-deny	AUTHZ-INV-A-AAA :: post	GREEN
iam	authz-deny	AUTHZ-INV-A-AAB :: post	GREEN
iam	authz-deny	AUTHZ-INV-A-ANON :: post	GREEN
iam	authz-deny	AUTHZ-INV-A-INV :: post	GREEN
iam	authz-deny	AUTHZ-INV-A-NOB :: post	GREEN
iam	authz-deny	AUTHZ-INV-A-PA1 :: post	GREEN
iam	authz-deny	AUTHZ-INV-B-AAA :: post	GREEN
iam	authz-deny	AUTHZ-INV-B-AAB :: post	GREEN
iam	authz-deny	AUTHZ-INV-B-ANON :: post	GREEN
iam	authz-deny	AUTHZ-INV-B-INV :: post	GREEN
iam	authz-deny	AUTHZ-INV-B-NOB :: post	GREEN
iam	authz-deny	AUTHZ-INV-B-PA1 :: post	GREEN
iam	authz-deny	AUTHZ-PRJ-CR-A-AAA :: post	GREEN
iam	authz-deny	AUTHZ-PRJ-CR-A-AAB :: post	GREEN
iam	authz-deny	AUTHZ-PRJ-CR-A-ANON :: post	GREEN
iam	authz-deny	AUTHZ-PRJ-CR-A-INV :: post	GREEN
iam	authz-deny	AUTHZ-PRJ-CR-A-NOB :: post	GREEN
iam	authz-deny	AUTHZ-PRJ-CR-A-PA1 :: post	GREEN
iam	authz-deny	AUTHZ-PRJ-CR-B-AAA :: post	GREEN
iam	authz-deny	AUTHZ-PRJ-CR-B-AAB :: post	GREEN
iam	authz-deny	AUTHZ-PRJ-CR-B-ANON :: post	GREEN
iam	authz-deny	AUTHZ-PRJ-CR-B-INV :: post	GREEN
iam	authz-deny	AUTHZ-PRJ-CR-B-NOB :: post	GREEN
iam	authz-deny	AUTHZ-PRJ-CR-B-PA1 :: post	GREEN
iam	authz-deny	AUTHZ-PRJ-DL-A-AAA :: delete	GREEN
iam	authz-deny	AUTHZ-PRJ-DL-A-AAB :: delete	GREEN
iam	authz-deny	AUTHZ-PRJ-DL-A-ANON :: delete	GREEN
iam	authz-deny	AUTHZ-PRJ-DL-A-INV :: delete	GREEN
iam	authz-deny	AUTHZ-PRJ-DL-A-NOB :: delete	GREEN
iam	authz-deny	AUTHZ-PRJ-DL-A-PA1 :: delete	GREEN
iam	authz-deny	AUTHZ-PRJ-GT-A1-AAA :: get	GREEN
iam	authz-deny	AUTHZ-PRJ-GT-A1-AAB :: get	GREEN
iam	authz-deny	AUTHZ-PRJ-GT-A1-ANON :: get	GREEN
iam	authz-deny	AUTHZ-PRJ-GT-A1-INV :: get	GREEN
iam	authz-deny	AUTHZ-PRJ-GT-A1-NOB :: get	GREEN
iam	authz-deny	AUTHZ-PRJ-GT-A1-PA1 :: get	GREEN
iam	authz-deny	AUTHZ-PRJ-GT-B1-AAA :: get	GREEN
iam	authz-deny	AUTHZ-PRJ-GT-B1-AAB :: get	GREEN
iam	authz-deny	AUTHZ-PRJ-GT-B1-ANON :: get	GREEN
iam	authz-deny	AUTHZ-PRJ-GT-B1-INV :: get	GREEN
iam	authz-deny	AUTHZ-PRJ-GT-B1-NOB :: get	GREEN
iam	authz-deny	AUTHZ-PRJ-GT-B1-PA1 :: get	GREEN
iam	authz-deny	AUTHZ-PRJ-LS-A-AAA :: get	GREEN
iam	authz-deny	AUTHZ-PRJ-LS-A-AAB :: get	GREEN
iam	authz-deny	AUTHZ-PRJ-LS-A-ANON :: get	GREEN
iam	authz-deny	AUTHZ-PRJ-LS-A-INV :: get	GREEN
iam	authz-deny	AUTHZ-PRJ-LS-A-NOB :: get	GREEN
iam	authz-deny	AUTHZ-PRJ-LS-A-PA1 :: get	GREEN
iam	authz-deny	AUTHZ-PRJ-LS-B-AAA :: get	GREEN
iam	authz-deny	AUTHZ-PRJ-LS-B-AAB :: get	GREEN
iam	authz-deny	AUTHZ-PRJ-LS-B-ANON :: get	GREEN
iam	authz-deny	AUTHZ-PRJ-LS-B-INV :: get	GREEN
iam	authz-deny	AUTHZ-PRJ-LS-B-NOB :: get	GREEN
iam	authz-deny	AUTHZ-PRJ-LS-B-PA1 :: get	GREEN
iam	authz-deny	AUTHZ-PRJ-UP-A1-AAA :: patch	GREEN
iam	authz-deny	AUTHZ-PRJ-UP-A1-AAB :: patch	GREEN
iam	authz-deny	AUTHZ-PRJ-UP-A1-ANON :: patch	GREEN
iam	authz-deny	AUTHZ-PRJ-UP-A1-INV :: patch	GREEN
iam	authz-deny	AUTHZ-PRJ-UP-A1-NOB :: patch	GREEN
iam	authz-deny	AUTHZ-PRJ-UP-A1-PA1 :: patch	GREEN
iam	authz-deny	AUTHZ-PRJ-UP-B1-AAA :: patch	GREEN
iam	authz-deny	AUTHZ-PRJ-UP-B1-AAB :: patch	GREEN
iam	authz-deny	AUTHZ-PRJ-UP-B1-ANON :: patch	GREEN
iam	authz-deny	AUTHZ-PRJ-UP-B1-INV :: patch	GREEN
iam	authz-deny	AUTHZ-PRJ-UP-B1-NOB :: patch	GREEN
iam	authz-deny	AUTHZ-PRJ-UP-B1-PA1 :: patch	GREEN
iam	authz-deny	AUTHZ-REVOKE-ENFORCED-A-INV :: inv-get-account-allow-warm-cache	NO-ASSERTIONS
iam	authz-deny	AUTHZ-REVOKE-ENFORCED-A-INV :: inv-get-account-allow-warm-cache	NO-ASSERTIONS
iam	authz-deny	AUTHZ-REVOKE-ENFORCED-A-INV :: inv-get-account-allow-warm-cache	NO-ASSERTIONS
iam	authz-deny	AUTHZ-REVOKE-ENFORCED-A-INV :: inv-get-account-allow-warm-cache	NO-ASSERTIONS
iam	authz-deny	AUTHZ-REVOKE-ENFORCED-A-INV :: inv-get-account-allow-warm-cache	NO-ASSERTIONS
iam	authz-deny	AUTHZ-REVOKE-ENFORCED-A-INV :: inv-get-account-allow-warm-cache	NO-ASSERTIONS
iam	authz-deny	AUTHZ-REVOKE-ENFORCED-A-INV :: inv-get-account-allow-warm-cache	NO-ASSERTIONS
iam	authz-deny	AUTHZ-REVOKE-ENFORCED-A-INV :: inv-get-account-allow-warm-cache	NO-ASSERTIONS
iam	authz-deny	AUTHZ-REVOKE-ENFORCED-A-INV :: inv-get-account-allow-warm-cache	NO-ASSERTIONS
iam	authz-deny	AUTHZ-REVOKE-ENFORCED-A-INV :: inv-get-account-allow-warm-cache	NO-ASSERTIONS
iam	authz-deny	AUTHZ-REVOKE-ENFORCED-A-INV :: inv-get-account-allow-warm-cache	NO-ASSERTIONS
iam	authz-deny	AUTHZ-REVOKE-ENFORCED-A-INV :: inv-get-account-allow-warm-cache	NO-ASSERTIONS
iam	authz-deny	AUTHZ-REVOKE-ENFORCED-A-INV :: inv-get-account-allow-warm-cache	NO-ASSERTIONS
iam	authz-deny	AUTHZ-REVOKE-ENFORCED-A-INV :: inv-get-account-allow-warm-cache	NO-ASSERTIONS
iam	authz-deny	AUTHZ-REVOKE-ENFORCED-A-INV :: inv-get-account-allow-warm-cache	NO-ASSERTIONS
iam	authz-deny	AUTHZ-REVOKE-ENFORCED-A-INV :: inv-get-account-allow-warm-cache	NO-ASSERTIONS
iam	authz-deny	AUTHZ-REVOKE-ENFORCED-A-INV :: inv-get-account-allow-warm-cache	NO-ASSERTIONS
iam	authz-deny	AUTHZ-REVOKE-ENFORCED-A-INV :: inv-get-account-allow-warm-cache	NO-ASSERTIONS
iam	authz-deny	AUTHZ-REVOKE-ENFORCED-A-INV :: inv-get-account-allow-warm-cache	NO-ASSERTIONS
iam	authz-deny	AUTHZ-REVOKE-ENFORCED-A-INV :: inv-get-account-allow-warm-cache	NO-ASSERTIONS
iam	authz-deny	AUTHZ-REVOKE-ENFORCED-A-INV :: inv-get-account-allow-warm-cache	NO-ASSERTIONS
iam	authz-deny	AUTHZ-REVOKE-ENFORCED-A-INV :: inv-get-account-allow-warm-cache	NO-ASSERTIONS
iam	authz-deny	AUTHZ-REVOKE-ENFORCED-A-INV :: inv-get-account-allow-warm-cache	NO-ASSERTIONS
iam	authz-deny	AUTHZ-REVOKE-ENFORCED-A-INV :: inv-get-account-allow-warm-cache	NO-ASSERTIONS
iam	authz-deny	AUTHZ-REVOKE-ENFORCED-A-INV :: inv-get-account-allow-warm-cache	NO-ASSERTIONS
iam	authz-deny	AUTHZ-REVOKE-ENFORCED-A-INV :: inv-get-account-allow-warm-cache	NO-ASSERTIONS
iam	authz-deny	AUTHZ-REVOKE-ENFORCED-A-INV :: inv-get-account-allow-warm-cache	NO-ASSERTIONS
iam	authz-deny	AUTHZ-REVOKE-ENFORCED-A-INV :: inv-get-account-allow-warm-cache	NO-ASSERTIONS
iam	authz-deny	AUTHZ-REVOKE-ENFORCED-A-INV :: inv-get-account-allow-warm-cache	NO-ASSERTIONS
iam	authz-deny	AUTHZ-REVOKE-ENFORCED-A-INV :: inv-get-account-allow-warm-cache	NO-ASSERTIONS
iam	authz-deny	AUTHZ-REVOKE-ENFORCED-A-INV :: inv-get-account-allow-warm-cache	NO-ASSERTIONS
iam	authz-deny	AUTHZ-REVOKE-ENFORCED-A-INV :: inv-get-account-allow-warm-cache	NO-ASSERTIONS
iam	authz-deny	AUTHZ-REVOKE-ENFORCED-A-INV :: inv-get-account-allow-warm-cache	NO-ASSERTIONS
iam	authz-deny	AUTHZ-REVOKE-ENFORCED-A-INV :: inv-get-account-allow-warm-cache	NO-ASSERTIONS
iam	authz-deny	AUTHZ-REVOKE-ENFORCED-A-INV :: inv-get-account-allow-warm-cache	NO-ASSERTIONS
iam	authz-deny	AUTHZ-REVOKE-ENFORCED-A-INV :: inv-get-account-allow-warm-cache	NO-ASSERTIONS
iam	authz-deny	AUTHZ-REVOKE-ENFORCED-A-INV :: inv-get-account-allow-warm-cache	NO-ASSERTIONS
iam	authz-deny	AUTHZ-REVOKE-ENFORCED-A-INV :: inv-get-account-allow-warm-cache	NO-ASSERTIONS
iam	authz-deny	AUTHZ-REVOKE-ENFORCED-A-INV :: inv-get-account-allow-warm-cache	NO-ASSERTIONS
iam	authz-deny	AUTHZ-REVOKE-ENFORCED-A-INV :: inv-get-account-allow-warm-cache	NO-ASSERTIONS
iam	authz-deny	AUTHZ-REVOKE-ENFORCED-A-INV :: inv-get-account-allow-warm-cache	NO-ASSERTIONS
iam	authz-deny	AUTHZ-REVOKE-ENFORCED-A-INV :: inv-get-account-allow-warm-cache	NO-ASSERTIONS
iam	authz-deny	AUTHZ-REVOKE-ENFORCED-A-INV :: inv-get-account-allow-warm-cache	NO-ASSERTIONS
iam	authz-deny	AUTHZ-REVOKE-ENFORCED-A-INV :: inv-get-account-allow-warm-cache	NO-ASSERTIONS
iam	authz-deny	AUTHZ-REVOKE-ENFORCED-A-INV :: inv-get-account-allow-warm-cache	NO-ASSERTIONS
iam	authz-deny	AUTHZ-REVOKE-ENFORCED-A-INV :: inv-get-account-allow-warm-cache	NO-ASSERTIONS
iam	authz-deny	AUTHZ-REVOKE-ENFORCED-A-INV :: inv-get-account-allow-warm-cache	NO-ASSERTIONS
iam	authz-deny	AUTHZ-REVOKE-ENFORCED-A-INV :: inv-get-account-allow-warm-cache	NO-ASSERTIONS
iam	authz-deny	AUTHZ-REVOKE-ENFORCED-A-INV :: inv-get-account-allow-warm-cache	NO-ASSERTIONS
iam	authz-deny	AUTHZ-REVOKE-ENFORCED-A-INV :: inv-get-account-allow-warm-cache	NO-ASSERTIONS
iam	authz-deny	AUTHZ-REVOKE-ENFORCED-A-INV :: inv-get-account-allow-warm-cache	RED
iam	authz-deny	AUTHZ-REVOKE-ENFORCED-A-INV :: inv-get-account-denied-post-revoke	GREEN
iam	authz-deny	AUTHZ-REVOKE-ENFORCED-A-INV :: poll-grant-op	GREEN
iam	authz-deny	AUTHZ-REVOKE-ENFORCED-A-INV :: poll-revoke-op	GREEN
iam	authz-deny	AUTHZ-REVOKE-ENFORCED-A-INV :: poll-revoke-op	GREEN
iam	authz-deny	AUTHZ-REVOKE-ENFORCED-A-INV :: poll-revoke-op	GREEN
iam	authz-deny	AUTHZ-REVOKE-ENFORCED-A-INV :: poll-revoke-op	GREEN
iam	authz-deny	AUTHZ-REVOKE-ENFORCED-A-INV :: poll-revoke-op	GREEN
iam	authz-deny	AUTHZ-REVOKE-ENFORCED-A-INV :: poll-revoke-op	GREEN
iam	authz-deny	AUTHZ-REVOKE-ENFORCED-A-INV :: revoke-binding	GREEN
iam	authz-deny	AUTHZ-REVOKE-ENFORCED-A-INV :: setup-grant-admin-to-inv	GREEN
iam	authz-deny	AUTHZ-ROLE-CR-AAA :: post	GREEN
iam	authz-deny	AUTHZ-ROLE-CR-AAB :: post	GREEN
iam	authz-deny	AUTHZ-ROLE-CR-ANON :: post	GREEN
iam	authz-deny	AUTHZ-ROLE-CR-INV :: post	GREEN
iam	authz-deny	AUTHZ-ROLE-CR-NOB :: post	GREEN
iam	authz-deny	AUTHZ-ROLE-CR-PA1 :: post	GREEN
iam	authz-deny	AUTHZ-ROLE-DL-AAA :: delete	GREEN
iam	authz-deny	AUTHZ-ROLE-DL-AAB :: delete	GREEN
iam	authz-deny	AUTHZ-ROLE-DL-ANON :: delete	GREEN
iam	authz-deny	AUTHZ-ROLE-DL-INV :: delete	GREEN
iam	authz-deny	AUTHZ-ROLE-DL-NOB :: delete	GREEN
iam	authz-deny	AUTHZ-ROLE-DL-PA1 :: delete	GREEN
iam	authz-deny	AUTHZ-ROLE-GT-AAA :: get	GREEN
iam	authz-deny	AUTHZ-ROLE-GT-AAB :: get	GREEN
iam	authz-deny	AUTHZ-ROLE-GT-ANON :: get	GREEN
iam	authz-deny	AUTHZ-ROLE-GT-INV :: get	GREEN
iam	authz-deny	AUTHZ-ROLE-GT-NOB :: get	GREEN
iam	authz-deny	AUTHZ-ROLE-GT-PA1 :: get	GREEN
iam	authz-deny	AUTHZ-ROLE-LS-AAA :: get	GREEN
iam	authz-deny	AUTHZ-ROLE-LS-AAB :: get	GREEN
iam	authz-deny	AUTHZ-ROLE-LS-ANON :: get	GREEN
iam	authz-deny	AUTHZ-ROLE-LS-INV :: get	GREEN
iam	authz-deny	AUTHZ-ROLE-LS-NOB :: get	GREEN
iam	authz-deny	AUTHZ-ROLE-LS-PA1 :: get	GREEN
iam	authz-deny	AUTHZ-ROLE-UP-AAA :: patch	GREEN
iam	authz-deny	AUTHZ-ROLE-UP-AAB :: patch	GREEN
iam	authz-deny	AUTHZ-ROLE-UP-ANON :: patch	GREEN
iam	authz-deny	AUTHZ-ROLE-UP-INV :: patch	GREEN
iam	authz-deny	AUTHZ-ROLE-UP-NOB :: patch	GREEN
iam	authz-deny	AUTHZ-ROLE-UP-PA1 :: patch	GREEN
iam	authz-deny	AUTHZ-SA-CR-A-AAA :: post	GREEN
iam	authz-deny	AUTHZ-SA-CR-A-AAB :: post	GREEN
iam	authz-deny	AUTHZ-SA-CR-A-ANON :: post	GREEN
iam	authz-deny	AUTHZ-SA-CR-A-INV :: post	GREEN
iam	authz-deny	AUTHZ-SA-CR-A-NOB :: post	GREEN
iam	authz-deny	AUTHZ-SA-CR-A-PA1 :: post	GREEN
iam	authz-deny	AUTHZ-SA-CR-B-AAA :: post	GREEN
iam	authz-deny	AUTHZ-SA-CR-B-AAB :: post	GREEN
iam	authz-deny	AUTHZ-SA-CR-B-ANON :: post	GREEN
iam	authz-deny	AUTHZ-SA-CR-B-INV :: post	GREEN
iam	authz-deny	AUTHZ-SA-CR-B-NOB :: post	GREEN
iam	authz-deny	AUTHZ-SA-CR-B-PA1 :: post	GREEN
iam	authz-deny	AUTHZ-SA-DL-A-AAA :: delete	GREEN
iam	authz-deny	AUTHZ-SA-DL-A-AAB :: delete	GREEN
iam	authz-deny	AUTHZ-SA-DL-A-ANON :: delete	GREEN
iam	authz-deny	AUTHZ-SA-DL-A-INV :: delete	GREEN
iam	authz-deny	AUTHZ-SA-DL-A-NOB :: delete	GREEN
iam	authz-deny	AUTHZ-SA-DL-A-PA1 :: delete	GREEN
iam	authz-deny	AUTHZ-SA-GT-A-AAA :: get	GREEN
iam	authz-deny	AUTHZ-SA-GT-A-AAB :: get	GREEN
iam	authz-deny	AUTHZ-SA-GT-A-ANON :: get	GREEN
iam	authz-deny	AUTHZ-SA-GT-A-INV :: get	GREEN
iam	authz-deny	AUTHZ-SA-GT-A-NOB :: get	GREEN
iam	authz-deny	AUTHZ-SA-GT-A-PA1 :: get	GREEN
iam	authz-deny	AUTHZ-SA-LS-A-AAA :: get	GREEN
iam	authz-deny	AUTHZ-SA-LS-A-AAB :: get	GREEN
iam	authz-deny	AUTHZ-SA-LS-A-ANON :: get	GREEN
iam	authz-deny	AUTHZ-SA-LS-A-INV :: get	GREEN
iam	authz-deny	AUTHZ-SA-LS-A-NOB :: get	GREEN
iam	authz-deny	AUTHZ-SA-LS-A-PA1 :: get	GREEN
iam	authz-deny	AUTHZ-SA-LS-B-AAA :: get	GREEN
iam	authz-deny	AUTHZ-SA-LS-B-AAB :: get	GREEN
iam	authz-deny	AUTHZ-SA-LS-B-ANON :: get	GREEN
iam	authz-deny	AUTHZ-SA-LS-B-INV :: get	GREEN
iam	authz-deny	AUTHZ-SA-LS-B-NOB :: get	GREEN
iam	authz-deny	AUTHZ-SA-LS-B-PA1 :: get	GREEN
iam	authz-deny	AUTHZ-ULG04-NONMEMBER-PRJGRP-LIST-EMPTY :: grp-list-nonmember-empty	GREEN
iam	authz-deny	AUTHZ-ULG04-NONMEMBER-PRJGRP-LIST-EMPTY :: prj-list-nonmember-empty	GREEN
iam	authz-deny	AUTHZ-USR-DL-A-AAA :: delete	GREEN
iam	authz-deny	AUTHZ-USR-DL-A-AAB :: delete	GREEN
iam	authz-deny	AUTHZ-USR-DL-A-ANON :: delete	GREEN
iam	authz-deny	AUTHZ-USR-DL-A-INV :: delete	GREEN
iam	authz-deny	AUTHZ-USR-DL-A-NOB :: delete	GREEN
iam	authz-deny	AUTHZ-USR-DL-A-PA1 :: delete	GREEN
iam	authz-deny	AUTHZ-USR-GT-A-AAA :: get	GREEN
iam	authz-deny	AUTHZ-USR-GT-A-AAB :: get	GREEN
iam	authz-deny	AUTHZ-USR-GT-A-ANON :: get	GREEN
iam	authz-deny	AUTHZ-USR-GT-A-INV :: get	GREEN
iam	authz-deny	AUTHZ-USR-GT-A-NOB :: get	GREEN
iam	authz-deny	AUTHZ-USR-GT-A-PA1 :: get	GREEN
iam	authz-deny	AUTHZ-USR-GT-B-AAA :: get	GREEN
iam	authz-deny	AUTHZ-USR-GT-B-AAB :: get	GREEN
iam	authz-deny	AUTHZ-USR-GT-B-ANON :: get	GREEN
iam	authz-deny	AUTHZ-USR-GT-B-INV :: get	GREEN
iam	authz-deny	AUTHZ-USR-GT-B-NOB :: get	GREEN
iam	authz-deny	AUTHZ-USR-GT-B-PA1 :: get	GREEN
iam	authz-deny	AUTHZ-USR-LS-A-AAA :: get	GREEN
iam	authz-deny	AUTHZ-USR-LS-A-AAB :: get	GREEN
iam	authz-deny	AUTHZ-USR-LS-A-ANON :: get	GREEN
iam	authz-deny	AUTHZ-USR-LS-A-INV :: get	GREEN
iam	authz-deny	AUTHZ-USR-LS-A-NOB :: get	GREEN
iam	authz-deny	AUTHZ-USR-LS-A-PA1 :: get	GREEN
iam	authz-deny	AUTHZ-USR-LS-B-AAA :: get	GREEN
iam	authz-deny	AUTHZ-USR-LS-B-AAB :: get	GREEN
iam	authz-deny	AUTHZ-USR-LS-B-ANON :: get	GREEN
iam	authz-deny	AUTHZ-USR-LS-B-INV :: get	GREEN
iam	authz-deny	AUTHZ-USR-LS-B-NOB :: get	GREEN
iam	authz-deny	AUTHZ-USR-LS-B-PA1 :: get	GREEN
iam	authz-failclosed	AUTHZ-FAILCLOSED-OPENFGA-DOWN :: any-authz-gated-rpc-during-openfga-outage	GREEN
iam	authz-sa-apitoken	AUTHZ-APITOK-ACCT-GT-A :: get	GREEN
iam	authz-sa-apitoken	AUTHZ-APITOK-ESC-SELF-ADMIN :: post	GREEN
iam	authz-sa-apitoken	AUTHZ-APITOK-EXPIRED-GT-A1 :: get	RED
iam	authz-sa-apitoken	AUTHZ-APITOK-MALFORMED-CR :: post	GREEN
iam	authz-sa-apitoken	AUTHZ-APITOK-MALFORMED-GT-A1 :: get	GREEN
iam	authz-sa-apitoken	AUTHZ-APITOK-NET-GT-A1 :: get	GREEN
iam	authz-sa-apitoken	AUTHZ-APITOK-NET-GT-B1 :: get	GREEN
iam	authz-sa-apitoken	AUTHZ-APITOK-NET-LS-A1 :: get	GREEN
iam	authz-sa-apitoken	AUTHZ-APITOK-NET-LS-B1-DENY :: get	GREEN
iam	authz-sa-apitoken	AUTHZ-APITOK-REVOKED-CR :: post	GREEN
iam	authz-sa-apitoken	AUTHZ-APITOK-REVOKED-GT-A1 :: get	GREEN
iam	authz-sa-apitoken	AUTHZ-APITOK-REVOKED-LS-A1 :: get	GREEN
iam	authz-sa-apitoken	AUTHZ-SA-ACCT-GT-A :: get	GREEN
iam	authz-sa-apitoken	AUTHZ-SA-ACCT-UP-A :: patch	GREEN
iam	authz-sa-apitoken	AUTHZ-SA-ESC-CUSTOM-ROLE :: post	GREEN
iam	authz-sa-apitoken	AUTHZ-SA-ESC-ISSUE-KEY :: post	GREEN
iam	authz-sa-apitoken	AUTHZ-SA-ESC-SELF-ADMIN :: post	GREEN
iam	authz-sa-apitoken	AUTHZ-SA-ESC-SELF-MODIFY :: patch	GREEN
iam	authz-sa-apitoken	AUTHZ-SA-ESC-SELF-VPC-B1 :: post	GREEN
iam	authz-sa-apitoken	AUTHZ-SA-NET-CR-A1 :: post	GREEN
iam	authz-sa-apitoken	AUTHZ-SA-NET-CR-B1 :: post	GREEN
iam	authz-sa-apitoken	AUTHZ-SA-NET-GT-A1 :: get	GREEN
iam	authz-sa-apitoken	AUTHZ-SA-NET-GT-B1 :: get	GREEN
iam	authz-sa-apitoken	AUTHZ-SA-NET-LS-A1 :: get	GREEN
iam	authz-sa-apitoken	AUTHZ-SA-NET-LS-A2-DENY :: get	GREEN
iam	authz-sa-apitoken	AUTHZ-SA-NET-LS-B1-DENY :: get	GREEN
iam	authz-sa-apitoken	AUTHZ-SANG-NET-CR-A1 :: post	GREEN
iam	authz-sa-apitoken	AUTHZ-SANG-NET-GT-A1 :: get	GREEN
iam	authz-sa-apitoken	AUTHZ-SANG-NET-LS-A1-DENY :: get	GREEN
iam	authz-sa-apitoken	AUTHZ-SANG-SA-LS-A-EMPTY :: get	GREEN
iam	geo-read	GEO-REG-GT-AUTHZ-ANON-DENY :: list-regions-anon	GREEN
iam	geo-read	GEO-REG-GT-CONF-OK :: list-regions-auth	GREEN
iam	geo-read	GEO-ZON-GT-AUTHZ-ANON-DENY :: list-zones-anon	GREEN
iam	geo-read	GEO-ZON-GT-CONF-OK :: list-zones-auth	GREEN
iam	iam-access-binding-redesign	IAM-ACB-RD-CR-NO-TARGET-NEG :: assert-op-success	GREEN
iam	iam-access-binding-redesign	IAM-ACB-RD-CR-NO-TARGET-NEG :: cleanup-role	NO-ASSERTIONS
iam	iam-access-binding-redesign	IAM-ACB-RD-CR-NO-TARGET-NEG :: cr-no-target	GREEN
iam	iam-access-binding-redesign	IAM-ACB-RD-CR-NO-TARGET-NEG :: poll-op #2	GREEN
iam	iam-access-binding-redesign	IAM-ACB-RD-CR-NO-TARGET-NEG :: poll-op	GREEN
iam	iam-access-binding-redesign	IAM-ACB-RD-CR-NO-TARGET-NEG :: poll-op	GREEN
iam	iam-access-binding-redesign	IAM-ACB-RD-CR-NO-TARGET-NEG :: seed-role-nt	GREEN
iam	iam-access-binding-redesign	IAM-ACB-RD-CR-ROLECOVERSTYPE-NEG :: assert-op-success	GREEN
iam	iam-access-binding-redesign	IAM-ACB-RD-CR-ROLECOVERSTYPE-NEG :: cleanup-role	NO-ASSERTIONS
iam	iam-access-binding-redesign	IAM-ACB-RD-CR-ROLECOVERSTYPE-NEG :: cr-rolecoverstype	GREEN
iam	iam-access-binding-redesign	IAM-ACB-RD-CR-ROLECOVERSTYPE-NEG :: poll-op #2	GREEN
iam	iam-access-binding-redesign	IAM-ACB-RD-CR-ROLECOVERSTYPE-NEG :: poll-op	GREEN
iam	iam-access-binding-redesign	IAM-ACB-RD-CR-ROLECOVERSTYPE-NEG :: poll-op	GREEN
iam	iam-access-binding-redesign	IAM-ACB-RD-CR-ROLECOVERSTYPE-NEG :: seed-role-rc	GREEN
iam	iam-access-binding-redesign	IAM-ACB-RD-CR-ROLE-NOTASSIGNABLE-NEG :: assert-op-success	GREEN
iam	iam-access-binding-redesign	IAM-ACB-RD-CR-ROLE-NOTASSIGNABLE-NEG :: cleanup-role	NO-ASSERTIONS
iam	iam-access-binding-redesign	IAM-ACB-RD-CR-ROLE-NOTASSIGNABLE-NEG :: cr-notassignable	GREEN
iam	iam-access-binding-redesign	IAM-ACB-RD-CR-ROLE-NOTASSIGNABLE-NEG :: poll-op #2	GREEN
iam	iam-access-binding-redesign	IAM-ACB-RD-CR-ROLE-NOTASSIGNABLE-NEG :: poll-op	GREEN
iam	iam-access-binding-redesign	IAM-ACB-RD-CR-ROLE-NOTASSIGNABLE-NEG :: poll-op	GREEN
iam	iam-access-binding-redesign	IAM-ACB-RD-CR-ROLE-NOTASSIGNABLE-NEG :: seed-role-na	GREEN
iam	iam-access-binding-redesign	IAM-ACB-RD-CR-SCOPE-ALLINSCOPE-OK :: assert-op-success #2	GREEN
iam	iam-access-binding-redesign	IAM-ACB-RD-CR-SCOPE-ALLINSCOPE-OK :: assert-op-success	GREEN
iam	iam-access-binding-redesign	IAM-ACB-RD-CR-SCOPE-ALLINSCOPE-OK :: cleanup-binding	NO-ASSERTIONS
iam	iam-access-binding-redesign	IAM-ACB-RD-CR-SCOPE-ALLINSCOPE-OK :: cleanup-role	NO-ASSERTIONS
iam	iam-access-binding-redesign	IAM-ACB-RD-CR-SCOPE-ALLINSCOPE-OK :: cr-allinscope	GREEN
iam	iam-access-binding-redesign	IAM-ACB-RD-CR-SCOPE-ALLINSCOPE-OK :: get-allinscope-rya1	GREEN
iam	iam-access-binding-redesign	IAM-ACB-RD-CR-SCOPE-ALLINSCOPE-OK :: poll-op #2	GREEN
iam	iam-access-binding-redesign	IAM-ACB-RD-CR-SCOPE-ALLINSCOPE-OK :: poll-op #3	GREEN
iam	iam-access-binding-redesign	IAM-ACB-RD-CR-SCOPE-ALLINSCOPE-OK :: poll-op #4	GREEN
iam	iam-access-binding-redesign	IAM-ACB-RD-CR-SCOPE-ALLINSCOPE-OK :: poll-op	GREEN
iam	iam-access-binding-redesign	IAM-ACB-RD-CR-SCOPE-ALLINSCOPE-OK :: poll-op	GREEN
iam	iam-access-binding-redesign	IAM-ACB-RD-CR-SCOPE-ALLINSCOPE-OK :: seed-role-as	GREEN
iam	iam-access-binding-redesign	IAM-ACB-RD-CR-SCOPEID-MALFORMED-NEG :: assert-op-success	GREEN
iam	iam-access-binding-redesign	IAM-ACB-RD-CR-SCOPEID-MALFORMED-NEG :: cleanup-role	NO-ASSERTIONS
iam	iam-access-binding-redesign	IAM-ACB-RD-CR-SCOPEID-MALFORMED-NEG :: cr-scopeid-malformed	GREEN
iam	iam-access-binding-redesign	IAM-ACB-RD-CR-SCOPEID-MALFORMED-NEG :: cr-scopeid-missing-anchor	GREEN
iam	iam-access-binding-redesign	IAM-ACB-RD-CR-SCOPEID-MALFORMED-NEG :: poll-op #2	GREEN
iam	iam-access-binding-redesign	IAM-ACB-RD-CR-SCOPEID-MALFORMED-NEG :: poll-op	GREEN
iam	iam-access-binding-redesign	IAM-ACB-RD-CR-SCOPEID-MALFORMED-NEG :: poll-op	GREEN
iam	iam-access-binding-redesign	IAM-ACB-RD-CR-SCOPEID-MALFORMED-NEG :: seed-role-mf	GREEN
iam	iam-access-binding-redesign	IAM-ACB-RD-CR-SCOPETYPE-REQUIRED-NEG :: assert-op-success	GREEN
iam	iam-access-binding-redesign	IAM-ACB-RD-CR-SCOPETYPE-REQUIRED-NEG :: cleanup-role	NO-ASSERTIONS
iam	iam-access-binding-redesign	IAM-ACB-RD-CR-SCOPETYPE-REQUIRED-NEG :: cr-scopetype-bare	GREEN
iam	iam-access-binding-redesign	IAM-ACB-RD-CR-SCOPETYPE-REQUIRED-NEG :: cr-scopetype-missing	GREEN
iam	iam-access-binding-redesign	IAM-ACB-RD-CR-SCOPETYPE-REQUIRED-NEG :: poll-op #2	GREEN
iam	iam-access-binding-redesign	IAM-ACB-RD-CR-SCOPETYPE-REQUIRED-NEG :: poll-op	GREEN
iam	iam-access-binding-redesign	IAM-ACB-RD-CR-SCOPETYPE-REQUIRED-NEG :: poll-op	GREEN
iam	iam-access-binding-redesign	IAM-ACB-RD-CR-SCOPETYPE-REQUIRED-NEG :: seed-role-st	GREEN
iam	iam-access-binding-redesign	IAM-ACB-RD-CR-TARGET-RESOURCES-OK :: assert-op-success #2	GREEN
iam	iam-access-binding-redesign	IAM-ACB-RD-CR-TARGET-RESOURCES-OK :: assert-op-success	GREEN
iam	iam-access-binding-redesign	IAM-ACB-RD-CR-TARGET-RESOURCES-OK :: cleanup-binding	NO-ASSERTIONS
iam	iam-access-binding-redesign	IAM-ACB-RD-CR-TARGET-RESOURCES-OK :: cleanup-role	NO-ASSERTIONS
iam	iam-access-binding-redesign	IAM-ACB-RD-CR-TARGET-RESOURCES-OK :: cr-perobj	GREEN
iam	iam-access-binding-redesign	IAM-ACB-RD-CR-TARGET-RESOURCES-OK :: get-perobj-rya2	GREEN
iam	iam-access-binding-redesign	IAM-ACB-RD-CR-TARGET-RESOURCES-OK :: poll-op #2	GREEN
iam	iam-access-binding-redesign	IAM-ACB-RD-CR-TARGET-RESOURCES-OK :: poll-op #3	GREEN
iam	iam-access-binding-redesign	IAM-ACB-RD-CR-TARGET-RESOURCES-OK :: poll-op #4	GREEN
iam	iam-access-binding-redesign	IAM-ACB-RD-CR-TARGET-RESOURCES-OK :: poll-op	GREEN
iam	iam-access-binding-redesign	IAM-ACB-RD-CR-TARGET-RESOURCES-OK :: poll-op	GREEN
iam	iam-access-binding-redesign	IAM-ACB-RD-CR-TARGET-RESOURCES-OK :: seed-role-po	GREEN
iam	iam-access-binding-redesign	IAM-ACB-RD-CR-TARGET-UNKNOWN-TYPE-NEG :: cr-unknown-type	GREEN
iam	iam-access-binding-redesign	IAM-ACB-RD-DL-HARD-OK :: assert-op-success #2	GREEN
iam	iam-access-binding-redesign	IAM-ACB-RD-DL-HARD-OK :: assert-op-success	GREEN
iam	iam-access-binding-redesign	IAM-ACB-RD-DL-HARD-OK :: cleanup-role	NO-ASSERTIONS
iam	iam-access-binding-redesign	IAM-ACB-RD-DL-HARD-OK :: cr-for-delete	GREEN
iam	iam-access-binding-redesign	IAM-ACB-RD-DL-HARD-OK :: delete-hard-rya4	GREEN
iam	iam-access-binding-redesign	IAM-ACB-RD-DL-HARD-OK :: get-after-delete	GREEN
iam	iam-access-binding-redesign	IAM-ACB-RD-DL-HARD-OK :: poll-op #2	GREEN
iam	iam-access-binding-redesign	IAM-ACB-RD-DL-HARD-OK :: poll-op #3	GREEN
iam	iam-access-binding-redesign	IAM-ACB-RD-DL-HARD-OK :: poll-op #4	GREEN
iam	iam-access-binding-redesign	IAM-ACB-RD-DL-HARD-OK :: poll-op	GREEN
iam	iam-access-binding-redesign	IAM-ACB-RD-DL-HARD-OK :: poll-op	GREEN
iam	iam-access-binding-redesign	IAM-ACB-RD-DL-HARD-OK :: seed-role-dh	GREEN
iam	iam-access-binding-redesign	IAM-ACB-RD-LS-FILTER-UNKNOWN-KEY-NEG :: ls-filter-unknown-key	GREEN
iam	iam-access-binding-redesign	IAM-ACB-RD-LS-FILTER-WHITELIST-OK :: assert-op-success #2	GREEN
iam	iam-access-binding-redesign	IAM-ACB-RD-LS-FILTER-WHITELIST-OK :: assert-op-success	GREEN
iam	iam-access-binding-redesign	IAM-ACB-RD-LS-FILTER-WHITELIST-OK :: cleanup-binding	NO-ASSERTIONS
iam	iam-access-binding-redesign	IAM-ACB-RD-LS-FILTER-WHITELIST-OK :: cleanup-role	NO-ASSERTIONS
iam	iam-access-binding-redesign	IAM-ACB-RD-LS-FILTER-WHITELIST-OK :: cr-for-list	GREEN
iam	iam-access-binding-redesign	IAM-ACB-RD-LS-FILTER-WHITELIST-OK :: ls-filter-scope-dotted	GREEN
iam	iam-access-binding-redesign	IAM-ACB-RD-LS-FILTER-WHITELIST-OK :: ls-filter-scopeid	GREEN
iam	iam-access-binding-redesign	IAM-ACB-RD-LS-FILTER-WHITELIST-OK :: poll-op #2	GREEN
iam	iam-access-binding-redesign	IAM-ACB-RD-LS-FILTER-WHITELIST-OK :: poll-op #3	GREEN
iam	iam-access-binding-redesign	IAM-ACB-RD-LS-FILTER-WHITELIST-OK :: poll-op #4	GREEN
iam	iam-access-binding-redesign	IAM-ACB-RD-LS-FILTER-WHITELIST-OK :: poll-op	GREEN
iam	iam-access-binding-redesign	IAM-ACB-RD-LS-FILTER-WHITELIST-OK :: poll-op	GREEN
iam	iam-access-binding-redesign	IAM-ACB-RD-LS-FILTER-WHITELIST-OK :: seed-role-lf	GREEN
iam	iam-access-binding-redesign	IAM-ACB-RD-LS-PAGESIZE-OVER-NEG :: ls-pagesize-over	GREEN
iam	iam-access-binding-redesign	IAM-ACB-RD-LS-PAGETOKEN-GARBAGE-NEG :: ls-garbage-token	GREEN
iam	iam-access-binding-redesign	IAM-ACB-RD-REGRANT-AFTER-REVOKE-OK :: assert-op-error	GREEN
iam	iam-access-binding-redesign	IAM-ACB-RD-REGRANT-AFTER-REVOKE-OK :: assert-op-success #2	GREEN
iam	iam-access-binding-redesign	IAM-ACB-RD-REGRANT-AFTER-REVOKE-OK :: assert-op-success #3	GREEN
iam	iam-access-binding-redesign	IAM-ACB-RD-REGRANT-AFTER-REVOKE-OK :: assert-op-success #4	GREEN
iam	iam-access-binding-redesign	IAM-ACB-RD-REGRANT-AFTER-REVOKE-OK :: assert-op-success	GREEN
iam	iam-access-binding-redesign	IAM-ACB-RD-REGRANT-AFTER-REVOKE-OK :: cleanup-binding	NO-ASSERTIONS
iam	iam-access-binding-redesign	IAM-ACB-RD-REGRANT-AFTER-REVOKE-OK :: cleanup-role	NO-ASSERTIONS
iam	iam-access-binding-redesign	IAM-ACB-RD-REGRANT-AFTER-REVOKE-OK :: poll-op #2	GREEN
iam	iam-access-binding-redesign	IAM-ACB-RD-REGRANT-AFTER-REVOKE-OK :: poll-op #3	GREEN
iam	iam-access-binding-redesign	IAM-ACB-RD-REGRANT-AFTER-REVOKE-OK :: poll-op #4	GREEN
iam	iam-access-binding-redesign	IAM-ACB-RD-REGRANT-AFTER-REVOKE-OK :: poll-op #5	GREEN
iam	iam-access-binding-redesign	IAM-ACB-RD-REGRANT-AFTER-REVOKE-OK :: poll-op #6	GREEN
iam	iam-access-binding-redesign	IAM-ACB-RD-REGRANT-AFTER-REVOKE-OK :: poll-op	GREEN
iam	iam-access-binding-redesign	IAM-ACB-RD-REGRANT-AFTER-REVOKE-OK :: poll-op	GREEN
iam	iam-access-binding-redesign	IAM-ACB-RD-REGRANT-AFTER-REVOKE-OK :: rg-assert-new-id	GREEN
iam	iam-access-binding-redesign	IAM-ACB-RD-REGRANT-AFTER-REVOKE-OK :: rg-cr1	GREEN
iam	iam-access-binding-redesign	IAM-ACB-RD-REGRANT-AFTER-REVOKE-OK :: rg-cr2	GREEN
iam	iam-access-binding-redesign	IAM-ACB-RD-REGRANT-AFTER-REVOKE-OK :: rg-cr-dup-active	GREEN
iam	iam-access-binding-redesign	IAM-ACB-RD-REGRANT-AFTER-REVOKE-OK :: rg-revoke-rya7	GREEN
iam	iam-access-binding-redesign	IAM-ACB-RD-REGRANT-AFTER-REVOKE-OK :: seed-role-rg	GREEN
iam	iam-access-binding-redesign	IAM-ACB-RD-REVOKE-SOFT-OK :: assert-op-success #2	GREEN
iam	iam-access-binding-redesign	IAM-ACB-RD-REVOKE-SOFT-OK :: assert-op-success #3	GREEN
iam	iam-access-binding-redesign	IAM-ACB-RD-REVOKE-SOFT-OK :: assert-op-success	GREEN
iam	iam-access-binding-redesign	IAM-ACB-RD-REVOKE-SOFT-OK :: cleanup-binding	NO-ASSERTIONS
iam	iam-access-binding-redesign	IAM-ACB-RD-REVOKE-SOFT-OK :: cleanup-role	NO-ASSERTIONS
iam	iam-access-binding-redesign	IAM-ACB-RD-REVOKE-SOFT-OK :: cr-for-revoke	GREEN
iam	iam-access-binding-redesign	IAM-ACB-RD-REVOKE-SOFT-OK :: get-revoked-row-rya6	GREEN
iam	iam-access-binding-redesign	IAM-ACB-RD-REVOKE-SOFT-OK :: poll-op #2	GREEN
iam	iam-access-binding-redesign	IAM-ACB-RD-REVOKE-SOFT-OK :: poll-op #3	GREEN
iam	iam-access-binding-redesign	IAM-ACB-RD-REVOKE-SOFT-OK :: poll-op #4	GREEN
iam	iam-access-binding-redesign	IAM-ACB-RD-REVOKE-SOFT-OK :: poll-op #5	GREEN
iam	iam-access-binding-redesign	IAM-ACB-RD-REVOKE-SOFT-OK :: poll-op	GREEN
iam	iam-access-binding-redesign	IAM-ACB-RD-REVOKE-SOFT-OK :: poll-op	GREEN
iam	iam-access-binding-redesign	IAM-ACB-RD-REVOKE-SOFT-OK :: revoke-soft-rya5	GREEN
iam	iam-access-binding-redesign	IAM-ACB-RD-REVOKE-SOFT-OK :: seed-role-rv	GREEN
iam	iam-access-binding-redesign	IAM-ACB-RD-UP-SCOPE-IMMUTABLE-NEG :: assert-op-success #2	GREEN
iam	iam-access-binding-redesign	IAM-ACB-RD-UP-SCOPE-IMMUTABLE-NEG :: assert-op-success	GREEN
iam	iam-access-binding-redesign	IAM-ACB-RD-UP-SCOPE-IMMUTABLE-NEG :: cleanup-binding	NO-ASSERTIONS
iam	iam-access-binding-redesign	IAM-ACB-RD-UP-SCOPE-IMMUTABLE-NEG :: cleanup-role	NO-ASSERTIONS
iam	iam-access-binding-redesign	IAM-ACB-RD-UP-SCOPE-IMMUTABLE-NEG :: cr-for-immutable	GREEN
iam	iam-access-binding-redesign	IAM-ACB-RD-UP-SCOPE-IMMUTABLE-NEG :: poll-op #2	GREEN
iam	iam-access-binding-redesign	IAM-ACB-RD-UP-SCOPE-IMMUTABLE-NEG :: poll-op #3	GREEN
iam	iam-access-binding-redesign	IAM-ACB-RD-UP-SCOPE-IMMUTABLE-NEG :: poll-op #4	GREEN
iam	iam-access-binding-redesign	IAM-ACB-RD-UP-SCOPE-IMMUTABLE-NEG :: poll-op	GREEN
iam	iam-access-binding-redesign	IAM-ACB-RD-UP-SCOPE-IMMUTABLE-NEG :: poll-op	GREEN
iam	iam-access-binding-redesign	IAM-ACB-RD-UP-SCOPE-IMMUTABLE-NEG :: seed-role-im	GREEN
iam	iam-access-binding-redesign	IAM-ACB-RD-UP-SCOPE-IMMUTABLE-NEG :: up-scopeid-immutable-rya3	GREEN
iam	iam-access-binding-redesign	IAM-ACB-RD-UP-SCOPE-IMMUTABLE-NEG :: up-subjects-immutable	GREEN
iam	iam-account	IAM-ACC-CR-AUTHZ-ANON-DENY :: create-anon	GREEN
iam	iam-account	IAM-ACC-CR-AUTHZ-OWNER-MISMATCH-DENY :: create-owner-mismatch	GREEN
iam	iam-account	IAM-ACC-CR-BVA-NAME-MAX :: cr-name-max	RED
iam	iam-account	IAM-ACC-CR-BVA-NAME-MIN :: cr-name-min	RED
iam	iam-account	IAM-ACC-CR-BVA-NAME-OVER :: cr-name-over	GREEN
iam	iam-account	IAM-ACC-CR-CRUD-OK :: create	RED
iam	iam-account	IAM-ACC-CR-NEG-NAME-DUP :: create-dup	RED
iam	iam-account	IAM-ACC-CR-NEG-NAME-INVALID :: create-invalid	GREEN
iam	iam-account	IAM-ACC-CR-NEG-OWNER-MISSING :: create-owner-in-body	GREEN
iam	iam-account	IAM-ACC-CR-SEC-INJECTION :: sec-sqli	GREEN
iam	iam-account	IAM-ACC-DL-AUTHZ-ANON-DENY :: delete-anon	GREEN
iam	iam-account	IAM-ACC-DL-AUTHZ-NONOWNER-DENY :: delete-cross	GREEN
iam	iam-account	IAM-ACC-DL-NEG-HAS-CHILDREN :: assert-op-error	GREEN
iam	iam-account	IAM-ACC-DL-NEG-HAS-CHILDREN :: assert-op-error	NO-ASSERTIONS
iam	iam-account	IAM-ACC-DL-NEG-HAS-CHILDREN :: assert-op-error	NO-ASSERTIONS
iam	iam-account	IAM-ACC-DL-NEG-HAS-CHILDREN :: assert-op-error	NO-ASSERTIONS
iam	iam-account	IAM-ACC-DL-NEG-HAS-CHILDREN :: assert-op-error	NO-ASSERTIONS
iam	iam-account	IAM-ACC-DL-NEG-HAS-CHILDREN :: delete-with-children	GREEN
iam	iam-account	IAM-ACC-DL-NEG-NOTFOUND :: delete-notfound	GREEN
iam	iam-account	IAM-ACC-GT-AUTHZ-ANON-DENY :: get-anon	GREEN
iam	iam-account	IAM-ACC-GT-AUTHZ-FOREIGN-DENY :: get-foreign	GREEN
iam	iam-account	IAM-ACC-GT-CRUD-OK :: get-ok	GREEN
iam	iam-account	IAM-ACC-GT-NEG-ID-MALFORMED :: get-malformed	GREEN
iam	iam-account	IAM-ACC-GT-NEG-NOTFOUND :: get-notfound	GREEN
iam	iam-account	IAM-ACC-LS-AUTHZ-ANON-DENY :: list-anon	GREEN
iam	iam-account	IAM-ACC-LS-AUTHZ-SCOPE-INVITED-ADMIN-SEES :: list-invitee	RED
iam	iam-account	IAM-ACC-LS-AUTHZ-SECL-CROSS-USER-ISOLATION :: list-no-cross-user-leak	RED
iam	iam-account	IAM-ACC-LS-BVA-PAGESIZE-0 :: ls-ps0	GREEN
iam	iam-account	IAM-ACC-LS-BVA-PAGESIZE-1 :: ls-ps1	GREEN
iam	iam-account	IAM-ACC-LS-BVA-PAGESIZE-MAX :: ls-ps1000	GREEN
iam	iam-account	IAM-ACC-LS-BVA-PAGESIZE-OVER :: ls-ps1001	GREEN
iam	iam-account	IAM-ACC-LS-CRUD-OK :: list-ok	RED
iam	iam-account	IAM-ACC-LS-NEG-PAGETOKEN-GARBAGE :: ls-bad-token	GREEN
iam	iam-account	IAM-ACC-LSOP-AUTHZ-ANON-DENY :: list-ops-anon	GREEN
iam	iam-account	IAM-ACC-LSOP-CRUD-OK :: create-for-lsop	RED
iam	iam-account	IAM-ACC-LSOP-NEG-NOTFOUND :: list-ops-notfound	GREEN
iam	iam-account	IAM-ACC-UP-AUTHZ-ANON-DENY :: update-anon	GREEN
iam	iam-account	IAM-ACC-UP-AUTHZ-NONADMIN-DENY :: update-nonadmin	GREEN
iam	iam-account	IAM-ACC-UP-NEG-IMMUTABLE-OWNER :: update-immutable	GREEN
iam	iam-account	IAM-ACC-UP-NEG-MASK-UNKNOWN :: update-unknown-mask	GREEN
iam	iam-account	IAM-ACC-UP-NEG-NOTFOUND :: update-notfound	GREEN
iam	iam-account-redesign	IAM-ACC-RD-CR-OWNER-DERIVE-OK :: create-no-owner	RED
iam	iam-account-redesign	IAM-ACC-RD-CR-OWNER-INBODY-ATTACKER-NEG :: create-owner-attacker	GREEN
iam	iam-account-redesign	IAM-ACC-RD-CR-OWNER-INBODY-SELF-NEG :: create-owner-self	GREEN
iam	iam-account-redesign	IAM-ACC-RD-CR-SAGA-TWO-ID-OK :: create-saga	RED
iam	iam-account-redesign	IAM-ACC-RD-CR-SAGA-TWO-ID-OK :: list-owner-binding	NO-ASSERTIONS
iam	iam-account-redesign	IAM-ACC-RD-CR-SAGA-TWO-ID-OK :: list-owner-binding	NO-ASSERTIONS
iam	iam-account-redesign	IAM-ACC-RD-CR-SAGA-TWO-ID-OK :: list-owner-binding	NO-ASSERTIONS
iam	iam-account-redesign	IAM-ACC-RD-CR-SAGA-TWO-ID-OK :: list-owner-binding	NO-ASSERTIONS
iam	iam-account-redesign	IAM-ACC-RD-CR-SAGA-TWO-ID-OK :: list-owner-binding	NO-ASSERTIONS
iam	iam-account-redesign	IAM-ACC-RD-CR-SAGA-TWO-ID-OK :: list-owner-binding	NO-ASSERTIONS
iam	iam-account-redesign	IAM-ACC-RD-CR-SAGA-TWO-ID-OK :: list-owner-binding	NO-ASSERTIONS
iam	iam-account-redesign	IAM-ACC-RD-CR-SAGA-TWO-ID-OK :: list-owner-binding	NO-ASSERTIONS
iam	iam-account-redesign	IAM-ACC-RD-CR-SAGA-TWO-ID-OK :: list-owner-binding	NO-ASSERTIONS
iam	iam-account-redesign	IAM-ACC-RD-CR-SAGA-TWO-ID-OK :: list-owner-binding	NO-ASSERTIONS
iam	iam-account-redesign	IAM-ACC-RD-CR-SAGA-TWO-ID-OK :: list-owner-binding	NO-ASSERTIONS
iam	iam-account-redesign	IAM-ACC-RD-CR-SAGA-TWO-ID-OK :: list-owner-binding	NO-ASSERTIONS
iam	iam-account-redesign	IAM-ACC-RD-CR-SAGA-TWO-ID-OK :: list-owner-binding	NO-ASSERTIONS
iam	iam-account-redesign	IAM-ACC-RD-CR-SAGA-TWO-ID-OK :: list-owner-binding	NO-ASSERTIONS
iam	iam-account-redesign	IAM-ACC-RD-CR-SAGA-TWO-ID-OK :: list-owner-binding	NO-ASSERTIONS
iam	iam-account-redesign	IAM-ACC-RD-CR-SAGA-TWO-ID-OK :: list-owner-binding	NO-ASSERTIONS
iam	iam-account-redesign	IAM-ACC-RD-CR-SAGA-TWO-ID-OK :: list-owner-binding	NO-ASSERTIONS
iam	iam-account-redesign	IAM-ACC-RD-CR-SAGA-TWO-ID-OK :: list-owner-binding	NO-ASSERTIONS
iam	iam-account-redesign	IAM-ACC-RD-CR-SAGA-TWO-ID-OK :: list-owner-binding	NO-ASSERTIONS
iam	iam-account-redesign	IAM-ACC-RD-CR-SAGA-TWO-ID-OK :: list-owner-binding	NO-ASSERTIONS
iam	iam-account-redesign	IAM-ACC-RD-CR-SAGA-TWO-ID-OK :: list-owner-binding	NO-ASSERTIONS
iam	iam-account-redesign	IAM-ACC-RD-CR-SAGA-TWO-ID-OK :: list-owner-binding	NO-ASSERTIONS
iam	iam-account-redesign	IAM-ACC-RD-CR-SAGA-TWO-ID-OK :: list-owner-binding	NO-ASSERTIONS
iam	iam-account-redesign	IAM-ACC-RD-CR-SAGA-TWO-ID-OK :: list-owner-binding	NO-ASSERTIONS
iam	iam-account-redesign	IAM-ACC-RD-CR-SAGA-TWO-ID-OK :: list-owner-binding	NO-ASSERTIONS
iam	iam-account-redesign	IAM-ACC-RD-CR-SAGA-TWO-ID-OK :: list-owner-binding	NO-ASSERTIONS
iam	iam-account-redesign	IAM-ACC-RD-CR-SAGA-TWO-ID-OK :: list-owner-binding	NO-ASSERTIONS
iam	iam-account-redesign	IAM-ACC-RD-CR-SAGA-TWO-ID-OK :: list-owner-binding	NO-ASSERTIONS
iam	iam-account-redesign	IAM-ACC-RD-CR-SAGA-TWO-ID-OK :: list-owner-binding	NO-ASSERTIONS
iam	iam-account-redesign	IAM-ACC-RD-CR-SAGA-TWO-ID-OK :: list-owner-binding	NO-ASSERTIONS
iam	iam-account-redesign	IAM-ACC-RD-CR-SAGA-TWO-ID-OK :: list-owner-binding	NO-ASSERTIONS
iam	iam-account-redesign	IAM-ACC-RD-CR-SAGA-TWO-ID-OK :: list-owner-binding	NO-ASSERTIONS
iam	iam-account-redesign	IAM-ACC-RD-CR-SAGA-TWO-ID-OK :: list-owner-binding	NO-ASSERTIONS
iam	iam-account-redesign	IAM-ACC-RD-CR-SAGA-TWO-ID-OK :: list-owner-binding	NO-ASSERTIONS
iam	iam-account-redesign	IAM-ACC-RD-CR-SAGA-TWO-ID-OK :: list-owner-binding	NO-ASSERTIONS
iam	iam-account-redesign	IAM-ACC-RD-CR-SAGA-TWO-ID-OK :: list-owner-binding	NO-ASSERTIONS
iam	iam-account-redesign	IAM-ACC-RD-CR-SAGA-TWO-ID-OK :: list-owner-binding	NO-ASSERTIONS
iam	iam-account-redesign	IAM-ACC-RD-CR-SAGA-TWO-ID-OK :: list-owner-binding	NO-ASSERTIONS
iam	iam-account-redesign	IAM-ACC-RD-CR-SAGA-TWO-ID-OK :: list-owner-binding	NO-ASSERTIONS
iam	iam-account-redesign	IAM-ACC-RD-CR-SAGA-TWO-ID-OK :: list-owner-binding	NO-ASSERTIONS
iam	iam-account-redesign	IAM-ACC-RD-CR-SAGA-TWO-ID-OK :: list-owner-binding	NO-ASSERTIONS
iam	iam-account-redesign	IAM-ACC-RD-CR-SAGA-TWO-ID-OK :: list-owner-binding	NO-ASSERTIONS
iam	iam-account-redesign	IAM-ACC-RD-CR-SAGA-TWO-ID-OK :: list-owner-binding	NO-ASSERTIONS
iam	iam-account-redesign	IAM-ACC-RD-CR-SAGA-TWO-ID-OK :: list-owner-binding	NO-ASSERTIONS
iam	iam-account-redesign	IAM-ACC-RD-CR-SAGA-TWO-ID-OK :: list-owner-binding	NO-ASSERTIONS
iam	iam-account-redesign	IAM-ACC-RD-CR-SAGA-TWO-ID-OK :: list-owner-binding	NO-ASSERTIONS
iam	iam-account-redesign	IAM-ACC-RD-CR-SAGA-TWO-ID-OK :: list-owner-binding	NO-ASSERTIONS
iam	iam-account-redesign	IAM-ACC-RD-CR-SAGA-TWO-ID-OK :: list-owner-binding	NO-ASSERTIONS
iam	iam-account-redesign	IAM-ACC-RD-CR-SAGA-TWO-ID-OK :: list-owner-binding	NO-ASSERTIONS
iam	iam-account-redesign	IAM-ACC-RD-CR-SAGA-TWO-ID-OK :: list-owner-binding	NO-ASSERTIONS
iam	iam-account-redesign	IAM-ACC-RD-CR-SAGA-TWO-ID-OK :: list-owner-binding	RED
iam	iam-account-redesign	IAM-ACC-RD-DL-NONEMPTY-RESTRICT-NEG :: seed-acc-for-restrict	RED
iam	iam-account-redesign	IAM-ACC-RD-UP-OWNER-IMMUTABLE-NEG :: update-owner-immutable	GREEN
iam	iam-account-redesign	IAM-PRJ-RD-CR-DUP-NAME-PER-ACCOUNT :: assert-op-error	GREEN
iam	iam-account-redesign	IAM-PRJ-RD-CR-DUP-NAME-PER-ACCOUNT :: assert-op-success #2	GREEN
iam	iam-account-redesign	IAM-PRJ-RD-CR-DUP-NAME-PER-ACCOUNT :: assert-op-success	GREEN
iam	iam-account-redesign	IAM-PRJ-RD-CR-DUP-NAME-PER-ACCOUNT :: cleanup-dup-A-rya12	GREEN
iam	iam-account-redesign	IAM-PRJ-RD-CR-DUP-NAME-PER-ACCOUNT :: cleanup-dup-B-rya13	GREEN
iam	iam-account-redesign	IAM-PRJ-RD-CR-DUP-NAME-PER-ACCOUNT :: create-dup-A	GREEN
iam	iam-account-redesign	IAM-PRJ-RD-CR-DUP-NAME-PER-ACCOUNT :: create-first-A	GREEN
iam	iam-account-redesign	IAM-PRJ-RD-CR-DUP-NAME-PER-ACCOUNT :: create-same-name-B	GREEN
iam	iam-account-redesign	IAM-PRJ-RD-CR-DUP-NAME-PER-ACCOUNT :: poll-op #2	GREEN
iam	iam-account-redesign	IAM-PRJ-RD-CR-DUP-NAME-PER-ACCOUNT :: poll-op #2	GREEN
iam	iam-account-redesign	IAM-PRJ-RD-CR-DUP-NAME-PER-ACCOUNT :: poll-op #3	GREEN
iam	iam-account-redesign	IAM-PRJ-RD-CR-DUP-NAME-PER-ACCOUNT :: poll-op #4	GREEN
iam	iam-account-redesign	IAM-PRJ-RD-CR-DUP-NAME-PER-ACCOUNT :: poll-op	GREEN
iam	iam-account-redesign	IAM-PRJ-RD-CR-DUP-NAME-PER-ACCOUNT :: poll-op	GREEN
iam	iam-account-redesign	IAM-PRJ-RD-CR-UNDER-ACCOUNT-OK :: assert-op-success	GREEN
iam	iam-account-redesign	IAM-PRJ-RD-CR-UNDER-ACCOUNT-OK :: cleanup-project	NO-ASSERTIONS
iam	iam-account-redesign	IAM-PRJ-RD-CR-UNDER-ACCOUNT-OK :: create-project	GREEN
iam	iam-account-redesign	IAM-PRJ-RD-CR-UNDER-ACCOUNT-OK :: get-project-rya11	GREEN
iam	iam-account-redesign	IAM-PRJ-RD-CR-UNDER-ACCOUNT-OK :: poll-op #2	GREEN
iam	iam-account-redesign	IAM-PRJ-RD-CR-UNDER-ACCOUNT-OK :: poll-op	GREEN
iam	iam-account-redesign	IAM-PRJ-RD-CR-UNDER-ACCOUNT-OK :: poll-op	GREEN
iam	iam-account-redesign	IAM-PRJ-RD-UP-ACCOUNT-IMMUTABLE-NEG :: update-account-immutable	GREEN
iam	iam-authz-grant-check-propagation	AUTHZGCP-AB-CREATE-CHECK-VISIBLE :: aaa-create-binding	GREEN
iam	iam-authz-grant-check-propagation	AUTHZGCP-AB-CREATE-CHECK-VISIBLE :: poll-op-done	GREEN
iam	iam-authz-grant-check-propagation	AUTHZGCP-AB-CREATE-CHECK-VISIBLE :: probe-check	GREEN
iam	iam-authz-grant-check-propagation	AUTHZGCP-AB-DELETE-CHECK-INVISIBLE :: delete-binding	RED
iam	iam-authz-grant-check-propagation	AUTHZGCP-AB-DELETE-CHECK-INVISIBLE :: poll-create	NO-ASSERTIONS
iam	iam-authz-grant-check-propagation	AUTHZGCP-AB-DELETE-CHECK-INVISIBLE :: poll-fga-readiness-revoke-del	GREEN
iam	iam-authz-grant-check-propagation	AUTHZGCP-AB-DELETE-CHECK-INVISIBLE :: probe-check-after-revoke	NO-ASSERTIONS
iam	iam-authz-grant-check-propagation	AUTHZGCP-AB-DELETE-CHECK-INVISIBLE :: probe-check-after-revoke	NO-ASSERTIONS
iam	iam-authz-grant-check-propagation	AUTHZGCP-AB-DELETE-CHECK-INVISIBLE :: probe-check-after-revoke	NO-ASSERTIONS
iam	iam-authz-grant-check-propagation	AUTHZGCP-AB-DELETE-CHECK-INVISIBLE :: probe-check-after-revoke	NO-ASSERTIONS
iam	iam-authz-grant-check-propagation	AUTHZGCP-AB-DELETE-CHECK-INVISIBLE :: probe-check-after-revoke	NO-ASSERTIONS
iam	iam-authz-grant-check-propagation	AUTHZGCP-AB-DELETE-CHECK-INVISIBLE :: probe-check-after-revoke	NO-ASSERTIONS
iam	iam-authz-grant-check-propagation	AUTHZGCP-AB-DELETE-CHECK-INVISIBLE :: probe-check-after-revoke	NO-ASSERTIONS
iam	iam-authz-grant-check-propagation	AUTHZGCP-AB-DELETE-CHECK-INVISIBLE :: probe-check-after-revoke	NO-ASSERTIONS
iam	iam-authz-grant-check-propagation	AUTHZGCP-AB-DELETE-CHECK-INVISIBLE :: probe-check-after-revoke	NO-ASSERTIONS
iam	iam-authz-grant-check-propagation	AUTHZGCP-AB-DELETE-CHECK-INVISIBLE :: probe-check-after-revoke	NO-ASSERTIONS
iam	iam-authz-grant-check-propagation	AUTHZGCP-AB-DELETE-CHECK-INVISIBLE :: probe-check-after-revoke	NO-ASSERTIONS
iam	iam-authz-grant-check-propagation	AUTHZGCP-AB-DELETE-CHECK-INVISIBLE :: probe-check-after-revoke	NO-ASSERTIONS
iam	iam-authz-grant-check-propagation	AUTHZGCP-AB-DELETE-CHECK-INVISIBLE :: probe-check-after-revoke	NO-ASSERTIONS
iam	iam-authz-grant-check-propagation	AUTHZGCP-AB-DELETE-CHECK-INVISIBLE :: probe-check-after-revoke	NO-ASSERTIONS
iam	iam-authz-grant-check-propagation	AUTHZGCP-AB-DELETE-CHECK-INVISIBLE :: probe-check-after-revoke	NO-ASSERTIONS
iam	iam-authz-grant-check-propagation	AUTHZGCP-AB-DELETE-CHECK-INVISIBLE :: probe-check-after-revoke	NO-ASSERTIONS
iam	iam-authz-grant-check-propagation	AUTHZGCP-AB-DELETE-CHECK-INVISIBLE :: probe-check-after-revoke	NO-ASSERTIONS
iam	iam-authz-grant-check-propagation	AUTHZGCP-AB-DELETE-CHECK-INVISIBLE :: probe-check-after-revoke	NO-ASSERTIONS
iam	iam-authz-grant-check-propagation	AUTHZGCP-AB-DELETE-CHECK-INVISIBLE :: probe-check-after-revoke	NO-ASSERTIONS
iam	iam-authz-grant-check-propagation	AUTHZGCP-AB-DELETE-CHECK-INVISIBLE :: probe-check-after-revoke	NO-ASSERTIONS
iam	iam-authz-grant-check-propagation	AUTHZGCP-AB-DELETE-CHECK-INVISIBLE :: probe-check-after-revoke	NO-ASSERTIONS
iam	iam-authz-grant-check-propagation	AUTHZGCP-AB-DELETE-CHECK-INVISIBLE :: probe-check-after-revoke	NO-ASSERTIONS
iam	iam-authz-grant-check-propagation	AUTHZGCP-AB-DELETE-CHECK-INVISIBLE :: probe-check-after-revoke	NO-ASSERTIONS
iam	iam-authz-grant-check-propagation	AUTHZGCP-AB-DELETE-CHECK-INVISIBLE :: probe-check-after-revoke	NO-ASSERTIONS
iam	iam-authz-grant-check-propagation	AUTHZGCP-AB-DELETE-CHECK-INVISIBLE :: probe-check-after-revoke	NO-ASSERTIONS
iam	iam-authz-grant-check-propagation	AUTHZGCP-AB-DELETE-CHECK-INVISIBLE :: probe-check-after-revoke	NO-ASSERTIONS
iam	iam-authz-grant-check-propagation	AUTHZGCP-AB-DELETE-CHECK-INVISIBLE :: probe-check-after-revoke	NO-ASSERTIONS
iam	iam-authz-grant-check-propagation	AUTHZGCP-AB-DELETE-CHECK-INVISIBLE :: probe-check-after-revoke	NO-ASSERTIONS
iam	iam-authz-grant-check-propagation	AUTHZGCP-AB-DELETE-CHECK-INVISIBLE :: probe-check-after-revoke	NO-ASSERTIONS
iam	iam-authz-grant-check-propagation	AUTHZGCP-AB-DELETE-CHECK-INVISIBLE :: probe-check-after-revoke	NO-ASSERTIONS
iam	iam-authz-grant-check-propagation	AUTHZGCP-AB-DELETE-CHECK-INVISIBLE :: probe-check-after-revoke	NO-ASSERTIONS
iam	iam-authz-grant-check-propagation	AUTHZGCP-AB-DELETE-CHECK-INVISIBLE :: probe-check-after-revoke	NO-ASSERTIONS
iam	iam-authz-grant-check-propagation	AUTHZGCP-AB-DELETE-CHECK-INVISIBLE :: probe-check-after-revoke	NO-ASSERTIONS
iam	iam-authz-grant-check-propagation	AUTHZGCP-AB-DELETE-CHECK-INVISIBLE :: probe-check-after-revoke	NO-ASSERTIONS
iam	iam-authz-grant-check-propagation	AUTHZGCP-AB-DELETE-CHECK-INVISIBLE :: probe-check-after-revoke	NO-ASSERTIONS
iam	iam-authz-grant-check-propagation	AUTHZGCP-AB-DELETE-CHECK-INVISIBLE :: probe-check-after-revoke	NO-ASSERTIONS
iam	iam-authz-grant-check-propagation	AUTHZGCP-AB-DELETE-CHECK-INVISIBLE :: probe-check-after-revoke	NO-ASSERTIONS
iam	iam-authz-grant-check-propagation	AUTHZGCP-AB-DELETE-CHECK-INVISIBLE :: probe-check-after-revoke	NO-ASSERTIONS
iam	iam-authz-grant-check-propagation	AUTHZGCP-AB-DELETE-CHECK-INVISIBLE :: probe-check-after-revoke	NO-ASSERTIONS
iam	iam-authz-grant-check-propagation	AUTHZGCP-AB-DELETE-CHECK-INVISIBLE :: probe-check-after-revoke	NO-ASSERTIONS
iam	iam-authz-grant-check-propagation	AUTHZGCP-AB-DELETE-CHECK-INVISIBLE :: probe-check-after-revoke	NO-ASSERTIONS
iam	iam-authz-grant-check-propagation	AUTHZGCP-AB-DELETE-CHECK-INVISIBLE :: probe-check-after-revoke	NO-ASSERTIONS
iam	iam-authz-grant-check-propagation	AUTHZGCP-AB-DELETE-CHECK-INVISIBLE :: probe-check-after-revoke	NO-ASSERTIONS
iam	iam-authz-grant-check-propagation	AUTHZGCP-AB-DELETE-CHECK-INVISIBLE :: probe-check-after-revoke	NO-ASSERTIONS
iam	iam-authz-grant-check-propagation	AUTHZGCP-AB-DELETE-CHECK-INVISIBLE :: probe-check-after-revoke	NO-ASSERTIONS
iam	iam-authz-grant-check-propagation	AUTHZGCP-AB-DELETE-CHECK-INVISIBLE :: probe-check-after-revoke	NO-ASSERTIONS
iam	iam-authz-grant-check-propagation	AUTHZGCP-AB-DELETE-CHECK-INVISIBLE :: probe-check-after-revoke	NO-ASSERTIONS
iam	iam-authz-grant-check-propagation	AUTHZGCP-AB-DELETE-CHECK-INVISIBLE :: probe-check-after-revoke	NO-ASSERTIONS
iam	iam-authz-grant-check-propagation	AUTHZGCP-AB-DELETE-CHECK-INVISIBLE :: probe-check-after-revoke	NO-ASSERTIONS
iam	iam-authz-grant-check-propagation	AUTHZGCP-AB-DELETE-CHECK-INVISIBLE :: probe-check-after-revoke	NO-ASSERTIONS
iam	iam-authz-grant-check-propagation	AUTHZGCP-AB-DELETE-CHECK-INVISIBLE :: probe-check-after-revoke	RED
iam	iam-authz-grant-check-propagation	AUTHZGCP-AB-DELETE-CHECK-INVISIBLE :: resolve-revoke-del-abId	GREEN
iam	iam-authz-grant-check-propagation	AUTHZGCP-AB-DELETE-CHECK-INVISIBLE :: seed-binding	GREEN
iam	iam-authz-grant-check-propagation	AUTHZGCP-BIND-DELETE-BY-ADMIN-ALLOW :: aaa-creates-binding-for-nob	GREEN
iam	iam-authz-grant-check-propagation	AUTHZGCP-BIND-DELETE-BY-ADMIN-ALLOW :: aaa-deletes-foreign-subject-binding	RED
iam	iam-authz-grant-check-propagation	AUTHZGCP-BIND-DELETE-BY-ADMIN-ALLOW :: poll-create	GREEN
iam	iam-authz-grant-check-propagation	AUTHZGCP-BIND-DELETE-BY-ADMIN-ALLOW :: poll-fga-readiness-admin-del	GREEN
iam	iam-authz-grant-check-propagation	AUTHZGCP-BIND-DELETE-BY-ADMIN-ALLOW :: resolve-admin-del-abId	GREEN
iam	iam-authz-grant-check-propagation	AUTHZGCP-BIND-DELETE-BY-STRANGER-DENY :: aaa-creates	GREEN
iam	iam-authz-grant-check-propagation	AUTHZGCP-BIND-DELETE-BY-STRANGER-DENY :: poll-create	NO-ASSERTIONS
iam	iam-authz-grant-check-propagation	AUTHZGCP-BIND-LIST-BY-SCOPE-SCOPED :: owner-aaa-on-accountA	GREEN
iam	iam-authz-grant-check-propagation	AUTHZGCP-BIND-LIST-BY-SCOPE-SCOPED :: stranger-inv-on-accountA	GREEN
iam	iam-authz-grant-check-propagation	AUTHZGCP-BIND-LIST-BY-SUBJECT-FOREIGN-DENY :: inv-lists-aaa-subject	GREEN
iam	iam-authz-grant-check-propagation	AUTHZGCP-OP-CANCEL-ANON-DENY :: anon-cancel-op	GREEN
iam	iam-authz-grant-check-propagation	AUTHZGCP-OP-CANCEL-ANON-DENY :: create-op-as-aaa	GREEN
iam	iam-authz-grant-check-propagation	AUTHZGCP-OP-GET-ANON-DENY :: anon-get-op	GREEN
iam	iam-authz-grant-check-propagation	AUTHZGCP-OP-GET-ANON-DENY :: create-op-as-aaa	GREEN
iam	iam-authz-grant-check-propagation	AUTHZGCP-SAKEY-CREATEDBY-NOT-SPOOFABLE :: aaa-issue-spoofed-createdBy	RED
iam	iam-authz-grant-check-propagation	AUTHZGCP-SAKEY-SECRET-NOT-LEAKED :: issue-sakey-rya15	RED
iam	iam-condition	IAM-CND-CR-CRUD-OK :: assert-op-success #2	GREEN
iam	iam-condition	IAM-CND-CR-CRUD-OK :: assert-op-success	GREEN
iam	iam-condition	IAM-CND-CR-CRUD-OK :: create-condition	GREEN
iam	iam-condition	IAM-CND-CR-CRUD-OK :: delete-condition	GREEN
iam	iam-condition	IAM-CND-CR-CRUD-OK :: get-after-delete	GREEN
iam	iam-condition	IAM-CND-CR-CRUD-OK :: get-condition-rya16	GREEN
iam	iam-condition	IAM-CND-CR-CRUD-OK :: list-conditions	GREEN
iam	iam-condition	IAM-CND-CR-CRUD-OK :: poll-op #2	GREEN
iam	iam-condition	IAM-CND-CR-CRUD-OK :: poll-op	GREEN
iam	iam-condition	IAM-CND-CR-VAL-UNSCOPED :: create-unscoped	GREEN
iam	iam-condition	IAM-CND-LS-AUTHZ-NOBINDINGS-DENY :: assert-op-success #2	GREEN
iam	iam-condition	IAM-CND-LS-AUTHZ-NOBINDINGS-DENY :: assert-op-success	GREEN
iam	iam-condition	IAM-CND-LS-AUTHZ-NOBINDINGS-DENY :: cleanup-deny-condition	GREEN
iam	iam-condition	IAM-CND-LS-AUTHZ-NOBINDINGS-DENY :: get-as-nobindings	GREEN
iam	iam-condition	IAM-CND-LS-AUTHZ-NOBINDINGS-DENY :: list-as-nobindings	GREEN
iam	iam-condition	IAM-CND-LS-AUTHZ-NOBINDINGS-DENY :: list-as-owner-control	GREEN
iam	iam-condition	IAM-CND-LS-AUTHZ-NOBINDINGS-DENY :: poll-op #2	GREEN
iam	iam-condition	IAM-CND-LS-AUTHZ-NOBINDINGS-DENY :: poll-op	GREEN
iam	iam-condition	IAM-CND-LS-AUTHZ-NOBINDINGS-DENY :: seed-visible-condition	GREEN
iam	iam-condition	IAM-CND-UP-CRUD-OK :: assert-op-success #2	GREEN
iam	iam-condition	IAM-CND-UP-CRUD-OK :: assert-op-success #3	GREEN
iam	iam-condition	IAM-CND-UP-CRUD-OK :: assert-op-success	GREEN
iam	iam-condition	IAM-CND-UP-CRUD-OK :: cleanup-update-condition	GREEN
iam	iam-condition	IAM-CND-UP-CRUD-OK :: create-for-update	GREEN
iam	iam-condition	IAM-CND-UP-CRUD-OK :: evaluate-condition	GREEN
iam	iam-condition	IAM-CND-UP-CRUD-OK :: get-after-immutable-attempt	GREEN
iam	iam-condition	IAM-CND-UP-CRUD-OK :: get-after-update	GREEN
iam	iam-condition	IAM-CND-UP-CRUD-OK :: poll-op #2	GREEN
iam	iam-condition	IAM-CND-UP-CRUD-OK :: poll-op #3	GREEN
iam	iam-condition	IAM-CND-UP-CRUD-OK :: poll-op	GREEN
iam	iam-condition	IAM-CND-UP-CRUD-OK :: update-description-rya17	GREEN
iam	iam-condition	IAM-CND-UP-CRUD-OK :: update-immutable-scope-rejected	GREEN
iam	iam-flat-authz-vbc	IAM-VBC-ACB-BAD-PREFIX-SUBJECT :: create-bad-prefix	GREEN
iam	iam-flat-authz-vbc	IAM-VBC-ACB-UNSPECIFIED-SUBJECT-DERIVE :: await-del-dup	GREEN
iam	iam-flat-authz-vbc	IAM-VBC-ACB-UNSPECIFIED-SUBJECT-DERIVE :: await-del-dup	GREEN
iam	iam-flat-authz-vbc	IAM-VBC-ACB-UNSPECIFIED-SUBJECT-DERIVE :: await-del-dup	GREEN
iam	iam-flat-authz-vbc	IAM-VBC-ACB-UNSPECIFIED-SUBJECT-DERIVE :: create-derive	GREEN
iam	iam-flat-authz-vbc	IAM-VBC-ACB-UNSPECIFIED-SUBJECT-DERIVE :: del-dup	GREEN
iam	iam-flat-authz-vbc	IAM-VBC-ACB-UNSPECIFIED-SUBJECT-DERIVE :: op-success	GREEN
iam	iam-flat-authz-vbc	IAM-VBC-ACB-UNSPECIFIED-SUBJECT-DERIVE :: poll-op	GREEN
iam	iam-flat-authz-vbc	IAM-VBC-ACB-UNSPECIFIED-SUBJECT-DERIVE :: pre-clean-revoke	GREEN
iam	iam-flat-authz-vbc	IAM-VBC-ACB-UNSPECIFIED-SUBJECT-DERIVE :: teardown-vbc16-await	GREEN
iam	iam-flat-authz-vbc	IAM-VBC-ACB-UNSPECIFIED-SUBJECT-DERIVE :: teardown-vbc16-await	NO-ASSERTIONS
iam	iam-flat-authz-vbc	IAM-VBC-ACB-UNSPECIFIED-SUBJECT-DERIVE :: teardown-vbc16-await	NO-ASSERTIONS
iam	iam-flat-authz-vbc	IAM-VBC-ACB-UNSPECIFIED-SUBJECT-DERIVE :: teardown-vbc16-await	NO-ASSERTIONS
iam	iam-flat-authz-vbc	IAM-VBC-ACB-UNSPECIFIED-SUBJECT-DERIVE :: teardown-vbc16-await	NO-ASSERTIONS
iam	iam-flat-authz-vbc	IAM-VBC-ACB-UNSPECIFIED-SUBJECT-DERIVE :: teardown-vbc16-await	NO-ASSERTIONS
iam	iam-flat-authz-vbc	IAM-VBC-ACB-UNSPECIFIED-SUBJECT-DERIVE :: teardown-vbc16	GREEN
iam	iam-group	IAM-GRP-AM-AUTHZ-NONADMIN-DENY :: add-nonadmin	GREEN
iam	iam-group	IAM-GRP-AM-CRUD-OK :: add-member	GREEN
iam	iam-group	IAM-GRP-AM-CRUD-OK :: poll-op	GREEN
iam	iam-group	IAM-GRP-AM-IDEMPOTENT-DUP :: add-dup	GREEN
iam	iam-group	IAM-GRP-AM-IDEMPOTENT-DUP :: dup-add-leaves-one-row	GREEN
iam	iam-group	IAM-GRP-AM-IDEMPOTENT-DUP :: poll-dup-add	GREEN
iam	iam-group	IAM-GRP-AM-NEG-MEMBER-MISSING :: add-bad-member	GREEN
iam	iam-group	IAM-GRP-AM-NEG-MEMBER-MISSING :: assert-op-error	GREEN
iam	iam-group	IAM-GRP-CR-AUTHZ-ANON-DENY :: create-anon	GREEN
iam	iam-group	IAM-GRP-CR-AUTHZ-NONADMIN-DENY :: create-nonadmin	GREEN
iam	iam-group	IAM-GRP-CR-CRUD-OK :: create	GREEN
iam	iam-group	IAM-GRP-CR-CRUD-OK :: get-confirms-rya18	GREEN
iam	iam-group	IAM-GRP-CR-CRUD-OK :: poll-op	GREEN
iam	iam-group	IAM-GRP-CR-CRUD-OK :: poll-op	GREEN
iam	iam-group	IAM-GRP-CR-NEG-ACCOUNT-MISSING :: create-bad-account	GREEN
iam	iam-group	IAM-GRP-CR-NEG-NAME-INVALID :: create-invalid	GREEN
iam	iam-group	IAM-GRP-DL-AUTHZ-ANON-DENY :: delete-anon	GREEN
iam	iam-group	IAM-GRP-DL-CRUD-OK :: delete	GREEN
iam	iam-group	IAM-GRP-DL-CRUD-OK :: get-after-delete	GREEN
iam	iam-group	IAM-GRP-DL-CRUD-OK :: poll-op	GREEN
iam	iam-group	IAM-GRP-DL-NEG-NOTFOUND :: delete-notfound	GREEN
iam	iam-group	IAM-GRP-GT-AUTHZ-FOREIGN-DENY :: get-foreign	GREEN
iam	iam-group	IAM-GRP-GT-CRUD-OK :: get-ok	GREEN
iam	iam-group	IAM-GRP-GT-NEG-NOTFOUND :: get-notfound	GREEN
iam	iam-group	IAM-GRP-LM-AUTHZ-FOREIGN-DENY :: list-members-foreign	GREEN
iam	iam-group	IAM-GRP-LM-CRUD-OK :: list-members	GREEN
iam	iam-group	IAM-GRP-LM-CRUD-OK :: poll-op	GREEN
iam	iam-group	IAM-GRP-LM-CRUD-OK :: seed-member-for-list	GREEN
iam	iam-group	IAM-GRP-LM-NEG-NOTFOUND :: list-members-notfound	GREEN
iam	iam-group	IAM-GRP-LS-AUTHZ-ANON-DENY :: list-anon	GREEN
iam	iam-group	IAM-GRP-LS-AUTHZ-SCOPE-FILTER :: list-nonmember	GREEN
iam	iam-group	IAM-GRP-LS-BVA-PAGESIZE-0 :: ls-ps0	GREEN
iam	iam-group	IAM-GRP-LS-BVA-PAGESIZE-1 :: ls-ps1	GREEN
iam	iam-group	IAM-GRP-LS-BVA-PAGESIZE-MAX :: ls-ps1000	GREEN
iam	iam-group	IAM-GRP-LS-BVA-PAGESIZE-OVER :: ls-ps1001	GREEN
iam	iam-group	IAM-GRP-LS-CRUD-OK :: list-ok	GREEN
iam	iam-group	IAM-GRP-LSOP-CRUD-OK :: create-for-lsop	GREEN
iam	iam-group	IAM-GRP-LSOP-CRUD-OK :: list-ops	GREEN
iam	iam-group	IAM-GRP-LSOP-CRUD-OK :: poll-create-lsop	NO-ASSERTIONS
iam	iam-group	IAM-GRP-LSOP-CRUD-OK :: poll-create-lsop	NO-ASSERTIONS
iam	iam-group	IAM-GRP-RM-AUTHZ-NONADMIN-DENY :: remove-nonadmin	GREEN
iam	iam-group	IAM-GRP-RM-CRUD-OK :: poll-op	GREEN
iam	iam-group	IAM-GRP-RM-CRUD-OK :: remove-member	GREEN
iam	iam-group	IAM-GRP-RM-IDEMPOTENT-NOT-MEMBER :: noop-remove-changed-nothing	GREEN
iam	iam-group	IAM-GRP-RM-IDEMPOTENT-NOT-MEMBER :: poll-op #2	GREEN
iam	iam-group	IAM-GRP-RM-IDEMPOTENT-NOT-MEMBER :: poll-op	GREEN
iam	iam-group	IAM-GRP-RM-IDEMPOTENT-NOT-MEMBER :: poll-rm-not-member	GREEN
iam	iam-group	IAM-GRP-RM-IDEMPOTENT-NOT-MEMBER :: remove-not-member	GREEN
iam	iam-group	IAM-GRP-RM-IDEMPOTENT-NOT-MEMBER :: restore-empty-group	GREEN
iam	iam-group	IAM-GRP-RM-IDEMPOTENT-NOT-MEMBER :: seed-member-before-noop-remove	GREEN
iam	iam-group	IAM-GRP-UP-AUTHZ-NONADMIN-DENY :: update-nonadmin	GREEN
iam	iam-group	IAM-GRP-UP-CRUD-OK :: get-confirms-update	GREEN
iam	iam-group	IAM-GRP-UP-CRUD-OK :: poll-op	GREEN
iam	iam-group	IAM-GRP-UP-CRUD-OK :: update	GREEN
iam	iam-group	IAM-GRP-UP-NEG-NOTFOUND :: update-notfound	GREEN
iam	iam-internal-only-check	IAM-INT-NEG-EXT-IAM-CHECK :: iam-check-on-external	GREEN
iam	iam-internal-only-check	IAM-INT-NEG-EXT-IAM-LOOKUPSUBJECT :: lookup-subject-on-external	GREEN
iam	iam-internal-only-check	IAM-INT-NEG-EXT-REST-ALIVE :: public-path-on-external	GREEN
iam	iam-internal-only-check	IAM-INT-NEG-EXT-UNBOUND-NEVER-SUCCEEDS :: ext-forcelogout-on-external	GREEN
iam	iam-internal-only-check	IAM-INT-NEG-EXT-UNBOUND-NEVER-SUCCEEDS :: ext-sr-isrevoked-on-external	GREEN
iam	iam-internal-only-check	IAM-INT-NEG-EXT-UNBOUND-NEVER-SUCCEEDS :: ext-sr-revoke-on-external	GREEN
iam	iam-internal-only-check	IAM-INT-NEG-EXT-UNBOUND-NEVER-SUCCEEDS :: ext-writetuples-on-external	GREEN
iam	iam-internal-only-check	IAM-INT-NEG-EXT-UNBOUND-NEVER-SUCCEEDS :: internal-user-get-by-id-on-external	GREEN
iam	iam-internal-only-check	IAM-INT-NEG-EXT-UNBOUND-NEVER-SUCCEEDS :: nonsense-path-control-on-external	GREEN
iam	iam-internal-only-check	IAM-INT-NEG-EXT-USER-UPSERT :: upsert-on-external	GREEN
iam	iam-internal-only-check	IAM-INT-OK-INT-IAM-CHECK :: iam-check-on-internal	GREEN
iam	iam-internal-only-check	IAM-INT-OK-INT-IAM-LOOKUPSUBJECT :: lookup-subject-on-internal	GREEN
iam	iam-internal-only-check	IAM-INT-OK-INT-IAM-LOOKUPSUBJECT-UNKNOWN :: lookup-unknown-on-internal	GREEN
iam	iam-internal-only-check	IAM-INT-OK-INT-USER-UPSERT-IDEM :: upsert-idem	GREEN
iam	iam-internal-only-check	IAM-INT-OK-INT-USER-UPSERT :: upsert-from-identity-on-internal	GREEN
iam	iam-internal-only-check	IAM-INT-OK-INT-USER-UPSERT :: upsert-poll-done	GREEN
iam	iam-internal-only-check	IAM-INT-OK-INT-USER-UPSERT :: upsert-poll-done	GREEN
iam	iam-invite-grant-fga	INVGRANT-TE1-ACCOUNT-ANCHOR-VIEWER-RC1 :: bind-anchor	GREEN
iam	iam-invite-grant-fga	INVGRANT-TE1-ACCOUNT-ANCHOR-VIEWER-RC1 :: create-role-anchor	GREEN
iam	iam-invite-grant-fga	INVGRANT-TE1-ACCOUNT-ANCHOR-VIEWER-RC1 :: create-sa-anchor	GREEN
iam	iam-invite-grant-fga	INVGRANT-TE1-ACCOUNT-ANCHOR-VIEWER-RC1 :: poll-bind-anchor	GREEN
iam	iam-invite-grant-fga	INVGRANT-TE1-ACCOUNT-ANCHOR-VIEWER-RC1 :: poll-role-anchor	GREEN
iam	iam-invite-grant-fga	INVGRANT-TE1-ACCOUNT-ANCHOR-VIEWER-RC1 :: poll-role-anchor	NO-ASSERTIONS
iam	iam-invite-grant-fga	INVGRANT-TE1-ACCOUNT-ANCHOR-VIEWER-RC1 :: poll-sa-anchor	GREEN
iam	iam-invite-grant-fga	INVGRANT-TE1-ACCOUNT-ANCHOR-VIEWER-RC1 :: poll-sa-anchor	NO-ASSERTIONS
iam	iam-invite-grant-fga	INVGRANT-TE1-ACCOUNT-ANCHOR-VIEWER-RC1 :: te1-post-bind-account-viewer	GREEN
iam	iam-invite-grant-fga	INVGRANT-TE1-ACCOUNT-ANCHOR-VIEWER-RC1 :: te1-pre-bind-deny	GREEN
iam	iam-invite-grant-fga	INVGRANT-TE2-CROSS-ACCOUNT-PROJECT-INVISIBLE :: bind-contain	GREEN
iam	iam-invite-grant-fga	INVGRANT-TE2-CROSS-ACCOUNT-PROJECT-INVISIBLE :: create-role-contain	GREEN
iam	iam-invite-grant-fga	INVGRANT-TE2-CROSS-ACCOUNT-PROJECT-INVISIBLE :: create-sa-contain	GREEN
iam	iam-invite-grant-fga	INVGRANT-TE2-CROSS-ACCOUNT-PROJECT-INVISIBLE :: poll-bind-contain	GREEN
iam	iam-invite-grant-fga	INVGRANT-TE2-CROSS-ACCOUNT-PROJECT-INVISIBLE :: poll-role-contain	GREEN
iam	iam-invite-grant-fga	INVGRANT-TE2-CROSS-ACCOUNT-PROJECT-INVISIBLE :: poll-role-contain	NO-ASSERTIONS
iam	iam-invite-grant-fga	INVGRANT-TE2-CROSS-ACCOUNT-PROJECT-INVISIBLE :: poll-sa-contain	GREEN
iam	iam-invite-grant-fga	INVGRANT-TE2-CROSS-ACCOUNT-PROJECT-INVISIBLE :: poll-sa-contain	NO-ASSERTIONS
iam	iam-invite-grant-fga	INVGRANT-TE2-CROSS-ACCOUNT-PROJECT-INVISIBLE :: te2-granted-account-visible	GREEN
iam	iam-invite-grant-fga	INVGRANT-TE2-CROSS-ACCOUNT-PROJECT-INVISIBLE :: te2-post-bind-cross-account-project-invisible	GREEN
iam	iam-invite-grant-fga	INVGRANT-TE2-CROSS-ACCOUNT-PROJECT-INVISIBLE :: te2-pre-bind-cross-account-deny	GREEN
iam	iam-invite-grant-fga	INVGRANT-TE3-ARMNAMES-ACCOUNT-PARITY :: bind-names	GREEN
iam	iam-invite-grant-fga	INVGRANT-TE3-ARMNAMES-ACCOUNT-PARITY :: create-role-names	GREEN
iam	iam-invite-grant-fga	INVGRANT-TE3-ARMNAMES-ACCOUNT-PARITY :: create-sa-names	GREEN
iam	iam-invite-grant-fga	INVGRANT-TE3-ARMNAMES-ACCOUNT-PARITY :: poll-bind-names	GREEN
iam	iam-invite-grant-fga	INVGRANT-TE3-ARMNAMES-ACCOUNT-PARITY :: poll-role-names	GREEN
iam	iam-invite-grant-fga	INVGRANT-TE3-ARMNAMES-ACCOUNT-PARITY :: poll-role-names	NO-ASSERTIONS
iam	iam-invite-grant-fga	INVGRANT-TE3-ARMNAMES-ACCOUNT-PARITY :: poll-sa-names	GREEN
iam	iam-invite-grant-fga	INVGRANT-TE3-ARMNAMES-ACCOUNT-PARITY :: poll-sa-names	NO-ASSERTIONS
iam	iam-invite-grant-fga	INVGRANT-TE3-ARMNAMES-ACCOUNT-PARITY :: te3-post-bind-account-viewer	GREEN
iam	iam-invite-grant-fga	INVGRANT-TE3-ARMNAMES-ACCOUNT-PARITY :: te3-pre-bind-deny	GREEN
iam	iam-invite-grant-fga	INVGRANT-TE4-PROJECT-ANCHOR-VIEWER-RC1 :: bind-project-anchor	GREEN
iam	iam-invite-grant-fga	INVGRANT-TE4-PROJECT-ANCHOR-VIEWER-RC1 :: create-role-proj	GREEN
iam	iam-invite-grant-fga	INVGRANT-TE4-PROJECT-ANCHOR-VIEWER-RC1 :: create-sa-proj	GREEN
iam	iam-invite-grant-fga	INVGRANT-TE4-PROJECT-ANCHOR-VIEWER-RC1 :: poll-bind-project-anchor	GREEN
iam	iam-invite-grant-fga	INVGRANT-TE4-PROJECT-ANCHOR-VIEWER-RC1 :: poll-role-proj	GREEN
iam	iam-invite-grant-fga	INVGRANT-TE4-PROJECT-ANCHOR-VIEWER-RC1 :: poll-role-proj	NO-ASSERTIONS
iam	iam-invite-grant-fga	INVGRANT-TE4-PROJECT-ANCHOR-VIEWER-RC1 :: poll-sa-proj	GREEN
iam	iam-invite-grant-fga	INVGRANT-TE4-PROJECT-ANCHOR-VIEWER-RC1 :: poll-sa-proj	NO-ASSERTIONS
iam	iam-invite-grant-fga	INVGRANT-TE4-PROJECT-ANCHOR-VIEWER-RC1 :: te4-post-bind-project-viewer	GREEN
iam	iam-invite-grant-fga	INVGRANT-TE4-PROJECT-ANCHOR-VIEWER-RC1 :: te4-pre-bind-deny	GREEN
iam	iam-permission-catalog	CONF-G-01-catalog-happy :: list-permission-catalog-auth	GREEN
iam	iam-permission-catalog	NEG-G-02-catalog-anonymous-unauthenticated :: list-permission-catalog-anon	GREEN
iam	iam-project	IAM-PRJ-CR-AUTHZ-ANON-DENY :: create-anon	GREEN
iam	iam-project	IAM-PRJ-CR-AUTHZ-NONADMIN-DENY :: create-nonadmin	GREEN
iam	iam-project	IAM-PRJ-CR-BVA-NAME-MAX :: cr-name-max	GREEN
iam	iam-project	IAM-PRJ-CR-BVA-NAME-MAX :: poll-op	GREEN
iam	iam-project	IAM-PRJ-CR-BVA-NAME-MAX :: poll-op	GREEN
iam	iam-project	IAM-PRJ-CR-BVA-NAME-MAX :: poll-op	GREEN
iam	iam-project	IAM-PRJ-CR-BVA-NAME-MIN :: cr-name-min	GREEN
iam	iam-project	IAM-PRJ-CR-BVA-NAME-MIN :: poll-op	GREEN
iam	iam-project	IAM-PRJ-CR-BVA-NAME-MIN :: poll-op	GREEN
iam	iam-project	IAM-PRJ-CR-BVA-NAME-OVER :: cr-name-over	GREEN
iam	iam-project	IAM-PRJ-CR-CRUD-OK :: create	GREEN
iam	iam-project	IAM-PRJ-CR-CRUD-OK :: get-confirms-rya19	GREEN
iam	iam-project	IAM-PRJ-CR-CRUD-OK :: poll-op	GREEN
iam	iam-project	IAM-PRJ-CR-CRUD-OK :: poll-op	GREEN
iam	iam-project	IAM-PRJ-CR-NEG-ACCOUNT-MISSING :: create-bad-account	GREEN
iam	iam-project	IAM-PRJ-CR-NEG-NAME-DUP :: assert-op-error	GREEN
iam	iam-project	IAM-PRJ-CR-NEG-NAME-DUP :: create-dup	GREEN
iam	iam-project	IAM-PRJ-CR-NEG-NAME-INVALID :: create-invalid-name	GREEN
iam	iam-project	IAM-PRJ-DL-AUTHZ-ANON-DENY :: delete-anon	GREEN
iam	iam-project	IAM-PRJ-DL-CRUD-OK :: delete	GREEN
iam	iam-project	IAM-PRJ-DL-CRUD-OK :: get-after-delete	GREEN
iam	iam-project	IAM-PRJ-DL-CRUD-OK :: poll-op	GREEN
iam	iam-project	IAM-PRJ-DL-NEG-HAS-CHILDREN :: delete-with-maybe-children	GREEN
iam	iam-project	IAM-PRJ-DL-NEG-NOTFOUND :: delete-notfound	GREEN
iam	iam-project	IAM-PRJ-GT-AUTHZ-ANON-DENY :: get-anon	GREEN
iam	iam-project	IAM-PRJ-GT-AUTHZ-FOREIGN-DENY :: get-foreign	GREEN
iam	iam-project	IAM-PRJ-GT-CRUD-OK :: get-ok	GREEN
iam	iam-project	IAM-PRJ-GT-NEG-NOTFOUND :: get-notfound	GREEN
iam	iam-project	IAM-PRJ-LS-AUTHZ-ANON-DENY :: list-anon	GREEN
iam	iam-project	IAM-PRJ-LS-AUTHZ-INVITED-ADMIN-SEES :: list-invitee-b	GREEN
iam	iam-project	IAM-PRJ-LS-AUTHZ-SECL-CROSS-USER-ISOLATION :: list-no-cross-user-leak	GREEN
iam	iam-project	IAM-PRJ-LS-BVA-PAGESIZE-0 :: ls-ps0	GREEN
iam	iam-project	IAM-PRJ-LS-BVA-PAGESIZE-1 :: ls-ps1	GREEN
iam	iam-project	IAM-PRJ-LS-BVA-PAGESIZE-MAX :: ls-ps1000	GREEN
iam	iam-project	IAM-PRJ-LS-BVA-PAGESIZE-OVER :: ls-ps1001	GREEN
iam	iam-project	IAM-PRJ-LS-CRUD-OK :: list-ok	GREEN
iam	iam-project	IAM-PRJ-LS-NEG-PAGINATION-CONSISTENT :: ls-bad-token	GREEN
iam	iam-project	IAM-PRJ-LSOP-CRUD-OK :: create-for-lsop	GREEN
iam	iam-project	IAM-PRJ-LSOP-CRUD-OK :: list-ops	GREEN
iam	iam-project	IAM-PRJ-LSOP-CRUD-OK :: poll-create-for-lsop	NO-ASSERTIONS
iam	iam-project	IAM-PRJ-LSOP-CRUD-OK :: poll-create-for-lsop	NO-ASSERTIONS
iam	iam-project	IAM-PRJ-LSOP-NEG-NOTFOUND :: list-ops-notfound	GREEN
iam	iam-project	IAM-PRJ-UP-AUTHZ-ANON-DENY :: update-anon	GREEN
iam	iam-project	IAM-PRJ-UP-AUTHZ-NONADMIN-DENY :: update-nonadmin	GREEN
iam	iam-project	IAM-PRJ-UP-CRUD-OK :: get-confirms-update	GREEN
iam	iam-project	IAM-PRJ-UP-CRUD-OK :: poll-op	GREEN
iam	iam-project	IAM-PRJ-UP-CRUD-OK :: update	GREEN
iam	iam-project	IAM-PRJ-UP-NEG-IMMUTABLE-ACCOUNT :: update-immutable	GREEN
iam	iam-project	IAM-PRJ-UP-NEG-NOTFOUND :: update-notfound	GREEN
iam	iam-rbac-rules-labels	RBACLBL-FED-ACCEPTED :: create-label-role-fed	GREEN
iam	iam-rbac-rules-labels	RBACLBL-FED-ACCEPTED :: poll-label-role-fed	GREEN
iam	iam-rbac-rules-labels	RBACLBL-FED-ACCEPTED :: poll-label-role-fed	NO-ASSERTIONS
iam	iam-rbac-rules-labels	RBACLBL-IAMTYPE-ACCEPTED :: create-label-role-iamtype	GREEN
iam	iam-rbac-rules-labels	RBACLBL-IAMTYPE-ACCEPTED :: poll-label-role-iamtype	GREEN
iam	iam-rbac-rules-labels	RBACLBL-IAMTYPE-ACCEPTED :: poll-label-role-iamtype	NO-ASSERTIONS
iam	iam-rbac-scope-grant	RBACSG-ESCALATION-CLOSED :: bind-admin	GREEN
iam	iam-rbac-scope-grant	RBACSG-ESCALATION-CLOSED :: create-role-admin	GREEN
iam	iam-rbac-scope-grant	RBACSG-ESCALATION-CLOSED :: neg-no-scope-grant-on-iam-role	GREEN
iam	iam-rbac-scope-grant	RBACSG-ESCALATION-CLOSED :: neg-no-scope-grant-on-vpc-subnet	GREEN
iam	iam-rbac-scope-grant	RBACSG-ESCALATION-CLOSED :: poll-bind-admin	GREEN
iam	iam-rbac-scope-grant	RBACSG-ESCALATION-CLOSED :: poll-bind-admin	NO-ASSERTIONS
iam	iam-rbac-scope-grant	RBACSG-ESCALATION-CLOSED :: poll-role-admin	GREEN
iam	iam-rbac-scope-grant	RBACSG-ESCALATION-CLOSED :: poll-role-admin	NO-ASSERTIONS
iam	iam-rbac-scope-grant	RBACSG-ESCALATION-CLOSED :: revoke-admin	GREEN
iam	iam-rbac-scope-grant	RBACSG-ESCALATION-CLOSED :: revoke-await-admin	GREEN
iam	iam-rbac-scope-grant	RBACSG-ESCALATION-CLOSED :: scope-grant-removed-admin-on-compute	GREEN
iam	iam-rbac-scope-grant	RBACSG-ESCALATION-CLOSED :: scope-grant-removed-v_delete-on-compute	GREEN
iam	iam-rbac-scope-grant	RBACSG-PER-VERB :: bind-getcreate	GREEN
iam	iam-rbac-scope-grant	RBACSG-PER-VERB :: create-role-getcreate	GREEN
iam	iam-rbac-scope-grant	RBACSG-PER-VERB :: poll-bind-getcreate	GREEN
iam	iam-rbac-scope-grant	RBACSG-PER-VERB :: poll-role-getcreate	GREEN
iam	iam-rbac-scope-grant	RBACSG-PER-VERB :: poll-role-getcreate	NO-ASSERTIONS
iam	iam-rbac-scope-grant	RBACSG-PER-VERB :: revoke-await-getcreate	GREEN
iam	iam-rbac-scope-grant	RBACSG-PER-VERB :: revoke-getcreate	GREEN
iam	iam-rbac-scope-grant	RBACSG-PER-VERB :: scope-grant-removed-v_create	GREEN
iam	iam-rbac-scope-grant	RBACSG-PER-VERB :: scope-grant-removed-v_delete	GREEN
iam	iam-rbac-scope-grant	RBACSG-PER-VERB :: scope-grant-removed-v_update	GREEN
iam	iam-rbac-subjects	RBACSUBJ-CR-MULTI-OK :: create-e30-group	GREEN
iam	iam-rbac-subjects	RBACSUBJ-CR-MULTI-OK :: create-multi-subject	GREEN
iam	iam-rbac-subjects	RBACSUBJ-CR-MULTI-OK :: mint-e30UserId	RED
iam	iam-rbac-subjects	RBACSUBJ-CR-MULTI-OK :: poll-capture-e30AcbId	RED
iam	iam-rbac-subjects	RBACSUBJ-CR-MULTI-OK :: poll-e30GrpOpId	GREEN
iam	iam-rbac-subjects	RBACSUBJ-CR-MULTI-OK :: poll-e30GrpOpId	GREEN
iam	iam-rbac-subjects	RBACSUBJ-CR-MULTI-OK :: teardown-group-e30GroupId	GREEN
iam	iam-rbac-subjects	RBACSUBJ-CR-VAL-SUBJECTS-EMPTY :: create-empty-subjects	GREEN
iam	iam-rbac-subjects	RBACSUBJ-CR-VAL-SUBJECTS-OVER32 :: create-33-subjects	GREEN
iam	iam-rbac-subjects	RBACSUBJ-EXPAND-FOREIGN-DENIED :: expand-access-foreign-object	GREEN
iam	iam-rbac-subjects	RBACSUBJ-EXPAND-GROUP-OK :: add-member-aaa	GREEN
iam	iam-rbac-subjects	RBACSUBJ-EXPAND-GROUP-OK :: add-member-aab	GREEN
iam	iam-rbac-subjects	RBACSUBJ-EXPAND-GROUP-OK :: bind-group-subject	GREEN
iam	iam-rbac-subjects	RBACSUBJ-EXPAND-GROUP-OK :: create-group	GREEN
iam	iam-rbac-subjects	RBACSUBJ-EXPAND-GROUP-OK :: expand-access-members	GREEN
iam	iam-rbac-subjects	RBACSUBJ-EXPAND-GROUP-OK :: expand-access-members	NO-ASSERTIONS
iam	iam-rbac-subjects	RBACSUBJ-EXPAND-GROUP-OK :: expand-access-members	NO-ASSERTIONS
iam	iam-rbac-subjects	RBACSUBJ-EXPAND-GROUP-OK :: poll-capture-e31AcbId	GREEN
iam	iam-rbac-subjects	RBACSUBJ-EXPAND-GROUP-OK :: poll-e31AddAaaOpId	GREEN
iam	iam-rbac-subjects	RBACSUBJ-EXPAND-GROUP-OK :: poll-e31AddAabOpId	GREEN
iam	iam-rbac-subjects	RBACSUBJ-EXPAND-GROUP-OK :: poll-e31GrpOpId	GREEN
iam	iam-rbac-subjects	RBACSUBJ-EXPAND-GROUP-OK :: poll-e31GrpOpId	GREEN
iam	iam-rbac-subjects	RBACSUBJ-EXPAND-GROUP-OK :: teardown-await-e31AcbId	GREEN
iam	iam-rbac-subjects	RBACSUBJ-EXPAND-GROUP-OK :: teardown-await-e31AcbId	NO-ASSERTIONS
iam	iam-rbac-subjects	RBACSUBJ-EXPAND-GROUP-OK :: teardown-await-e31AcbId	NO-ASSERTIONS
iam	iam-rbac-subjects	RBACSUBJ-EXPAND-GROUP-OK :: teardown-await-e31AcbId	NO-ASSERTIONS
iam	iam-rbac-subjects	RBACSUBJ-EXPAND-GROUP-OK :: teardown-await-e31AcbId	NO-ASSERTIONS
iam	iam-rbac-subjects	RBACSUBJ-EXPAND-GROUP-OK :: teardown-await-e31AcbId	NO-ASSERTIONS
iam	iam-rbac-subjects	RBACSUBJ-EXPAND-GROUP-OK :: teardown-e31AcbId	GREEN
iam	iam-rbac-subjects	RBACSUBJ-EXPAND-GROUP-OK :: teardown-group-e31GroupId	GREEN
iam	iam-rbac-subjects	RBACSUBJ-EXPAND-GROUP-OK :: teardown-unmember-e31GroupId-0	GREEN
iam	iam-rbac-subjects	RBACSUBJ-EXPAND-GROUP-OK :: teardown-unmember-e31GroupId-1	GREEN
iam	iam-rbac-subjects	RBACSUBJ-EXPAND-UNAUTH :: expand-access-anon	GREEN
iam	iam-rbac-subjects	RBACSUBJ-EXPAND-VAL-RELATION :: expand-access-unknown-relation	GREEN
iam	iam-rbac-subjects	RBACSUBJ-GROUP-GRANTS-MEMBER-OK :: add-member	GREEN
iam	iam-rbac-subjects	RBACSUBJ-GROUP-GRANTS-MEMBER-OK :: bind-group-subject	GREEN
iam	iam-rbac-subjects	RBACSUBJ-GROUP-GRANTS-MEMBER-OK :: check-member-allowed	GREEN
iam	iam-rbac-subjects	RBACSUBJ-GROUP-GRANTS-MEMBER-OK :: check-member-allowed	NO-ASSERTIONS
iam	iam-rbac-subjects	RBACSUBJ-GROUP-GRANTS-MEMBER-OK :: check-member-allowed	NO-ASSERTIONS
iam	iam-rbac-subjects	RBACSUBJ-GROUP-GRANTS-MEMBER-OK :: create-group	GREEN
iam	iam-rbac-subjects	RBACSUBJ-GROUP-GRANTS-MEMBER-OK :: poll-capture-gmGrantAcbId	GREEN
iam	iam-rbac-subjects	RBACSUBJ-GROUP-GRANTS-MEMBER-OK :: poll-gmGrantAddOpId	GREEN
iam	iam-rbac-subjects	RBACSUBJ-GROUP-GRANTS-MEMBER-OK :: poll-gmGrantGrpOpId	GREEN
iam	iam-rbac-subjects	RBACSUBJ-GROUP-GRANTS-MEMBER-OK :: poll-gmGrantGrpOpId	GREEN
iam	iam-rbac-subjects	RBACSUBJ-GROUP-GRANTS-MEMBER-OK :: teardown-await-gmGrantAcbId	GREEN
iam	iam-rbac-subjects	RBACSUBJ-GROUP-GRANTS-MEMBER-OK :: teardown-await-gmGrantAcbId	NO-ASSERTIONS
iam	iam-rbac-subjects	RBACSUBJ-GROUP-GRANTS-MEMBER-OK :: teardown-await-gmGrantAcbId	NO-ASSERTIONS
iam	iam-rbac-subjects	RBACSUBJ-GROUP-GRANTS-MEMBER-OK :: teardown-await-gmGrantAcbId	NO-ASSERTIONS
iam	iam-rbac-subjects	RBACSUBJ-GROUP-GRANTS-MEMBER-OK :: teardown-await-gmGrantAcbId	NO-ASSERTIONS
iam	iam-rbac-subjects	RBACSUBJ-GROUP-GRANTS-MEMBER-OK :: teardown-await-gmGrantAcbId	NO-ASSERTIONS
iam	iam-rbac-subjects	RBACSUBJ-GROUP-GRANTS-MEMBER-OK :: teardown-gmGrantAcbId	GREEN
iam	iam-rbac-subjects	RBACSUBJ-GROUP-GRANTS-MEMBER-OK :: teardown-group-gmGrantGroupId	GREEN
iam	iam-rbac-subjects	RBACSUBJ-GROUP-GRANTS-MEMBER-OK :: teardown-unmember-gmGrantGroupId-0	GREEN
iam	iam-rbac-subjects	RBACSUBJ-LISTBYROLE-OK :: create-binding-for-role	GREEN
iam	iam-rbac-subjects	RBACSUBJ-LISTBYROLE-OK :: listbyrole-includes-binding	RED
iam	iam-rbac-subjects	RBACSUBJ-LISTBYROLE-OK :: mint-e33UserId	RED
iam	iam-rbac-subjects	RBACSUBJ-LISTBYROLE-OK :: poll-capture-e33AcbId	RED
iam	iam-rbac-subjects	RBACSUBJ-LISTBYROLE-UNAUTH :: listbyrole-anon	GREEN
iam	iam-rbac-subjects	RBACSUBJ-LISTBYROLE-VAL-MALFORMED :: listbyrole-malformed	GREEN
iam	iam-rbac-subjects	RBACSUBJ-PROJ-LEGACYAUTHOR-SUBJECTS-FILLED :: create-legacy-form	GREEN
iam	iam-rbac-subjects	RBACSUBJ-PROJ-LEGACYAUTHOR-SUBJECTS-FILLED :: mint-e34LegUserId	RED
iam	iam-rbac-subjects	RBACSUBJ-PROJ-LEGACYAUTHOR-SUBJECTS-FILLED :: poll-capture-e34LegAcbId	RED
iam	iam-rbac-subjects	RBACSUBJ-PROJ-NEWAUTHOR-LEGACY-FILLED :: create-new-form	GREEN
iam	iam-rbac-subjects	RBACSUBJ-PROJ-NEWAUTHOR-LEGACY-FILLED :: mint-e34NewUserId	RED
iam	iam-rbac-subjects	RBACSUBJ-PROJ-NEWAUTHOR-LEGACY-FILLED :: poll-capture-e34NewAcbId	RED
iam	iam-read-authz-vget	IAM-RDAUTHZ-ACC-GT-GRANTED-NONOWNER-OK :: get-account-as-granted-invitee	NO-ASSERTIONS
iam	iam-read-authz-vget	IAM-RDAUTHZ-ACC-GT-GRANTED-NONOWNER-OK :: get-account-as-granted-invitee	NO-ASSERTIONS
iam	iam-read-authz-vget	IAM-RDAUTHZ-ACC-GT-GRANTED-NONOWNER-OK :: get-account-as-granted-invitee	NO-ASSERTIONS
iam	iam-read-authz-vget	IAM-RDAUTHZ-ACC-GT-GRANTED-NONOWNER-OK :: get-account-as-granted-invitee	NO-ASSERTIONS
iam	iam-read-authz-vget	IAM-RDAUTHZ-ACC-GT-GRANTED-NONOWNER-OK :: get-account-as-granted-invitee	NO-ASSERTIONS
iam	iam-read-authz-vget	IAM-RDAUTHZ-ACC-GT-GRANTED-NONOWNER-OK :: get-account-as-granted-invitee	NO-ASSERTIONS
iam	iam-read-authz-vget	IAM-RDAUTHZ-ACC-GT-GRANTED-NONOWNER-OK :: get-account-as-granted-invitee	NO-ASSERTIONS
iam	iam-read-authz-vget	IAM-RDAUTHZ-ACC-GT-GRANTED-NONOWNER-OK :: get-account-as-granted-invitee	NO-ASSERTIONS
iam	iam-read-authz-vget	IAM-RDAUTHZ-ACC-GT-GRANTED-NONOWNER-OK :: get-account-as-granted-invitee	NO-ASSERTIONS
iam	iam-read-authz-vget	IAM-RDAUTHZ-ACC-GT-GRANTED-NONOWNER-OK :: get-account-as-granted-invitee	NO-ASSERTIONS
iam	iam-read-authz-vget	IAM-RDAUTHZ-ACC-GT-GRANTED-NONOWNER-OK :: get-account-as-granted-invitee	NO-ASSERTIONS
iam	iam-read-authz-vget	IAM-RDAUTHZ-ACC-GT-GRANTED-NONOWNER-OK :: get-account-as-granted-invitee	NO-ASSERTIONS
iam	iam-read-authz-vget	IAM-RDAUTHZ-ACC-GT-GRANTED-NONOWNER-OK :: get-account-as-granted-invitee	NO-ASSERTIONS
iam	iam-read-authz-vget	IAM-RDAUTHZ-ACC-GT-GRANTED-NONOWNER-OK :: get-account-as-granted-invitee	NO-ASSERTIONS
iam	iam-read-authz-vget	IAM-RDAUTHZ-ACC-GT-GRANTED-NONOWNER-OK :: get-account-as-granted-invitee	NO-ASSERTIONS
iam	iam-read-authz-vget	IAM-RDAUTHZ-ACC-GT-GRANTED-NONOWNER-OK :: get-account-as-granted-invitee	NO-ASSERTIONS
iam	iam-read-authz-vget	IAM-RDAUTHZ-ACC-GT-GRANTED-NONOWNER-OK :: get-account-as-granted-invitee	NO-ASSERTIONS
iam	iam-read-authz-vget	IAM-RDAUTHZ-ACC-GT-GRANTED-NONOWNER-OK :: get-account-as-granted-invitee	NO-ASSERTIONS
iam	iam-read-authz-vget	IAM-RDAUTHZ-ACC-GT-GRANTED-NONOWNER-OK :: get-account-as-granted-invitee	NO-ASSERTIONS
iam	iam-read-authz-vget	IAM-RDAUTHZ-ACC-GT-GRANTED-NONOWNER-OK :: get-account-as-granted-invitee	NO-ASSERTIONS
iam	iam-read-authz-vget	IAM-RDAUTHZ-ACC-GT-GRANTED-NONOWNER-OK :: get-account-as-granted-invitee	NO-ASSERTIONS
iam	iam-read-authz-vget	IAM-RDAUTHZ-ACC-GT-GRANTED-NONOWNER-OK :: get-account-as-granted-invitee	NO-ASSERTIONS
iam	iam-read-authz-vget	IAM-RDAUTHZ-ACC-GT-GRANTED-NONOWNER-OK :: get-account-as-granted-invitee	NO-ASSERTIONS
iam	iam-read-authz-vget	IAM-RDAUTHZ-ACC-GT-GRANTED-NONOWNER-OK :: get-account-as-granted-invitee	NO-ASSERTIONS
iam	iam-read-authz-vget	IAM-RDAUTHZ-ACC-GT-GRANTED-NONOWNER-OK :: get-account-as-granted-invitee	NO-ASSERTIONS
iam	iam-read-authz-vget	IAM-RDAUTHZ-ACC-GT-GRANTED-NONOWNER-OK :: get-account-as-granted-invitee	NO-ASSERTIONS
iam	iam-read-authz-vget	IAM-RDAUTHZ-ACC-GT-GRANTED-NONOWNER-OK :: get-account-as-granted-invitee	NO-ASSERTIONS
iam	iam-read-authz-vget	IAM-RDAUTHZ-ACC-GT-GRANTED-NONOWNER-OK :: get-account-as-granted-invitee	NO-ASSERTIONS
iam	iam-read-authz-vget	IAM-RDAUTHZ-ACC-GT-GRANTED-NONOWNER-OK :: get-account-as-granted-invitee	NO-ASSERTIONS
iam	iam-read-authz-vget	IAM-RDAUTHZ-ACC-GT-GRANTED-NONOWNER-OK :: get-account-as-granted-invitee	NO-ASSERTIONS
iam	iam-read-authz-vget	IAM-RDAUTHZ-ACC-GT-GRANTED-NONOWNER-OK :: get-account-as-granted-invitee	NO-ASSERTIONS
iam	iam-read-authz-vget	IAM-RDAUTHZ-ACC-GT-GRANTED-NONOWNER-OK :: get-account-as-granted-invitee	NO-ASSERTIONS
iam	iam-read-authz-vget	IAM-RDAUTHZ-ACC-GT-GRANTED-NONOWNER-OK :: get-account-as-granted-invitee	NO-ASSERTIONS
iam	iam-read-authz-vget	IAM-RDAUTHZ-ACC-GT-GRANTED-NONOWNER-OK :: get-account-as-granted-invitee	NO-ASSERTIONS
iam	iam-read-authz-vget	IAM-RDAUTHZ-ACC-GT-GRANTED-NONOWNER-OK :: get-account-as-granted-invitee	NO-ASSERTIONS
iam	iam-read-authz-vget	IAM-RDAUTHZ-ACC-GT-GRANTED-NONOWNER-OK :: get-account-as-granted-invitee	NO-ASSERTIONS
iam	iam-read-authz-vget	IAM-RDAUTHZ-ACC-GT-GRANTED-NONOWNER-OK :: get-account-as-granted-invitee	NO-ASSERTIONS
iam	iam-read-authz-vget	IAM-RDAUTHZ-ACC-GT-GRANTED-NONOWNER-OK :: get-account-as-granted-invitee	NO-ASSERTIONS
iam	iam-read-authz-vget	IAM-RDAUTHZ-ACC-GT-GRANTED-NONOWNER-OK :: get-account-as-granted-invitee	NO-ASSERTIONS
iam	iam-read-authz-vget	IAM-RDAUTHZ-ACC-GT-GRANTED-NONOWNER-OK :: get-account-as-granted-invitee	NO-ASSERTIONS
iam	iam-read-authz-vget	IAM-RDAUTHZ-ACC-GT-GRANTED-NONOWNER-OK :: get-account-as-granted-invitee	NO-ASSERTIONS
iam	iam-read-authz-vget	IAM-RDAUTHZ-ACC-GT-GRANTED-NONOWNER-OK :: get-account-as-granted-invitee	NO-ASSERTIONS
iam	iam-read-authz-vget	IAM-RDAUTHZ-ACC-GT-GRANTED-NONOWNER-OK :: get-account-as-granted-invitee	NO-ASSERTIONS
iam	iam-read-authz-vget	IAM-RDAUTHZ-ACC-GT-GRANTED-NONOWNER-OK :: get-account-as-granted-invitee	NO-ASSERTIONS
iam	iam-read-authz-vget	IAM-RDAUTHZ-ACC-GT-GRANTED-NONOWNER-OK :: get-account-as-granted-invitee	NO-ASSERTIONS
iam	iam-read-authz-vget	IAM-RDAUTHZ-ACC-GT-GRANTED-NONOWNER-OK :: get-account-as-granted-invitee	NO-ASSERTIONS
iam	iam-read-authz-vget	IAM-RDAUTHZ-ACC-GT-GRANTED-NONOWNER-OK :: get-account-as-granted-invitee	NO-ASSERTIONS
iam	iam-read-authz-vget	IAM-RDAUTHZ-ACC-GT-GRANTED-NONOWNER-OK :: get-account-as-granted-invitee	NO-ASSERTIONS
iam	iam-read-authz-vget	IAM-RDAUTHZ-ACC-GT-GRANTED-NONOWNER-OK :: get-account-as-granted-invitee	NO-ASSERTIONS
iam	iam-read-authz-vget	IAM-RDAUTHZ-ACC-GT-GRANTED-NONOWNER-OK :: get-account-as-granted-invitee	NO-ASSERTIONS
iam	iam-read-authz-vget	IAM-RDAUTHZ-ACC-GT-GRANTED-NONOWNER-OK :: get-account-as-granted-invitee	RED
iam	iam-read-authz-vget	IAM-RDAUTHZ-ACC-GT-GRANTED-NONOWNER-OK :: grant-op-success	GREEN
iam	iam-read-authz-vget	IAM-RDAUTHZ-ACC-GT-GRANTED-NONOWNER-OK :: grant-view	GREEN
iam	iam-read-authz-vget	IAM-RDAUTHZ-ACC-GT-GRANTED-NONOWNER-OK :: poll-op	GREEN
iam	iam-read-authz-vget	IAM-RDAUTHZ-ACC-GT-GRANTED-NONOWNER-OK :: pre-clean-list	GREEN
iam	iam-read-authz-vget	IAM-RDAUTHZ-ACC-GT-GRANTED-NONOWNER-OK :: teardown-grant-await	GREEN
iam	iam-read-authz-vget	IAM-RDAUTHZ-ACC-GT-GRANTED-NONOWNER-OK :: teardown-grant-await	NO-ASSERTIONS
iam	iam-read-authz-vget	IAM-RDAUTHZ-ACC-GT-GRANTED-NONOWNER-OK :: teardown-grant-await	NO-ASSERTIONS
iam	iam-read-authz-vget	IAM-RDAUTHZ-ACC-GT-GRANTED-NONOWNER-OK :: teardown-grant-await	NO-ASSERTIONS
iam	iam-read-authz-vget	IAM-RDAUTHZ-ACC-GT-GRANTED-NONOWNER-OK :: teardown-grant	GREEN
iam	iam-read-authz-vget	IAM-RDAUTHZ-ACC-GT-NONEXISTENT-EQ-DENIED :: get-account-nonexistent	GREEN
iam	iam-read-authz-vget	IAM-RDAUTHZ-ACC-GT-NONGRANTED-DENY :: get-account-non-granted	GREEN
iam	iam-role	IAM-ROL-CR-AUTHZ-ANON-DENY :: create-anon	GREEN
iam	iam-role	IAM-ROL-CR-AUTHZ-FOREIGN-ACCOUNT-DENY :: create-foreign-account	GREEN
iam	iam-role	IAM-ROL-CR-AUTHZ-NONADMIN-DENY :: create-nonadmin	GREEN
iam	iam-role	IAM-ROL-CR-CRUD-OK :: create	GREEN
iam	iam-role	IAM-ROL-CR-CRUD-OK :: get-confirms-rya22	GREEN
iam	iam-role	IAM-ROL-CR-CRUD-OK :: poll-op	GREEN
iam	iam-role	IAM-ROL-CR-CRUD-OK :: poll-op	GREEN
iam	iam-role	IAM-ROL-CR-NEG-BOTH-SCOPES :: create-both-scopes	GREEN
iam	iam-role	IAM-ROL-CR-NEG-MODULE-UNKNOWN :: create-unknown-module	GREEN
iam	iam-role	IAM-ROL-CR-NEG-NAME-INVALID :: create-bad-name	GREEN
iam	iam-role	IAM-ROL-CR-NEG-NO-SCOPE :: create-no-scope	GREEN
iam	iam-role	IAM-ROL-CR-NEG-PERMISSIONS-REJECTED :: create-with-permissions	GREEN
iam	iam-role	IAM-ROL-CR-NEG-RULE-INVALID :: create-bad-rule	GREEN
iam	iam-role	IAM-ROL-CR-PROJECT-SCOPED :: create-project-212	GREEN
iam	iam-role	IAM-ROL-CR-PROJECT-SCOPED :: create-project-role	GREEN
iam	iam-role	IAM-ROL-CR-PROJECT-SCOPED :: get-confirms-project-scope	GREEN
iam	iam-role	IAM-ROL-CR-PROJECT-SCOPED :: poll-op #2	GREEN
iam	iam-role	IAM-ROL-CR-PROJECT-SCOPED :: poll-op #2	GREEN
iam	iam-role	IAM-ROL-CR-PROJECT-SCOPED :: poll-op	GREEN
iam	iam-role	IAM-ROL-CR-PROJECT-SCOPED :: poll-op	GREEN
iam	iam-role	IAM-ROL-CR-PROJECT-SCOPED :: stash-project-212	GREEN
iam	iam-role	IAM-ROL-CR-RULES-CAP-OVER-DENY :: create-over-cap	GREEN
iam	iam-role	IAM-ROL-CR-RULES-EMPTY-DENY :: create-empty-rules	GREEN
iam	iam-role	IAM-ROL-CR-RULES-FEEDGATE-IAMPROJECT-OK :: assert-op-success	GREEN
iam	iam-role	IAM-ROL-CR-RULES-FEEDGATE-IAMPROJECT-OK :: create-label-only	GREEN
iam	iam-role	IAM-ROL-CR-RULES-FEEDGATE-IAMPROJECT-OK :: poll-op	GREEN
iam	iam-role	IAM-ROL-CR-RULES-FEEDGATE-IAMPROJECT-OK :: poll-op	GREEN
iam	iam-role	IAM-ROL-CR-RULES-FEEDGATE-IAMROLE-OK :: create-feedgate-iamrole	GREEN
iam	iam-role	IAM-ROL-CR-RULES-FEEDGATE-IAMROLE-OK :: poll-feedgate-iamrole	GREEN
iam	iam-role	IAM-ROL-CR-RULES-FEEDGATE-IAMROLE-OK :: poll-feedgate-iamrole	NO-ASSERTIONS
iam	iam-role	IAM-ROL-CR-RULES-MODULE-STAR-DENY :: create-module-star	GREEN
iam	iam-role	IAM-ROL-CR-RULES-RESOURCE-STAR-DENY :: create-resource-star	GREEN
iam	iam-role	IAM-ROL-CR-RULES-VERB-STAR-OK :: create-verb-star	GREEN
iam	iam-role	IAM-ROL-CR-RULES-VERB-STAR-OK :: get-verb-star	GREEN
iam	iam-role	IAM-ROL-CR-RULES-VERB-STAR-OK :: poll-op	GREEN
iam	iam-role	IAM-ROL-CR-RULES-VERB-STAR-OK :: poll-op	GREEN
iam	iam-role	IAM-ROL-CR-RULES-XOR-DENY :: create-xor	GREEN
iam	iam-role	IAM-ROL-CR-T33-NEG-BADLABELS :: create-bad-labels	GREEN
iam	iam-role	IAM-ROL-DL-AUTHZ-NONADMIN-DENY :: delete-nonadmin	GREEN
iam	iam-role	IAM-ROL-DL-CRUD-OK :: delete	GREEN
iam	iam-role	IAM-ROL-DL-CRUD-OK :: get-after-delete	GREEN
iam	iam-role	IAM-ROL-DL-CRUD-OK :: poll-op	GREEN
iam	iam-role	IAM-ROL-DL-NEG-IN-USE :: a16-create-binding	GREEN
iam	iam-role	IAM-ROL-DL-NEG-IN-USE :: a16-create-role	GREEN
iam	iam-role	IAM-ROL-DL-NEG-IN-USE :: a16-delete-in-use	GREEN
iam	iam-role	IAM-ROL-DL-NEG-IN-USE :: a16-delete-ok	GREEN
iam	iam-role	IAM-ROL-DL-NEG-IN-USE :: a16-get-after-delete	GREEN
iam	iam-role	IAM-ROL-DL-NEG-IN-USE :: a16-poll-delete-in-use	GREEN
iam	iam-role	IAM-ROL-DL-NEG-IN-USE :: a16-poll-delete-in-use	GREEN
iam	iam-role	IAM-ROL-DL-NEG-IN-USE :: a16-poll-delete-ok	GREEN
iam	iam-role	IAM-ROL-DL-NEG-IN-USE :: a16-purge-binding	GREEN
iam	iam-role	IAM-ROL-DL-NEG-IN-USE :: a16-role-still-present	GREEN
iam	iam-role	IAM-ROL-DL-NEG-IN-USE :: poll-op #2	GREEN
iam	iam-role	IAM-ROL-DL-NEG-IN-USE :: poll-op #3	GREEN
iam	iam-role	IAM-ROL-DL-NEG-IN-USE :: poll-op #3	GREEN
iam	iam-role	IAM-ROL-DL-NEG-IN-USE :: poll-op	GREEN
iam	iam-role	IAM-ROL-DL-NEG-IN-USE :: poll-op	GREEN
iam	iam-role	IAM-ROL-DL-NEG-SYSTEM :: delete-system	GREEN
iam	iam-role	IAM-ROL-DL-NEG-SYSTEM :: poll-system-delete	GREEN
iam	iam-role	IAM-ROLE-F52-PERMS-REJECTED :: create-role-with-permissions	GREEN
iam	iam-role	IAM-ROLE-F52-RULES-PUBLIC :: get-system-role-rules-public	GREEN
iam	iam-role	IAM-ROLE-F52-RULES-PUBLIC :: list-roles-resolve-system	GREEN
iam	iam-role	IAM-ROL-GT-CRUD-OK :: get-system	GREEN
iam	iam-role	IAM-ROL-GT-NEG-FOREIGN-CUSTOM-404 :: get-foreign-custom-ungranted	GREEN
iam	iam-role	IAM-ROL-GT-NEG-NOTFOUND :: get-notfound	GREEN
iam	iam-role	IAM-ROL-LS-AUTHZ-ANON :: list-anon	GREEN
iam	iam-role	IAM-ROL-LS-BVA-PAGESIZE-0 :: ls-ps0	GREEN
iam	iam-role	IAM-ROL-LS-BVA-PAGESIZE-1 :: ls-ps1	GREEN
iam	iam-role	IAM-ROL-LS-BVA-PAGESIZE-MAX :: ls-ps1000	GREEN
iam	iam-role	IAM-ROL-LS-BVA-PAGESIZE-OVER :: ls-ps1001	GREEN
iam	iam-role	IAM-ROL-LS-NEG-NO-FOREIGN-CUSTOM :: list-foreign-account	GREEN
iam	iam-role	IAM-ROL-LSOP-CRUD-OK :: create-for-lsop	GREEN
iam	iam-role	IAM-ROL-LSOP-CRUD-OK :: list-ops	GREEN
iam	iam-role	IAM-ROL-LSOP-CRUD-OK :: poll-create-lsop	NO-ASSERTIONS
iam	iam-role	IAM-ROL-LSOP-CRUD-OK :: poll-create-lsop	NO-ASSERTIONS
iam	iam-role	IAM-ROL-LSOP-NEG-PAGE-TOKEN-GARBAGE :: assert-op-success	GREEN
iam	iam-role	IAM-ROL-LSOP-NEG-PAGE-TOKEN-GARBAGE :: cleanup-lsop-role	NO-ASSERTIONS
iam	iam-role	IAM-ROL-LSOP-NEG-PAGE-TOKEN-GARBAGE :: lsop-bad-token-rya23	RED
iam	iam-role	IAM-ROL-LSOP-NEG-PAGE-TOKEN-GARBAGE :: poll-op #2	GREEN
iam	iam-role	IAM-ROL-LSOP-NEG-PAGE-TOKEN-GARBAGE :: poll-op	GREEN
iam	iam-role	IAM-ROL-LSOP-NEG-PAGE-TOKEN-GARBAGE :: poll-op	GREEN
iam	iam-role	IAM-ROL-LSOP-NEG-PAGE-TOKEN-GARBAGE :: seed-lsop-role	GREEN
iam	iam-role	IAM-ROL-LS-SYSTEM-ONLY-NO-ACCOUNT :: list-system	GREEN
iam	iam-role	IAM-ROL-LS-SYSTEM-PLUS-CUSTOM-WITH-ACCOUNT :: list-with-account	GREEN
iam	iam-role	IAM-ROL-UP-AUTHZ-NONADMIN-DENY :: update-nonadmin	GREEN
iam	iam-role	IAM-ROL-UP-CRUD-OK :: get-confirms-update	GREEN
iam	iam-role	IAM-ROL-UP-CRUD-OK :: poll-op	GREEN
iam	iam-role	IAM-ROL-UP-CRUD-OK :: update	GREEN
iam	iam-role	IAM-ROL-UP-NEG-NOTFOUND :: update-notfound	GREEN
iam	iam-role	IAM-ROL-UP-NEG-SYSTEM-NO-PATH :: update-system	GREEN
iam	iam-role	IAM-ROL-UP-T33-LABELS-OK :: assert-op-success #2	GREEN
iam	iam-role	IAM-ROL-UP-T33-LABELS-OK :: assert-op-success	GREEN
iam	iam-role	IAM-ROL-UP-T33-LABELS-OK :: cleanup-t33-role	NO-ASSERTIONS
iam	iam-role	IAM-ROL-UP-T33-LABELS-OK :: get-confirms-labels	GREEN
iam	iam-role	IAM-ROL-UP-T33-LABELS-OK :: list-roles-visible	GREEN
iam	iam-role	IAM-ROL-UP-T33-LABELS-OK :: poll-op #2	GREEN
iam	iam-role	IAM-ROL-UP-T33-LABELS-OK :: poll-op #3	GREEN
iam	iam-role	IAM-ROL-UP-T33-LABELS-OK :: poll-op	GREEN
iam	iam-role	IAM-ROL-UP-T33-LABELS-OK :: poll-op	GREEN
iam	iam-role	IAM-ROL-UP-T33-LABELS-OK :: seed-labels-role	GREEN
iam	iam-role	IAM-ROL-UP-T33-LABELS-OK :: update-labels-rya24	GREEN
iam	iam-role-redesign	IAM-ROL-RD-CR-DEFINITIONTIER-EMPTY-TIERTYPE-NEG :: create-role-empty-tiertype	GREEN
iam	iam-role-redesign	IAM-ROL-RD-CR-DEFINITIONTIER-OK :: assert-op-success	GREEN
iam	iam-role-redesign	IAM-ROL-RD-CR-DEFINITIONTIER-OK :: cleanup-role-tier	NO-ASSERTIONS
iam	iam-role-redesign	IAM-ROL-RD-CR-DEFINITIONTIER-OK :: create-role-tier	GREEN
iam	iam-role-redesign	IAM-ROL-RD-CR-DEFINITIONTIER-OK :: get-role-tier-rya20	GREEN
iam	iam-role-redesign	IAM-ROL-RD-CR-DEFINITIONTIER-OK :: poll-op #2	GREEN
iam	iam-role-redesign	IAM-ROL-RD-CR-DEFINITIONTIER-OK :: poll-op	GREEN
iam	iam-role-redesign	IAM-ROL-RD-CR-DEFINITIONTIER-OK :: poll-op	GREEN
iam	iam-role-redesign	IAM-ROL-RD-CR-EMPTY-RULES-REJECT-NEG :: create-role-empty-rules	GREEN
iam	iam-role-redesign	IAM-ROL-RD-CR-LEGACY-BOTH-SCOPES-XOR-NEG :: create-role-both-scopes	GREEN
iam	iam-role-redesign	IAM-ROL-RD-CR-PERMISSIONS-INPUT-REJECT-NEG :: create-role-with-permissions	GREEN
iam	iam-role-redesign	IAM-ROL-RD-CR-UNKNOWN-RESOURCE-TOKEN-NEG :: create-role-typo-resource	GREEN
iam	iam-role-redesign	IAM-ROL-RD-DL-SYSTEM-NEG :: assert-system-delete-op-error	GREEN
iam	iam-role-redesign	IAM-ROL-RD-DL-SYSTEM-NEG :: delete-system-role	GREEN
iam	iam-role-redesign	IAM-ROL-RD-GT-NO-COMPILED-PERMISSIONS :: assert-op-success	GREEN
iam	iam-role-redesign	IAM-ROL-RD-GT-NO-COMPILED-PERMISSIONS :: cleanup-role-proj	NO-ASSERTIONS
iam	iam-role-redesign	IAM-ROL-RD-GT-NO-COMPILED-PERMISSIONS :: get-role-no-compiled-rya21	GREEN
iam	iam-role-redesign	IAM-ROL-RD-GT-NO-COMPILED-PERMISSIONS :: poll-op #2	GREEN
iam	iam-role-redesign	IAM-ROL-RD-GT-NO-COMPILED-PERMISSIONS :: poll-op	GREEN
iam	iam-role-redesign	IAM-ROL-RD-GT-NO-COMPILED-PERMISSIONS :: poll-op	GREEN
iam	iam-role-redesign	IAM-ROL-RD-GT-NO-COMPILED-PERMISSIONS :: seed-role-for-projection	GREEN
iam	iam-role-redesign	IAM-ROL-RD-LS-CANONICAL-CATALOG-OK :: list-catalog	GREEN
iam	iam-role-redesign	IAM-ROL-RD-UP-SYSTEM-IMMUTABLE-NEG :: update-system-role	GREEN
iam	iam-service-account	IAM-SVA-CR-AUTHZ-ANON-DENY :: create-anon	GREEN
iam	iam-service-account	IAM-SVA-CR-AUTHZ-NONADMIN-DENY :: create-nonadmin	GREEN
iam	iam-service-account	IAM-SVA-CR-CRUD-OK :: create	GREEN
iam	iam-service-account	IAM-SVA-CR-CRUD-OK :: get-confirms-rya25	GREEN
iam	iam-service-account	IAM-SVA-CR-CRUD-OK :: poll-op	GREEN
iam	iam-service-account	IAM-SVA-CR-CRUD-OK :: poll-op	GREEN
iam	iam-service-account	IAM-SVA-CR-NEG-NAME-DUP :: assert-op-error	GREEN
iam	iam-service-account	IAM-SVA-CR-NEG-NAME-DUP :: create-dup	GREEN
iam	iam-service-account	IAM-SVA-CR-NEG-NAME-INVALID :: create-invalid	GREEN
iam	iam-service-account	IAM-SVA-CR-NEG-PROJECT-MISSING :: create-bad-account	GREEN
iam	iam-service-account	IAM-SVA-DIS-CRUD-OK :: assert-op-success #7	GREEN
iam	iam-service-account	IAM-SVA-DIS-CRUD-OK :: assert-op-success	GREEN
iam	iam-service-account	IAM-SVA-DIS-CRUD-OK :: cleanup-delete-sa	GREEN
iam	iam-service-account	IAM-SVA-DIS-CRUD-OK :: create-sa	GREEN
iam	iam-service-account	IAM-SVA-DIS-CRUD-OK :: disable-again-idempotent	RED
iam	iam-service-account	IAM-SVA-DIS-CRUD-OK :: disable-rya27	RED
iam	iam-service-account	IAM-SVA-DIS-CRUD-OK :: enable	RED
iam	iam-service-account	IAM-SVA-DIS-CRUD-OK :: get-confirms-disabled	RED
iam	iam-service-account	IAM-SVA-DIS-CRUD-OK :: get-confirms-enabled-again	GREEN
iam	iam-service-account	IAM-SVA-DIS-CRUD-OK :: get-confirms-enabled	GREEN
iam	iam-service-account	IAM-SVA-DIS-CRUD-OK :: issue-key-after-enable-rya28	RED
iam	iam-service-account	IAM-SVA-DIS-CRUD-OK :: issue-key-while-disabled	RED
iam	iam-service-account	IAM-SVA-DIS-CRUD-OK :: issue-key-while-enabled-rya26	RED
iam	iam-service-account	IAM-SVA-DIS-CRUD-OK :: poll-op #7	GREEN
iam	iam-service-account	IAM-SVA-DIS-CRUD-OK :: poll-op	GREEN
iam	iam-service-account	IAM-SVA-DIS-CRUD-OK :: poll-op	GREEN
iam	iam-service-account	IAM-SVA-DIS-NEG-CROSS-ACCOUNT :: assert-op-success #2	GREEN
iam	iam-service-account	IAM-SVA-DIS-NEG-CROSS-ACCOUNT :: assert-op-success	GREEN
iam	iam-service-account	IAM-SVA-DIS-NEG-CROSS-ACCOUNT :: cleanup-victim-sa	GREEN
iam	iam-service-account	IAM-SVA-DIS-NEG-CROSS-ACCOUNT :: create-victim-sa	GREEN
iam	iam-service-account	IAM-SVA-DIS-NEG-CROSS-ACCOUNT :: cross-account-disable-denied	GREEN
iam	iam-service-account	IAM-SVA-DIS-NEG-CROSS-ACCOUNT :: poll-op #2	GREEN
iam	iam-service-account	IAM-SVA-DIS-NEG-CROSS-ACCOUNT :: poll-op	GREEN
iam	iam-service-account	IAM-SVA-DIS-NEG-CROSS-ACCOUNT :: poll-op	GREEN
iam	iam-service-account	IAM-SVA-DIS-NEG-CROSS-ACCOUNT :: victim-still-enabled	GREEN
iam	iam-service-account	IAM-SVA-DIS-NEG-NOTFOUND :: disable-absent	RED
iam	iam-service-account	IAM-SVA-DL-AUTHZ-ANON-DENY :: delete-anon	GREEN
iam	iam-service-account	IAM-SVA-DL-CRUD-OK :: delete	GREEN
iam	iam-service-account	IAM-SVA-DL-CRUD-OK :: get-after-delete	GREEN
iam	iam-service-account	IAM-SVA-DL-CRUD-OK :: poll-op	GREEN
iam	iam-service-account	IAM-SVA-DL-NEG-NOTFOUND :: delete-notfound	GREEN
iam	iam-service-account	IAM-SVA-GT-AUTHZ-FOREIGN-DENY :: get-foreign	GREEN
iam	iam-service-account	IAM-SVA-GT-CRUD-OK :: get-ok	GREEN
iam	iam-service-account	IAM-SVA-GT-NEG-NOTFOUND :: get-notfound	GREEN
iam	iam-service-account	IAM-SVA-LS-AUTHZ-ANON-DENY :: list-anon	GREEN
iam	iam-service-account	IAM-SVA-LS-AUTHZ-SCOPE-NONMEMBER-EMPTY :: list-nonmember	GREEN
iam	iam-service-account	IAM-SVA-LS-BVA-PAGESIZE-0 :: ls-ps0	GREEN
iam	iam-service-account	IAM-SVA-LS-BVA-PAGESIZE-1 :: ls-ps1	GREEN
iam	iam-service-account	IAM-SVA-LS-BVA-PAGESIZE-MAX :: ls-ps1000	GREEN
iam	iam-service-account	IAM-SVA-LS-BVA-PAGESIZE-OVER :: ls-ps1001	GREEN
iam	iam-service-account	IAM-SVA-LS-CRUD-OK :: list-ok	GREEN
iam	iam-service-account	IAM-SVA-LSOP-CRUD-OK :: create-for-lsop	GREEN
iam	iam-service-account	IAM-SVA-LSOP-CRUD-OK :: list-ops	GREEN
iam	iam-service-account	IAM-SVA-LSOP-CRUD-OK :: poll-create-lsop	NO-ASSERTIONS
iam	iam-service-account	IAM-SVA-LSOP-CRUD-OK :: poll-create-lsop	NO-ASSERTIONS
iam	iam-service-account	IAM-SVA-LSOP-NEG-NOTFOUND :: list-ops-notfound	GREEN
iam	iam-service-account	IAM-SVA-UP-AUTHZ-NONADMIN-DENY :: update-nonadmin	GREEN
iam	iam-service-account	IAM-SVA-UP-CRUD-OK :: get-confirms-update	GREEN
iam	iam-service-account	IAM-SVA-UP-CRUD-OK :: poll-op	GREEN
iam	iam-service-account	IAM-SVA-UP-CRUD-OK :: update	GREEN
iam	iam-service-account	IAM-SVA-UP-NEG-IMMUTABLE-PROJECT :: update-immutable	GREEN
iam	iam-service-account	IAM-SVA-UP-NEG-NOTFOUND :: update-notfound	GREEN
iam	iam-user	IAM-USR-BLK-AUTHZ-ANON-DENY :: block-anon	GREEN
iam	iam-user	IAM-USR-BLK-AUTHZ-ANON-DENY :: unblock-anon	GREEN
iam	iam-user	IAM-USR-BLK-NEG-CROSS-ACCOUNT :: invite-crossprobe	RED
iam	iam-user	IAM-USR-BLK-NEG-NOTFOUND :: block-absent	RED
iam	iam-user	IAM-USR-BLK-NEG-PENDING :: invite-blockprobe	RED
iam	iam-user	IAM-USR-DL-AUTHZ-ANON-DENY :: delete-anon	GREEN
iam	iam-user	IAM-USR-DL-AUTHZ-NONADMIN-DENY :: delete-nonadmin	GREEN
iam	iam-user	IAM-USR-DL-CRUD-OK :: seed-deletable-user	RED
iam	iam-user	IAM-USR-DL-NEG-ACTIVE-BINDINGS :: delete-bound-user	RED
iam	iam-user	IAM-USR-DL-NEG-NOTFOUND :: delete-notfound	GREEN
iam	iam-user	IAM-USR-GT-AUTHZ-ANON-DENY :: get-anon	GREEN
iam	iam-user	IAM-USR-GT-AUTHZ-FOREIGN-DENY :: get-foreign	GREEN
iam	iam-user	IAM-USR-GT-CRUD-OK :: get-self	RED
iam	iam-user	IAM-USR-GT-NEG-NOTFOUND :: get-notfound	GREEN
iam	iam-user	IAM-USR-INV-AUTHZ-ANON-DENY :: invite-anon	GREEN
iam	iam-user	IAM-USR-INV-AUTHZ-NONADMIN-DENY :: invite-nonadmin	GREEN
iam	iam-user	IAM-USR-INV-CRUD-OK :: invite	RED
iam	iam-user	IAM-USR-INV-FLOW-INVITEE-GETS-ACCESS :: verify-invitee-binding	GREEN
iam	iam-user	IAM-USR-INV-IDEM-REINVITE :: invite-first	RED
iam	iam-user	IAM-USR-INV-IDEM-REINVITE :: invite-with-grant	RED
iam	iam-user	IAM-USR-INV-IDEM-REINVITE :: reinvite-duplicate-grant	RED
iam	iam-user	IAM-USR-INV-IDEM-REINVITE :: reinvite-same-email	RED
iam	iam-user	IAM-USR-INV-NEG-EMAIL-INVALID :: invite-bad-email	GREEN
iam	iam-user	IAM-USR-INV-NEG-ROLE-MISSING :: invite-bad-role	RED
iam	iam-user	IAM-USR-INV-NEG-ROLE-MISSING :: poll-bad-role	RED
iam	iam-user	IAM-USR-INV-NEG-ROLE-MISSING :: poll-bad-role	RED
iam	iam-user	IAM-USR-INV-NEG-ROLE-MISSING :: poll-bad-role	RED
iam	iam-user	IAM-USR-INV-NEG-ROLE-MISSING :: poll-bad-role	RED
iam	iam-user	IAM-USR-INV-NEG-ROLE-MISSING :: poll-bad-role	RED
iam	iam-user	IAM-USR-INV-NEG-ROLE-MISSING :: poll-bad-role	RED
iam	iam-user	IAM-USR-INV-NEG-ROLE-MISSING :: poll-bad-role	RED
iam	iam-user	IAM-USR-INV-NEG-ROLE-MISSING :: poll-bad-role	RED
iam	iam-user	IAM-USR-INV-NEG-ROLE-MISSING :: poll-bad-role	RED
iam	iam-user	IAM-USR-INV-NEG-ROLE-MISSING :: poll-bad-role	RED
iam	iam-user	IAM-USR-INV-NEG-ROLE-MISSING :: poll-bad-role	RED
iam	iam-user	IAM-USR-INV-NEG-ROLE-MISSING :: poll-bad-role	RED
iam	iam-user	IAM-USR-INV-NEG-ROLE-MISSING :: poll-bad-role	RED
iam	iam-user	IAM-USR-INV-NEG-ROLE-MISSING :: poll-bad-role	RED
iam	iam-user	IAM-USR-INV-NEG-ROLE-MISSING :: poll-bad-role	RED
iam	iam-user	IAM-USR-INV-NEG-ROLE-MISSING :: poll-bad-role	RED
iam	iam-user	IAM-USR-INV-NEG-ROLE-MISSING :: poll-bad-role	RED
iam	iam-user	IAM-USR-INV-NEG-ROLE-MISSING :: poll-bad-role	RED
iam	iam-user	IAM-USR-INV-NEG-ROLE-MISSING :: poll-bad-role	RED
iam	iam-user	IAM-USR-INV-NEG-ROLE-MISSING :: poll-bad-role	RED
iam	iam-user	IAM-USR-INV-NEG-ROLE-MISSING :: poll-bad-role	RED
iam	iam-user	IAM-USR-INV-NEG-ROLE-MISSING :: poll-bad-role	RED
iam	iam-user	IAM-USR-INV-NEG-ROLE-MISSING :: poll-bad-role	RED
iam	iam-user	IAM-USR-INV-NEG-ROLE-MISSING :: poll-bad-role	RED
iam	iam-user	IAM-USR-INV-NEG-ROLE-MISSING :: poll-bad-role	RED
iam	iam-user	IAM-USR-INV-NEG-ROLE-MISSING :: poll-bad-role	RED
iam	iam-user	IAM-USR-INV-NEG-ROLE-MISSING :: poll-bad-role	RED
iam	iam-user	IAM-USR-INV-NEG-ROLE-MISSING :: poll-bad-role	RED
iam	iam-user	IAM-USR-INV-NEG-ROLE-MISSING :: poll-bad-role	RED
iam	iam-user	IAM-USR-INV-NEG-ROLE-MISSING :: poll-bad-role	RED
iam	iam-user	IAM-USR-INV-NEG-ROLE-MISSING :: poll-bad-role	RED
iam	iam-user	IAM-USR-LS-AUTHZ-ANON-DENY :: list-anon	GREEN
iam	iam-user	IAM-USR-LS-AUTHZ-MEMBER-NO-OVERSHOW :: list-member-no-overshow	GREEN
iam	iam-user	IAM-USR-LS-AUTHZ-SCOPE-NONMEMBER-EMPTY :: list-nonmember	GREEN
iam	iam-user	IAM-USR-LS-BVA-PAGESIZE-0 :: ls-ps0	GREEN
iam	iam-user	IAM-USR-LS-BVA-PAGESIZE-1 :: ls-ps1	GREEN
iam	iam-user	IAM-USR-LS-BVA-PAGESIZE-MAX :: ls-ps1000	GREEN
iam	iam-user	IAM-USR-LS-BVA-PAGESIZE-OVER :: ls-ps1001	GREEN
iam	iam-user	IAM-USR-LS-CRUD-OK :: list-ok	GREEN
iam	iam-user	IAM-USR-SETUP-INVITE-INV-TO-B :: invite-inv-to-b	RED
iam	iam-user	IAM-USR-UBK-NEG-PENDING :: invite-unblockprobe	RED
iam	iam-user	IAM-USR-UP-CRUD-OK-LABELS :: get-confirms-labels	GREEN
iam	iam-user	IAM-USR-UP-CRUD-OK-LABELS :: poll-op	GREEN
iam	iam-user	IAM-USR-UP-CRUD-OK-LABELS :: update-labels	GREEN
iam	iam-user	IAM-USR-UP-NEG-IMMUTABLE-EXTERNALID :: update-immutable-externalid	GREEN
iam	iam-whoami	IAM-WAI-GT-AUTHZ-ANON-DENY :: whoami-anon	GREEN
iam	iam-whoami	IAM-WAI-GT-CRUD-NOB :: whoami-nob	RED
iam	iam-whoami	IAM-WAI-GT-CRUD-OK :: whoami-aaa	RED
iam	label-revoke-iam	IAM-LBLCLEAR-PROJECT-EMPTY-01 :: clr-post-clear-empty-rya34	GREEN
iam	label-revoke-iam	IAM-LBLCLEAR-PROJECT-EMPTY-01 :: clr-precheck-has-label-rya32	GREEN
iam	label-revoke-iam	IAM-LBLCLEAR-PROJECT-EMPTY-01 :: create-proj-clr	GREEN
iam	label-revoke-iam	IAM-LBLCLEAR-PROJECT-EMPTY-01 :: poll-proj-clr	GREEN
iam	label-revoke-iam	IAM-LBLCLEAR-PROJECT-EMPTY-01 :: poll-proj-clr	NO-ASSERTIONS
iam	label-revoke-iam	IAM-LBLCLEAR-PROJECT-EMPTY-01 :: poll-update-proj-clr	GREEN
iam	label-revoke-iam	IAM-LBLCLEAR-PROJECT-EMPTY-01 :: update-proj-clr-rya33	GREEN
iam	label-revoke-iam	IAM-LBLREVOKE-PROJECT-01 :: bind-r1	GREEN
iam	label-revoke-iam	IAM-LBLREVOKE-PROJECT-01 :: create-proj-r1	GREEN
iam	label-revoke-iam	IAM-LBLREVOKE-PROJECT-01 :: create-role-r1	GREEN
iam	label-revoke-iam	IAM-LBLREVOKE-PROJECT-01 :: create-sa-r1	GREEN
iam	label-revoke-iam	IAM-LBLREVOKE-PROJECT-01 :: poll-bind-r1	GREEN
iam	label-revoke-iam	IAM-LBLREVOKE-PROJECT-01 :: poll-proj-r1	GREEN
iam	label-revoke-iam	IAM-LBLREVOKE-PROJECT-01 :: poll-proj-r1	NO-ASSERTIONS
iam	label-revoke-iam	IAM-LBLREVOKE-PROJECT-01 :: poll-role-r1	GREEN
iam	label-revoke-iam	IAM-LBLREVOKE-PROJECT-01 :: poll-role-r1	NO-ASSERTIONS
iam	label-revoke-iam	IAM-LBLREVOKE-PROJECT-01 :: poll-sa-r1	GREEN
iam	label-revoke-iam	IAM-LBLREVOKE-PROJECT-01 :: poll-sa-r1	NO-ASSERTIONS
iam	label-revoke-iam	IAM-LBLREVOKE-PROJECT-01 :: poll-update-proj-r1	GREEN
iam	label-revoke-iam	IAM-LBLREVOKE-PROJECT-01 :: r1-labels-empty-rya36	GREEN
iam	label-revoke-iam	IAM-LBLREVOKE-PROJECT-01 :: r1-post-grant-allow	GREEN
iam	label-revoke-iam	IAM-LBLREVOKE-PROJECT-01 :: r1-post-revoke-deny	GREEN
iam	label-revoke-iam	IAM-LBLREVOKE-PROJECT-01 :: r1-post-revoke-deny	NO-ASSERTIONS
iam	label-revoke-iam	IAM-LBLREVOKE-PROJECT-01 :: r1-post-revoke-deny	NO-ASSERTIONS
iam	label-revoke-iam	IAM-LBLREVOKE-PROJECT-01 :: r1-post-revoke-deny	NO-ASSERTIONS
iam	label-revoke-iam	IAM-LBLREVOKE-PROJECT-01 :: r1-post-revoke-deny	NO-ASSERTIONS
iam	label-revoke-iam	IAM-LBLREVOKE-PROJECT-01 :: r1-post-revoke-deny	NO-ASSERTIONS
iam	label-revoke-iam	IAM-LBLREVOKE-PROJECT-01 :: r1-post-revoke-deny	NO-ASSERTIONS
iam	label-revoke-iam	IAM-LBLREVOKE-PROJECT-01 :: r1-post-revoke-deny	NO-ASSERTIONS
iam	label-revoke-iam	IAM-LBLREVOKE-PROJECT-01 :: r1-post-revoke-deny	NO-ASSERTIONS
iam	label-revoke-iam	IAM-LBLREVOKE-PROJECT-01 :: r1-post-revoke-deny	NO-ASSERTIONS
iam	label-revoke-iam	IAM-LBLREVOKE-PROJECT-01 :: r1-post-revoke-deny	NO-ASSERTIONS
iam	label-revoke-iam	IAM-LBLREVOKE-PROJECT-01 :: r1-post-revoke-deny	NO-ASSERTIONS
iam	label-revoke-iam	IAM-LBLREVOKE-PROJECT-01 :: r1-post-revoke-deny	NO-ASSERTIONS
iam	label-revoke-iam	IAM-LBLREVOKE-PROJECT-01 :: r1-post-revoke-deny	NO-ASSERTIONS
iam	label-revoke-iam	IAM-LBLREVOKE-PROJECT-01 :: r1-post-revoke-deny	NO-ASSERTIONS
iam	label-revoke-iam	IAM-LBLREVOKE-PROJECT-01 :: r1-post-revoke-deny	NO-ASSERTIONS
iam	label-revoke-iam	IAM-LBLREVOKE-PROJECT-01 :: r1-post-revoke-deny	NO-ASSERTIONS
iam	label-revoke-iam	IAM-LBLREVOKE-PROJECT-01 :: r1-post-revoke-deny	NO-ASSERTIONS
iam	label-revoke-iam	IAM-LBLREVOKE-PROJECT-01 :: r1-post-revoke-deny	NO-ASSERTIONS
iam	label-revoke-iam	IAM-LBLREVOKE-PROJECT-01 :: r1-post-revoke-deny	NO-ASSERTIONS
iam	label-revoke-iam	IAM-LBLREVOKE-PROJECT-01 :: r1-post-revoke-deny	NO-ASSERTIONS
iam	label-revoke-iam	IAM-LBLREVOKE-PROJECT-01 :: r1-post-revoke-deny	NO-ASSERTIONS
iam	label-revoke-iam	IAM-LBLREVOKE-PROJECT-01 :: r1-post-revoke-deny	NO-ASSERTIONS
iam	label-revoke-iam	IAM-LBLREVOKE-PROJECT-01 :: r1-post-revoke-deny	NO-ASSERTIONS
iam	label-revoke-iam	IAM-LBLREVOKE-PROJECT-01 :: r1-post-revoke-deny	NO-ASSERTIONS
iam	label-revoke-iam	IAM-LBLREVOKE-PROJECT-01 :: r1-post-revoke-deny	NO-ASSERTIONS
iam	label-revoke-iam	IAM-LBLREVOKE-PROJECT-01 :: r1-post-revoke-deny	NO-ASSERTIONS
iam	label-revoke-iam	IAM-LBLREVOKE-PROJECT-01 :: r1-post-revoke-deny	NO-ASSERTIONS
iam	label-revoke-iam	IAM-LBLREVOKE-PROJECT-01 :: r1-post-revoke-deny	NO-ASSERTIONS
iam	label-revoke-iam	IAM-LBLREVOKE-PROJECT-01 :: r1-post-revoke-deny	NO-ASSERTIONS
iam	label-revoke-iam	IAM-LBLREVOKE-PROJECT-01 :: r1-post-revoke-deny	NO-ASSERTIONS
iam	label-revoke-iam	IAM-LBLREVOKE-PROJECT-01 :: r1-pre-grant-deny	GREEN
iam	label-revoke-iam	IAM-LBLREVOKE-PROJECT-01 :: update-proj-r1-rya35	GREEN
iam	label-revoke-nlb	T31-LBLREVOKE-NLB-LISTENER-04 :: bind-lsn	GREEN
iam	label-revoke-nlb	T31-LBLREVOKE-NLB-LISTENER-04 :: create-lb	GREEN
iam	label-revoke-nlb	T31-LBLREVOKE-NLB-LISTENER-04 :: create-listener	GREEN
iam	label-revoke-nlb	T31-LBLREVOKE-NLB-LISTENER-04 :: create-role-lsn	GREEN
iam	label-revoke-nlb	T31-LBLREVOKE-NLB-LISTENER-04 :: create-sa-lsn	GREEN
iam	label-revoke-nlb	T31-LBLREVOKE-NLB-LISTENER-04 :: discover-region	GREEN
iam	label-revoke-nlb	T31-LBLREVOKE-NLB-LISTENER-04 :: lsn-post-grant-allow	GREEN
iam	label-revoke-nlb	T31-LBLREVOKE-NLB-LISTENER-04 :: lsn-post-revoke-deny	GREEN
iam	label-revoke-nlb	T31-LBLREVOKE-NLB-LISTENER-04 :: lsn-post-revoke-deny	NO-ASSERTIONS
iam	label-revoke-nlb	T31-LBLREVOKE-NLB-LISTENER-04 :: lsn-post-revoke-deny	NO-ASSERTIONS
iam	label-revoke-nlb	T31-LBLREVOKE-NLB-LISTENER-04 :: lsn-post-revoke-deny	NO-ASSERTIONS
iam	label-revoke-nlb	T31-LBLREVOKE-NLB-LISTENER-04 :: lsn-post-revoke-deny	NO-ASSERTIONS
iam	label-revoke-nlb	T31-LBLREVOKE-NLB-LISTENER-04 :: lsn-post-revoke-deny	NO-ASSERTIONS
iam	label-revoke-nlb	T31-LBLREVOKE-NLB-LISTENER-04 :: lsn-post-revoke-deny	NO-ASSERTIONS
iam	label-revoke-nlb	T31-LBLREVOKE-NLB-LISTENER-04 :: lsn-post-revoke-deny	NO-ASSERTIONS
iam	label-revoke-nlb	T31-LBLREVOKE-NLB-LISTENER-04 :: lsn-post-revoke-deny	NO-ASSERTIONS
iam	label-revoke-nlb	T31-LBLREVOKE-NLB-LISTENER-04 :: lsn-post-revoke-deny	NO-ASSERTIONS
iam	label-revoke-nlb	T31-LBLREVOKE-NLB-LISTENER-04 :: lsn-post-revoke-deny	NO-ASSERTIONS
iam	label-revoke-nlb	T31-LBLREVOKE-NLB-LISTENER-04 :: lsn-post-revoke-deny	NO-ASSERTIONS
iam	label-revoke-nlb	T31-LBLREVOKE-NLB-LISTENER-04 :: lsn-post-revoke-deny	NO-ASSERTIONS
iam	label-revoke-nlb	T31-LBLREVOKE-NLB-LISTENER-04 :: lsn-post-revoke-deny	NO-ASSERTIONS
iam	label-revoke-nlb	T31-LBLREVOKE-NLB-LISTENER-04 :: lsn-post-revoke-deny	NO-ASSERTIONS
iam	label-revoke-nlb	T31-LBLREVOKE-NLB-LISTENER-04 :: lsn-post-revoke-deny	NO-ASSERTIONS
iam	label-revoke-nlb	T31-LBLREVOKE-NLB-LISTENER-04 :: lsn-post-revoke-deny	NO-ASSERTIONS
iam	label-revoke-nlb	T31-LBLREVOKE-NLB-LISTENER-04 :: lsn-post-revoke-deny	NO-ASSERTIONS
iam	label-revoke-nlb	T31-LBLREVOKE-NLB-LISTENER-04 :: lsn-post-revoke-deny	NO-ASSERTIONS
iam	label-revoke-nlb	T31-LBLREVOKE-NLB-LISTENER-04 :: lsn-post-revoke-deny	NO-ASSERTIONS
iam	label-revoke-nlb	T31-LBLREVOKE-NLB-LISTENER-04 :: lsn-post-revoke-deny	NO-ASSERTIONS
iam	label-revoke-nlb	T31-LBLREVOKE-NLB-LISTENER-04 :: lsn-post-revoke-deny	NO-ASSERTIONS
iam	label-revoke-nlb	T31-LBLREVOKE-NLB-LISTENER-04 :: lsn-post-revoke-deny	NO-ASSERTIONS
iam	label-revoke-nlb	T31-LBLREVOKE-NLB-LISTENER-04 :: lsn-post-revoke-deny	NO-ASSERTIONS
iam	label-revoke-nlb	T31-LBLREVOKE-NLB-LISTENER-04 :: lsn-post-revoke-deny	NO-ASSERTIONS
iam	label-revoke-nlb	T31-LBLREVOKE-NLB-LISTENER-04 :: lsn-post-revoke-deny	NO-ASSERTIONS
iam	label-revoke-nlb	T31-LBLREVOKE-NLB-LISTENER-04 :: lsn-post-revoke-deny	NO-ASSERTIONS
iam	label-revoke-nlb	T31-LBLREVOKE-NLB-LISTENER-04 :: lsn-post-revoke-deny	NO-ASSERTIONS
iam	label-revoke-nlb	T31-LBLREVOKE-NLB-LISTENER-04 :: lsn-post-revoke-deny	NO-ASSERTIONS
iam	label-revoke-nlb	T31-LBLREVOKE-NLB-LISTENER-04 :: lsn-post-revoke-deny	NO-ASSERTIONS
iam	label-revoke-nlb	T31-LBLREVOKE-NLB-LISTENER-04 :: lsn-post-revoke-deny	NO-ASSERTIONS
iam	label-revoke-nlb	T31-LBLREVOKE-NLB-LISTENER-04 :: lsn-pre-grant-deny	GREEN
iam	label-revoke-nlb	T31-LBLREVOKE-NLB-LISTENER-04 :: poll-bind-lsn	GREEN
iam	label-revoke-nlb	T31-LBLREVOKE-NLB-LISTENER-04 :: poll-lb	GREEN
iam	label-revoke-nlb	T31-LBLREVOKE-NLB-LISTENER-04 :: poll-lb	NO-ASSERTIONS
iam	label-revoke-nlb	T31-LBLREVOKE-NLB-LISTENER-04 :: poll-listener	GREEN
iam	label-revoke-nlb	T31-LBLREVOKE-NLB-LISTENER-04 :: poll-listener	NO-ASSERTIONS
iam	label-revoke-nlb	T31-LBLREVOKE-NLB-LISTENER-04 :: poll-role-lsn	GREEN
iam	label-revoke-nlb	T31-LBLREVOKE-NLB-LISTENER-04 :: poll-role-lsn	NO-ASSERTIONS
iam	label-revoke-nlb	T31-LBLREVOKE-NLB-LISTENER-04 :: poll-sa-lsn	GREEN
iam	label-revoke-nlb	T31-LBLREVOKE-NLB-LISTENER-04 :: poll-sa-lsn	NO-ASSERTIONS
iam	label-revoke-nlb	T31-LBLREVOKE-NLB-LISTENER-04 :: poll-update-listener	GREEN
iam	label-revoke-nlb	T31-LBLREVOKE-NLB-LISTENER-04 :: update-listener-labels	GREEN
iam	label-revoke-storage	T31-LBLREVOKE-STORAGE-IMAGE-03 :: bind-image	GREEN
iam	label-revoke-storage	T31-LBLREVOKE-STORAGE-IMAGE-03 :: create-image-rya41	GREEN
iam	label-revoke-storage	T31-LBLREVOKE-STORAGE-IMAGE-03 :: create-proj-image	GREEN
iam	label-revoke-storage	T31-LBLREVOKE-STORAGE-IMAGE-03 :: create-role-image	GREEN
iam	label-revoke-storage	T31-LBLREVOKE-STORAGE-IMAGE-03 :: create-sa-image	GREEN
iam	label-revoke-storage	T31-LBLREVOKE-STORAGE-IMAGE-03 :: create-volume-imgsrc-rya40	GREEN
iam	label-revoke-storage	T31-LBLREVOKE-STORAGE-IMAGE-03 :: discover-disktype-imgsrc	GREEN
iam	label-revoke-storage	T31-LBLREVOKE-STORAGE-IMAGE-03 :: discover-region-imgsrc	GREEN
iam	label-revoke-storage	T31-LBLREVOKE-STORAGE-IMAGE-03 :: discover-zone-imgsrc	GREEN
iam	label-revoke-storage	T31-LBLREVOKE-STORAGE-IMAGE-03 :: image-post-grant-allow	GREEN
iam	label-revoke-storage	T31-LBLREVOKE-STORAGE-IMAGE-03 :: image-post-revoke-deny	GREEN
iam	label-revoke-storage	T31-LBLREVOKE-STORAGE-IMAGE-03 :: image-post-revoke-deny	NO-ASSERTIONS
iam	label-revoke-storage	T31-LBLREVOKE-STORAGE-IMAGE-03 :: image-post-revoke-deny	NO-ASSERTIONS
iam	label-revoke-storage	T31-LBLREVOKE-STORAGE-IMAGE-03 :: image-post-revoke-deny	NO-ASSERTIONS
iam	label-revoke-storage	T31-LBLREVOKE-STORAGE-IMAGE-03 :: image-post-revoke-deny	NO-ASSERTIONS
iam	label-revoke-storage	T31-LBLREVOKE-STORAGE-IMAGE-03 :: image-post-revoke-deny	NO-ASSERTIONS
iam	label-revoke-storage	T31-LBLREVOKE-STORAGE-IMAGE-03 :: image-post-revoke-deny	NO-ASSERTIONS
iam	label-revoke-storage	T31-LBLREVOKE-STORAGE-IMAGE-03 :: image-post-revoke-deny	NO-ASSERTIONS
iam	label-revoke-storage	T31-LBLREVOKE-STORAGE-IMAGE-03 :: image-post-revoke-deny	NO-ASSERTIONS
iam	label-revoke-storage	T31-LBLREVOKE-STORAGE-IMAGE-03 :: image-post-revoke-deny	NO-ASSERTIONS
iam	label-revoke-storage	T31-LBLREVOKE-STORAGE-IMAGE-03 :: image-post-revoke-deny	NO-ASSERTIONS
iam	label-revoke-storage	T31-LBLREVOKE-STORAGE-IMAGE-03 :: image-post-revoke-deny	NO-ASSERTIONS
iam	label-revoke-storage	T31-LBLREVOKE-STORAGE-IMAGE-03 :: image-post-revoke-deny	NO-ASSERTIONS
iam	label-revoke-storage	T31-LBLREVOKE-STORAGE-IMAGE-03 :: image-post-revoke-deny	NO-ASSERTIONS
iam	label-revoke-storage	T31-LBLREVOKE-STORAGE-IMAGE-03 :: image-post-revoke-deny	NO-ASSERTIONS
iam	label-revoke-storage	T31-LBLREVOKE-STORAGE-IMAGE-03 :: image-post-revoke-deny	NO-ASSERTIONS
iam	label-revoke-storage	T31-LBLREVOKE-STORAGE-IMAGE-03 :: image-post-revoke-deny	NO-ASSERTIONS
iam	label-revoke-storage	T31-LBLREVOKE-STORAGE-IMAGE-03 :: image-post-revoke-deny	NO-ASSERTIONS
iam	label-revoke-storage	T31-LBLREVOKE-STORAGE-IMAGE-03 :: image-post-revoke-deny	NO-ASSERTIONS
iam	label-revoke-storage	T31-LBLREVOKE-STORAGE-IMAGE-03 :: image-post-revoke-deny	NO-ASSERTIONS
iam	label-revoke-storage	T31-LBLREVOKE-STORAGE-IMAGE-03 :: image-post-revoke-deny	NO-ASSERTIONS
iam	label-revoke-storage	T31-LBLREVOKE-STORAGE-IMAGE-03 :: image-post-revoke-deny	NO-ASSERTIONS
iam	label-revoke-storage	T31-LBLREVOKE-STORAGE-IMAGE-03 :: image-post-revoke-deny	NO-ASSERTIONS
iam	label-revoke-storage	T31-LBLREVOKE-STORAGE-IMAGE-03 :: image-post-revoke-deny	NO-ASSERTIONS
iam	label-revoke-storage	T31-LBLREVOKE-STORAGE-IMAGE-03 :: image-post-revoke-deny	NO-ASSERTIONS
iam	label-revoke-storage	T31-LBLREVOKE-STORAGE-IMAGE-03 :: image-post-revoke-deny	NO-ASSERTIONS
iam	label-revoke-storage	T31-LBLREVOKE-STORAGE-IMAGE-03 :: image-post-revoke-deny	NO-ASSERTIONS
iam	label-revoke-storage	T31-LBLREVOKE-STORAGE-IMAGE-03 :: image-post-revoke-deny	NO-ASSERTIONS
iam	label-revoke-storage	T31-LBLREVOKE-STORAGE-IMAGE-03 :: image-post-revoke-deny	NO-ASSERTIONS
iam	label-revoke-storage	T31-LBLREVOKE-STORAGE-IMAGE-03 :: image-post-revoke-deny	NO-ASSERTIONS
iam	label-revoke-storage	T31-LBLREVOKE-STORAGE-IMAGE-03 :: image-post-revoke-deny	NO-ASSERTIONS
iam	label-revoke-storage	T31-LBLREVOKE-STORAGE-IMAGE-03 :: image-pre-grant-deny	GREEN
iam	label-revoke-storage	T31-LBLREVOKE-STORAGE-IMAGE-03 :: poll-bind-image	GREEN
iam	label-revoke-storage	T31-LBLREVOKE-STORAGE-IMAGE-03 :: poll-image	GREEN
iam	label-revoke-storage	T31-LBLREVOKE-STORAGE-IMAGE-03 :: poll-image	NO-ASSERTIONS
iam	label-revoke-storage	T31-LBLREVOKE-STORAGE-IMAGE-03 :: poll-proj-image	GREEN
iam	label-revoke-storage	T31-LBLREVOKE-STORAGE-IMAGE-03 :: poll-proj-image	NO-ASSERTIONS
iam	label-revoke-storage	T31-LBLREVOKE-STORAGE-IMAGE-03 :: poll-role-image	GREEN
iam	label-revoke-storage	T31-LBLREVOKE-STORAGE-IMAGE-03 :: poll-role-image	NO-ASSERTIONS
iam	label-revoke-storage	T31-LBLREVOKE-STORAGE-IMAGE-03 :: poll-sa-image	GREEN
iam	label-revoke-storage	T31-LBLREVOKE-STORAGE-IMAGE-03 :: poll-sa-image	NO-ASSERTIONS
iam	label-revoke-storage	T31-LBLREVOKE-STORAGE-IMAGE-03 :: poll-update-image	GREEN
iam	label-revoke-storage	T31-LBLREVOKE-STORAGE-IMAGE-03 :: poll-volume-imgsrc	GREEN
iam	label-revoke-storage	T31-LBLREVOKE-STORAGE-IMAGE-03 :: poll-volume-imgsrc	NO-ASSERTIONS
iam	label-revoke-storage	T31-LBLREVOKE-STORAGE-IMAGE-03 :: update-image-labels	GREEN
iam	label-revoke-storage	T31-LBLREVOKE-STORAGE-SNAPSHOT-03 :: bind-snapshot	GREEN
iam	label-revoke-storage	T31-LBLREVOKE-STORAGE-SNAPSHOT-03 :: create-proj-snapshot	GREEN
iam	label-revoke-storage	T31-LBLREVOKE-STORAGE-SNAPSHOT-03 :: create-role-snapshot	GREEN
iam	label-revoke-storage	T31-LBLREVOKE-STORAGE-SNAPSHOT-03 :: create-sa-snapshot	GREEN
iam	label-revoke-storage	T31-LBLREVOKE-STORAGE-SNAPSHOT-03 :: create-snapshot-rya39	GREEN
iam	label-revoke-storage	T31-LBLREVOKE-STORAGE-SNAPSHOT-03 :: create-volume-snapsrc-rya38	GREEN
iam	label-revoke-storage	T31-LBLREVOKE-STORAGE-SNAPSHOT-03 :: discover-disktype-snapsrc	GREEN
iam	label-revoke-storage	T31-LBLREVOKE-STORAGE-SNAPSHOT-03 :: discover-region-snapsrc	GREEN
iam	label-revoke-storage	T31-LBLREVOKE-STORAGE-SNAPSHOT-03 :: discover-zone-snapsrc	GREEN
iam	label-revoke-storage	T31-LBLREVOKE-STORAGE-SNAPSHOT-03 :: poll-bind-snapshot	GREEN
iam	label-revoke-storage	T31-LBLREVOKE-STORAGE-SNAPSHOT-03 :: poll-proj-snapshot	GREEN
iam	label-revoke-storage	T31-LBLREVOKE-STORAGE-SNAPSHOT-03 :: poll-proj-snapshot	NO-ASSERTIONS
iam	label-revoke-storage	T31-LBLREVOKE-STORAGE-SNAPSHOT-03 :: poll-role-snapshot	GREEN
iam	label-revoke-storage	T31-LBLREVOKE-STORAGE-SNAPSHOT-03 :: poll-role-snapshot	NO-ASSERTIONS
iam	label-revoke-storage	T31-LBLREVOKE-STORAGE-SNAPSHOT-03 :: poll-sa-snapshot	GREEN
iam	label-revoke-storage	T31-LBLREVOKE-STORAGE-SNAPSHOT-03 :: poll-sa-snapshot	NO-ASSERTIONS
iam	label-revoke-storage	T31-LBLREVOKE-STORAGE-SNAPSHOT-03 :: poll-snapshot	GREEN
iam	label-revoke-storage	T31-LBLREVOKE-STORAGE-SNAPSHOT-03 :: poll-snapshot	NO-ASSERTIONS
iam	label-revoke-storage	T31-LBLREVOKE-STORAGE-SNAPSHOT-03 :: poll-update-snapshot	GREEN
iam	label-revoke-storage	T31-LBLREVOKE-STORAGE-SNAPSHOT-03 :: poll-volume-snapsrc	GREEN
iam	label-revoke-storage	T31-LBLREVOKE-STORAGE-SNAPSHOT-03 :: poll-volume-snapsrc	NO-ASSERTIONS
iam	label-revoke-storage	T31-LBLREVOKE-STORAGE-SNAPSHOT-03 :: snapshot-post-grant-allow	GREEN
iam	label-revoke-storage	T31-LBLREVOKE-STORAGE-SNAPSHOT-03 :: snapshot-post-revoke-deny	GREEN
iam	label-revoke-storage	T31-LBLREVOKE-STORAGE-SNAPSHOT-03 :: snapshot-post-revoke-deny	NO-ASSERTIONS
iam	label-revoke-storage	T31-LBLREVOKE-STORAGE-SNAPSHOT-03 :: snapshot-post-revoke-deny	NO-ASSERTIONS
iam	label-revoke-storage	T31-LBLREVOKE-STORAGE-SNAPSHOT-03 :: snapshot-post-revoke-deny	NO-ASSERTIONS
iam	label-revoke-storage	T31-LBLREVOKE-STORAGE-SNAPSHOT-03 :: snapshot-post-revoke-deny	NO-ASSERTIONS
iam	label-revoke-storage	T31-LBLREVOKE-STORAGE-SNAPSHOT-03 :: snapshot-post-revoke-deny	NO-ASSERTIONS
iam	label-revoke-storage	T31-LBLREVOKE-STORAGE-SNAPSHOT-03 :: snapshot-post-revoke-deny	NO-ASSERTIONS
iam	label-revoke-storage	T31-LBLREVOKE-STORAGE-SNAPSHOT-03 :: snapshot-post-revoke-deny	NO-ASSERTIONS
iam	label-revoke-storage	T31-LBLREVOKE-STORAGE-SNAPSHOT-03 :: snapshot-post-revoke-deny	NO-ASSERTIONS
iam	label-revoke-storage	T31-LBLREVOKE-STORAGE-SNAPSHOT-03 :: snapshot-post-revoke-deny	NO-ASSERTIONS
iam	label-revoke-storage	T31-LBLREVOKE-STORAGE-SNAPSHOT-03 :: snapshot-post-revoke-deny	NO-ASSERTIONS
iam	label-revoke-storage	T31-LBLREVOKE-STORAGE-SNAPSHOT-03 :: snapshot-post-revoke-deny	NO-ASSERTIONS
iam	label-revoke-storage	T31-LBLREVOKE-STORAGE-SNAPSHOT-03 :: snapshot-post-revoke-deny	NO-ASSERTIONS
iam	label-revoke-storage	T31-LBLREVOKE-STORAGE-SNAPSHOT-03 :: snapshot-post-revoke-deny	NO-ASSERTIONS
iam	label-revoke-storage	T31-LBLREVOKE-STORAGE-SNAPSHOT-03 :: snapshot-post-revoke-deny	NO-ASSERTIONS
iam	label-revoke-storage	T31-LBLREVOKE-STORAGE-SNAPSHOT-03 :: snapshot-post-revoke-deny	NO-ASSERTIONS
iam	label-revoke-storage	T31-LBLREVOKE-STORAGE-SNAPSHOT-03 :: snapshot-post-revoke-deny	NO-ASSERTIONS
iam	label-revoke-storage	T31-LBLREVOKE-STORAGE-SNAPSHOT-03 :: snapshot-post-revoke-deny	NO-ASSERTIONS
iam	label-revoke-storage	T31-LBLREVOKE-STORAGE-SNAPSHOT-03 :: snapshot-post-revoke-deny	NO-ASSERTIONS
iam	label-revoke-storage	T31-LBLREVOKE-STORAGE-SNAPSHOT-03 :: snapshot-post-revoke-deny	NO-ASSERTIONS
iam	label-revoke-storage	T31-LBLREVOKE-STORAGE-SNAPSHOT-03 :: snapshot-post-revoke-deny	NO-ASSERTIONS
iam	label-revoke-storage	T31-LBLREVOKE-STORAGE-SNAPSHOT-03 :: snapshot-post-revoke-deny	NO-ASSERTIONS
iam	label-revoke-storage	T31-LBLREVOKE-STORAGE-SNAPSHOT-03 :: snapshot-post-revoke-deny	NO-ASSERTIONS
iam	label-revoke-storage	T31-LBLREVOKE-STORAGE-SNAPSHOT-03 :: snapshot-post-revoke-deny	NO-ASSERTIONS
iam	label-revoke-storage	T31-LBLREVOKE-STORAGE-SNAPSHOT-03 :: snapshot-post-revoke-deny	NO-ASSERTIONS
iam	label-revoke-storage	T31-LBLREVOKE-STORAGE-SNAPSHOT-03 :: snapshot-post-revoke-deny	NO-ASSERTIONS
iam	label-revoke-storage	T31-LBLREVOKE-STORAGE-SNAPSHOT-03 :: snapshot-post-revoke-deny	NO-ASSERTIONS
iam	label-revoke-storage	T31-LBLREVOKE-STORAGE-SNAPSHOT-03 :: snapshot-post-revoke-deny	NO-ASSERTIONS
iam	label-revoke-storage	T31-LBLREVOKE-STORAGE-SNAPSHOT-03 :: snapshot-post-revoke-deny	NO-ASSERTIONS
iam	label-revoke-storage	T31-LBLREVOKE-STORAGE-SNAPSHOT-03 :: snapshot-post-revoke-deny	NO-ASSERTIONS
iam	label-revoke-storage	T31-LBLREVOKE-STORAGE-SNAPSHOT-03 :: snapshot-post-revoke-deny	NO-ASSERTIONS
iam	label-revoke-storage	T31-LBLREVOKE-STORAGE-SNAPSHOT-03 :: snapshot-pre-grant-deny	GREEN
iam	label-revoke-storage	T31-LBLREVOKE-STORAGE-SNAPSHOT-03 :: update-snapshot-labels	GREEN
iam	label-revoke-storage	T31-LBLREVOKE-STORAGE-VOLUME-03 :: bind-volume	GREEN
iam	label-revoke-storage	T31-LBLREVOKE-STORAGE-VOLUME-03 :: create-proj-volume	GREEN
iam	label-revoke-storage	T31-LBLREVOKE-STORAGE-VOLUME-03 :: create-role-volume	GREEN
iam	label-revoke-storage	T31-LBLREVOKE-STORAGE-VOLUME-03 :: create-sa-volume	GREEN
iam	label-revoke-storage	T31-LBLREVOKE-STORAGE-VOLUME-03 :: create-volume-volume-rya37	GREEN
iam	label-revoke-storage	T31-LBLREVOKE-STORAGE-VOLUME-03 :: discover-disktype-volume	GREEN
iam	label-revoke-storage	T31-LBLREVOKE-STORAGE-VOLUME-03 :: discover-region-volume	GREEN
iam	label-revoke-storage	T31-LBLREVOKE-STORAGE-VOLUME-03 :: discover-zone-volume	GREEN
iam	label-revoke-storage	T31-LBLREVOKE-STORAGE-VOLUME-03 :: poll-bind-volume	GREEN
iam	label-revoke-storage	T31-LBLREVOKE-STORAGE-VOLUME-03 :: poll-proj-volume	GREEN
iam	label-revoke-storage	T31-LBLREVOKE-STORAGE-VOLUME-03 :: poll-proj-volume	NO-ASSERTIONS
iam	label-revoke-storage	T31-LBLREVOKE-STORAGE-VOLUME-03 :: poll-role-volume	GREEN
iam	label-revoke-storage	T31-LBLREVOKE-STORAGE-VOLUME-03 :: poll-role-volume	NO-ASSERTIONS
iam	label-revoke-storage	T31-LBLREVOKE-STORAGE-VOLUME-03 :: poll-sa-volume	GREEN
iam	label-revoke-storage	T31-LBLREVOKE-STORAGE-VOLUME-03 :: poll-sa-volume	NO-ASSERTIONS
iam	label-revoke-storage	T31-LBLREVOKE-STORAGE-VOLUME-03 :: poll-update-volume	GREEN
iam	label-revoke-storage	T31-LBLREVOKE-STORAGE-VOLUME-03 :: poll-volume-volume	GREEN
iam	label-revoke-storage	T31-LBLREVOKE-STORAGE-VOLUME-03 :: poll-volume-volume	NO-ASSERTIONS
iam	label-revoke-storage	T31-LBLREVOKE-STORAGE-VOLUME-03 :: update-volume-labels	GREEN
iam	label-revoke-storage	T31-LBLREVOKE-STORAGE-VOLUME-03 :: volume-post-grant-allow	GREEN
iam	label-revoke-storage	T31-LBLREVOKE-STORAGE-VOLUME-03 :: volume-post-revoke-deny	GREEN
iam	label-revoke-storage	T31-LBLREVOKE-STORAGE-VOLUME-03 :: volume-post-revoke-deny	NO-ASSERTIONS
iam	label-revoke-storage	T31-LBLREVOKE-STORAGE-VOLUME-03 :: volume-post-revoke-deny	NO-ASSERTIONS
iam	label-revoke-storage	T31-LBLREVOKE-STORAGE-VOLUME-03 :: volume-post-revoke-deny	NO-ASSERTIONS
iam	label-revoke-storage	T31-LBLREVOKE-STORAGE-VOLUME-03 :: volume-post-revoke-deny	NO-ASSERTIONS
iam	label-revoke-storage	T31-LBLREVOKE-STORAGE-VOLUME-03 :: volume-post-revoke-deny	NO-ASSERTIONS
iam	label-revoke-storage	T31-LBLREVOKE-STORAGE-VOLUME-03 :: volume-post-revoke-deny	NO-ASSERTIONS
iam	label-revoke-storage	T31-LBLREVOKE-STORAGE-VOLUME-03 :: volume-post-revoke-deny	NO-ASSERTIONS
iam	label-revoke-storage	T31-LBLREVOKE-STORAGE-VOLUME-03 :: volume-post-revoke-deny	NO-ASSERTIONS
iam	label-revoke-storage	T31-LBLREVOKE-STORAGE-VOLUME-03 :: volume-post-revoke-deny	NO-ASSERTIONS
iam	label-revoke-storage	T31-LBLREVOKE-STORAGE-VOLUME-03 :: volume-post-revoke-deny	NO-ASSERTIONS
iam	label-revoke-storage	T31-LBLREVOKE-STORAGE-VOLUME-03 :: volume-post-revoke-deny	NO-ASSERTIONS
iam	label-revoke-storage	T31-LBLREVOKE-STORAGE-VOLUME-03 :: volume-post-revoke-deny	NO-ASSERTIONS
iam	label-revoke-storage	T31-LBLREVOKE-STORAGE-VOLUME-03 :: volume-post-revoke-deny	NO-ASSERTIONS
iam	label-revoke-storage	T31-LBLREVOKE-STORAGE-VOLUME-03 :: volume-post-revoke-deny	NO-ASSERTIONS
iam	label-revoke-storage	T31-LBLREVOKE-STORAGE-VOLUME-03 :: volume-post-revoke-deny	NO-ASSERTIONS
iam	label-revoke-storage	T31-LBLREVOKE-STORAGE-VOLUME-03 :: volume-post-revoke-deny	NO-ASSERTIONS
iam	label-revoke-storage	T31-LBLREVOKE-STORAGE-VOLUME-03 :: volume-post-revoke-deny	NO-ASSERTIONS
iam	label-revoke-storage	T31-LBLREVOKE-STORAGE-VOLUME-03 :: volume-post-revoke-deny	NO-ASSERTIONS
iam	label-revoke-storage	T31-LBLREVOKE-STORAGE-VOLUME-03 :: volume-post-revoke-deny	NO-ASSERTIONS
iam	label-revoke-storage	T31-LBLREVOKE-STORAGE-VOLUME-03 :: volume-post-revoke-deny	NO-ASSERTIONS
iam	label-revoke-storage	T31-LBLREVOKE-STORAGE-VOLUME-03 :: volume-post-revoke-deny	NO-ASSERTIONS
iam	label-revoke-storage	T31-LBLREVOKE-STORAGE-VOLUME-03 :: volume-post-revoke-deny	NO-ASSERTIONS
iam	label-revoke-storage	T31-LBLREVOKE-STORAGE-VOLUME-03 :: volume-post-revoke-deny	NO-ASSERTIONS
iam	label-revoke-storage	T31-LBLREVOKE-STORAGE-VOLUME-03 :: volume-post-revoke-deny	NO-ASSERTIONS
iam	label-revoke-storage	T31-LBLREVOKE-STORAGE-VOLUME-03 :: volume-post-revoke-deny	NO-ASSERTIONS
iam	label-revoke-storage	T31-LBLREVOKE-STORAGE-VOLUME-03 :: volume-post-revoke-deny	NO-ASSERTIONS
iam	label-revoke-storage	T31-LBLREVOKE-STORAGE-VOLUME-03 :: volume-post-revoke-deny	NO-ASSERTIONS
iam	label-revoke-storage	T31-LBLREVOKE-STORAGE-VOLUME-03 :: volume-post-revoke-deny	NO-ASSERTIONS
iam	label-revoke-storage	T31-LBLREVOKE-STORAGE-VOLUME-03 :: volume-post-revoke-deny	NO-ASSERTIONS
iam	label-revoke-storage	T31-LBLREVOKE-STORAGE-VOLUME-03 :: volume-post-revoke-deny	NO-ASSERTIONS
iam	label-revoke-storage	T31-LBLREVOKE-STORAGE-VOLUME-03 :: volume-pre-grant-deny	GREEN
iam	label-revoke-vpc	T31-LBLREVOKE-VPC-INVITE-GRANT-REVOKE :: bind-inv	GREEN
iam	label-revoke-vpc	T31-LBLREVOKE-VPC-INVITE-GRANT-REVOKE :: create-net-inv-rya53	GREEN
iam	label-revoke-vpc	T31-LBLREVOKE-VPC-INVITE-GRANT-REVOKE :: create-proj-inv	GREEN
iam	label-revoke-vpc	T31-LBLREVOKE-VPC-INVITE-GRANT-REVOKE :: create-role-inv	GREEN
iam	label-revoke-vpc	T31-LBLREVOKE-VPC-INVITE-GRANT-REVOKE :: create-sa-inv	GREEN
iam	label-revoke-vpc	T31-LBLREVOKE-VPC-INVITE-GRANT-REVOKE :: invite-user	RED
iam	label-revoke-vpc	T31-LBLREVOKE-VPC-INVITE-GRANT-REVOKE :: inv-post-grant-allow	GREEN
iam	label-revoke-vpc	T31-LBLREVOKE-VPC-INVITE-GRANT-REVOKE :: inv-post-revoke-deny	GREEN
iam	label-revoke-vpc	T31-LBLREVOKE-VPC-INVITE-GRANT-REVOKE :: inv-post-revoke-deny	NO-ASSERTIONS
iam	label-revoke-vpc	T31-LBLREVOKE-VPC-INVITE-GRANT-REVOKE :: inv-post-revoke-deny	NO-ASSERTIONS
iam	label-revoke-vpc	T31-LBLREVOKE-VPC-INVITE-GRANT-REVOKE :: inv-post-revoke-deny	NO-ASSERTIONS
iam	label-revoke-vpc	T31-LBLREVOKE-VPC-INVITE-GRANT-REVOKE :: inv-post-revoke-deny	NO-ASSERTIONS
iam	label-revoke-vpc	T31-LBLREVOKE-VPC-INVITE-GRANT-REVOKE :: inv-post-revoke-deny	NO-ASSERTIONS
iam	label-revoke-vpc	T31-LBLREVOKE-VPC-INVITE-GRANT-REVOKE :: inv-post-revoke-deny	NO-ASSERTIONS
iam	label-revoke-vpc	T31-LBLREVOKE-VPC-INVITE-GRANT-REVOKE :: inv-post-revoke-deny	NO-ASSERTIONS
iam	label-revoke-vpc	T31-LBLREVOKE-VPC-INVITE-GRANT-REVOKE :: inv-post-revoke-deny	NO-ASSERTIONS
iam	label-revoke-vpc	T31-LBLREVOKE-VPC-INVITE-GRANT-REVOKE :: inv-post-revoke-deny	NO-ASSERTIONS
iam	label-revoke-vpc	T31-LBLREVOKE-VPC-INVITE-GRANT-REVOKE :: inv-post-revoke-deny	NO-ASSERTIONS
iam	label-revoke-vpc	T31-LBLREVOKE-VPC-INVITE-GRANT-REVOKE :: inv-post-revoke-deny	NO-ASSERTIONS
iam	label-revoke-vpc	T31-LBLREVOKE-VPC-INVITE-GRANT-REVOKE :: inv-post-revoke-deny	NO-ASSERTIONS
iam	label-revoke-vpc	T31-LBLREVOKE-VPC-INVITE-GRANT-REVOKE :: inv-post-revoke-deny	NO-ASSERTIONS
iam	label-revoke-vpc	T31-LBLREVOKE-VPC-INVITE-GRANT-REVOKE :: inv-post-revoke-deny	NO-ASSERTIONS
iam	label-revoke-vpc	T31-LBLREVOKE-VPC-INVITE-GRANT-REVOKE :: inv-post-revoke-deny	NO-ASSERTIONS
iam	label-revoke-vpc	T31-LBLREVOKE-VPC-INVITE-GRANT-REVOKE :: inv-post-revoke-deny	NO-ASSERTIONS
iam	label-revoke-vpc	T31-LBLREVOKE-VPC-INVITE-GRANT-REVOKE :: inv-post-revoke-deny	NO-ASSERTIONS
iam	label-revoke-vpc	T31-LBLREVOKE-VPC-INVITE-GRANT-REVOKE :: inv-post-revoke-deny	NO-ASSERTIONS
iam	label-revoke-vpc	T31-LBLREVOKE-VPC-INVITE-GRANT-REVOKE :: inv-post-revoke-deny	NO-ASSERTIONS
iam	label-revoke-vpc	T31-LBLREVOKE-VPC-INVITE-GRANT-REVOKE :: inv-post-revoke-deny	NO-ASSERTIONS
iam	label-revoke-vpc	T31-LBLREVOKE-VPC-INVITE-GRANT-REVOKE :: inv-post-revoke-deny	NO-ASSERTIONS
iam	label-revoke-vpc	T31-LBLREVOKE-VPC-INVITE-GRANT-REVOKE :: inv-post-revoke-deny	NO-ASSERTIONS
iam	label-revoke-vpc	T31-LBLREVOKE-VPC-INVITE-GRANT-REVOKE :: inv-post-revoke-deny	NO-ASSERTIONS
iam	label-revoke-vpc	T31-LBLREVOKE-VPC-INVITE-GRANT-REVOKE :: inv-post-revoke-deny	NO-ASSERTIONS
iam	label-revoke-vpc	T31-LBLREVOKE-VPC-INVITE-GRANT-REVOKE :: inv-post-revoke-deny	NO-ASSERTIONS
iam	label-revoke-vpc	T31-LBLREVOKE-VPC-INVITE-GRANT-REVOKE :: inv-post-revoke-deny	NO-ASSERTIONS
iam	label-revoke-vpc	T31-LBLREVOKE-VPC-INVITE-GRANT-REVOKE :: inv-post-revoke-deny	NO-ASSERTIONS
iam	label-revoke-vpc	T31-LBLREVOKE-VPC-INVITE-GRANT-REVOKE :: inv-post-revoke-deny	NO-ASSERTIONS
iam	label-revoke-vpc	T31-LBLREVOKE-VPC-INVITE-GRANT-REVOKE :: inv-post-revoke-deny	NO-ASSERTIONS
iam	label-revoke-vpc	T31-LBLREVOKE-VPC-INVITE-GRANT-REVOKE :: inv-post-revoke-deny	NO-ASSERTIONS
iam	label-revoke-vpc	T31-LBLREVOKE-VPC-INVITE-GRANT-REVOKE :: inv-pre-grant-deny	GREEN
iam	label-revoke-vpc	T31-LBLREVOKE-VPC-INVITE-GRANT-REVOKE :: poll-bind-inv	GREEN
iam	label-revoke-vpc	T31-LBLREVOKE-VPC-INVITE-GRANT-REVOKE :: poll-net-inv	GREEN
iam	label-revoke-vpc	T31-LBLREVOKE-VPC-INVITE-GRANT-REVOKE :: poll-proj-inv	GREEN
iam	label-revoke-vpc	T31-LBLREVOKE-VPC-INVITE-GRANT-REVOKE :: poll-proj-inv	NO-ASSERTIONS
iam	label-revoke-vpc	T31-LBLREVOKE-VPC-INVITE-GRANT-REVOKE :: poll-role-inv	GREEN
iam	label-revoke-vpc	T31-LBLREVOKE-VPC-INVITE-GRANT-REVOKE :: poll-role-inv	NO-ASSERTIONS
iam	label-revoke-vpc	T31-LBLREVOKE-VPC-INVITE-GRANT-REVOKE :: poll-sa-inv	GREEN
iam	label-revoke-vpc	T31-LBLREVOKE-VPC-INVITE-GRANT-REVOKE :: poll-sa-inv	NO-ASSERTIONS
iam	label-revoke-vpc	T31-LBLREVOKE-VPC-INVITE-GRANT-REVOKE :: poll-update-net-inv	GREEN
iam	label-revoke-vpc	T31-LBLREVOKE-VPC-INVITE-GRANT-REVOKE :: pre-update-net-inv-editor-prop	GREEN
iam	label-revoke-vpc	T31-LBLREVOKE-VPC-INVITE-GRANT-REVOKE :: update-net-inv	GREEN
iam	label-revoke-vpc	T31-LBLREVOKE-VPC-NETWORK-01 :: bind-n1	GREEN
iam	label-revoke-vpc	T31-LBLREVOKE-VPC-NETWORK-01 :: create-net-n1-rya42	GREEN
iam	label-revoke-vpc	T31-LBLREVOKE-VPC-NETWORK-01 :: create-proj-n1	GREEN
iam	label-revoke-vpc	T31-LBLREVOKE-VPC-NETWORK-01 :: create-role-n1	GREEN
iam	label-revoke-vpc	T31-LBLREVOKE-VPC-NETWORK-01 :: create-sa-n1	GREEN
iam	label-revoke-vpc	T31-LBLREVOKE-VPC-NETWORK-01 :: n1-post-grant-allow	GREEN
iam	label-revoke-vpc	T31-LBLREVOKE-VPC-NETWORK-01 :: n1-post-revoke-deny	GREEN
iam	label-revoke-vpc	T31-LBLREVOKE-VPC-NETWORK-01 :: n1-post-revoke-deny	NO-ASSERTIONS
iam	label-revoke-vpc	T31-LBLREVOKE-VPC-NETWORK-01 :: n1-post-revoke-deny	NO-ASSERTIONS
iam	label-revoke-vpc	T31-LBLREVOKE-VPC-NETWORK-01 :: n1-post-revoke-deny	NO-ASSERTIONS
iam	label-revoke-vpc	T31-LBLREVOKE-VPC-NETWORK-01 :: n1-post-revoke-deny	NO-ASSERTIONS
iam	label-revoke-vpc	T31-LBLREVOKE-VPC-NETWORK-01 :: n1-post-revoke-deny	NO-ASSERTIONS
iam	label-revoke-vpc	T31-LBLREVOKE-VPC-NETWORK-01 :: n1-post-revoke-deny	NO-ASSERTIONS
iam	label-revoke-vpc	T31-LBLREVOKE-VPC-NETWORK-01 :: n1-post-revoke-deny	NO-ASSERTIONS
iam	label-revoke-vpc	T31-LBLREVOKE-VPC-NETWORK-01 :: n1-post-revoke-deny	NO-ASSERTIONS
iam	label-revoke-vpc	T31-LBLREVOKE-VPC-NETWORK-01 :: n1-post-revoke-deny	NO-ASSERTIONS
iam	label-revoke-vpc	T31-LBLREVOKE-VPC-NETWORK-01 :: n1-post-revoke-deny	NO-ASSERTIONS
iam	label-revoke-vpc	T31-LBLREVOKE-VPC-NETWORK-01 :: n1-post-revoke-deny	NO-ASSERTIONS
iam	label-revoke-vpc	T31-LBLREVOKE-VPC-NETWORK-01 :: n1-post-revoke-deny	NO-ASSERTIONS
iam	label-revoke-vpc	T31-LBLREVOKE-VPC-NETWORK-01 :: n1-post-revoke-deny	NO-ASSERTIONS
iam	label-revoke-vpc	T31-LBLREVOKE-VPC-NETWORK-01 :: n1-post-revoke-deny	NO-ASSERTIONS
iam	label-revoke-vpc	T31-LBLREVOKE-VPC-NETWORK-01 :: n1-post-revoke-deny	NO-ASSERTIONS
iam	label-revoke-vpc	T31-LBLREVOKE-VPC-NETWORK-01 :: n1-post-revoke-deny	NO-ASSERTIONS
iam	label-revoke-vpc	T31-LBLREVOKE-VPC-NETWORK-01 :: n1-post-revoke-deny	NO-ASSERTIONS
iam	label-revoke-vpc	T31-LBLREVOKE-VPC-NETWORK-01 :: n1-post-revoke-deny	NO-ASSERTIONS
iam	label-revoke-vpc	T31-LBLREVOKE-VPC-NETWORK-01 :: n1-post-revoke-deny	NO-ASSERTIONS
iam	label-revoke-vpc	T31-LBLREVOKE-VPC-NETWORK-01 :: n1-post-revoke-deny	NO-ASSERTIONS
iam	label-revoke-vpc	T31-LBLREVOKE-VPC-NETWORK-01 :: n1-post-revoke-deny	NO-ASSERTIONS
iam	label-revoke-vpc	T31-LBLREVOKE-VPC-NETWORK-01 :: n1-post-revoke-deny	NO-ASSERTIONS
iam	label-revoke-vpc	T31-LBLREVOKE-VPC-NETWORK-01 :: n1-post-revoke-deny	NO-ASSERTIONS
iam	label-revoke-vpc	T31-LBLREVOKE-VPC-NETWORK-01 :: n1-post-revoke-deny	NO-ASSERTIONS
iam	label-revoke-vpc	T31-LBLREVOKE-VPC-NETWORK-01 :: n1-post-revoke-deny	NO-ASSERTIONS
iam	label-revoke-vpc	T31-LBLREVOKE-VPC-NETWORK-01 :: n1-post-revoke-deny	NO-ASSERTIONS
iam	label-revoke-vpc	T31-LBLREVOKE-VPC-NETWORK-01 :: n1-post-revoke-deny	NO-ASSERTIONS
iam	label-revoke-vpc	T31-LBLREVOKE-VPC-NETWORK-01 :: n1-post-revoke-deny	NO-ASSERTIONS
iam	label-revoke-vpc	T31-LBLREVOKE-VPC-NETWORK-01 :: n1-post-revoke-deny	NO-ASSERTIONS
iam	label-revoke-vpc	T31-LBLREVOKE-VPC-NETWORK-01 :: n1-post-revoke-deny	NO-ASSERTIONS
iam	label-revoke-vpc	T31-LBLREVOKE-VPC-NETWORK-01 :: n1-pre-grant-deny	GREEN
iam	label-revoke-vpc	T31-LBLREVOKE-VPC-NETWORK-01 :: n1-resource-still-exists	GREEN
iam	label-revoke-vpc	T31-LBLREVOKE-VPC-NETWORK-01 :: poll-bind-n1	GREEN
iam	label-revoke-vpc	T31-LBLREVOKE-VPC-NETWORK-01 :: poll-net-n1	GREEN
iam	label-revoke-vpc	T31-LBLREVOKE-VPC-NETWORK-01 :: poll-proj-n1	GREEN
iam	label-revoke-vpc	T31-LBLREVOKE-VPC-NETWORK-01 :: poll-proj-n1	NO-ASSERTIONS
iam	label-revoke-vpc	T31-LBLREVOKE-VPC-NETWORK-01 :: poll-role-n1	GREEN
iam	label-revoke-vpc	T31-LBLREVOKE-VPC-NETWORK-01 :: poll-role-n1	NO-ASSERTIONS
iam	label-revoke-vpc	T31-LBLREVOKE-VPC-NETWORK-01 :: poll-sa-n1	GREEN
iam	label-revoke-vpc	T31-LBLREVOKE-VPC-NETWORK-01 :: poll-sa-n1	NO-ASSERTIONS
iam	label-revoke-vpc	T31-LBLREVOKE-VPC-NETWORK-01 :: poll-update-net-n1	GREEN
iam	label-revoke-vpc	T31-LBLREVOKE-VPC-NETWORK-01 :: pre-update-net-n1-editor-prop	GREEN
iam	label-revoke-vpc	T31-LBLREVOKE-VPC-NETWORK-01 :: update-net-n1	GREEN
iam	label-revoke-vpc	T31-LBLREVOKE-VPC-NETWORK-ADD-01 :: add-post-add-allow	GREEN
iam	label-revoke-vpc	T31-LBLREVOKE-VPC-NETWORK-ADD-01 :: add-post-add-allow	NO-ASSERTIONS
iam	label-revoke-vpc	T31-LBLREVOKE-VPC-NETWORK-ADD-01 :: add-pre-add-deny	GREEN
iam	label-revoke-vpc	T31-LBLREVOKE-VPC-NETWORK-ADD-01 :: add-pre-add-deny	NO-ASSERTIONS
iam	label-revoke-vpc	T31-LBLREVOKE-VPC-NETWORK-ADD-01 :: add-pre-add-deny	NO-ASSERTIONS
iam	label-revoke-vpc	T31-LBLREVOKE-VPC-NETWORK-ADD-01 :: add-pre-add-deny	NO-ASSERTIONS
iam	label-revoke-vpc	T31-LBLREVOKE-VPC-NETWORK-ADD-01 :: add-pre-add-deny	NO-ASSERTIONS
iam	label-revoke-vpc	T31-LBLREVOKE-VPC-NETWORK-ADD-01 :: add-pre-add-deny	NO-ASSERTIONS
iam	label-revoke-vpc	T31-LBLREVOKE-VPC-NETWORK-ADD-01 :: add-pre-add-deny	NO-ASSERTIONS
iam	label-revoke-vpc	T31-LBLREVOKE-VPC-NETWORK-ADD-01 :: add-pre-add-deny	NO-ASSERTIONS
iam	label-revoke-vpc	T31-LBLREVOKE-VPC-NETWORK-ADD-01 :: add-pre-add-deny	NO-ASSERTIONS
iam	label-revoke-vpc	T31-LBLREVOKE-VPC-NETWORK-ADD-01 :: add-pre-add-deny	NO-ASSERTIONS
iam	label-revoke-vpc	T31-LBLREVOKE-VPC-NETWORK-ADD-01 :: add-pre-add-deny	NO-ASSERTIONS
iam	label-revoke-vpc	T31-LBLREVOKE-VPC-NETWORK-ADD-01 :: add-pre-add-deny	NO-ASSERTIONS
iam	label-revoke-vpc	T31-LBLREVOKE-VPC-NETWORK-ADD-01 :: add-pre-add-deny	NO-ASSERTIONS
iam	label-revoke-vpc	T31-LBLREVOKE-VPC-NETWORK-ADD-01 :: add-pre-add-deny	NO-ASSERTIONS
iam	label-revoke-vpc	T31-LBLREVOKE-VPC-NETWORK-ADD-01 :: add-pre-add-deny	NO-ASSERTIONS
iam	label-revoke-vpc	T31-LBLREVOKE-VPC-NETWORK-ADD-01 :: add-pre-add-deny	NO-ASSERTIONS
iam	label-revoke-vpc	T31-LBLREVOKE-VPC-NETWORK-ADD-01 :: add-pre-add-deny	NO-ASSERTIONS
iam	label-revoke-vpc	T31-LBLREVOKE-VPC-NETWORK-ADD-01 :: add-pre-add-deny	NO-ASSERTIONS
iam	label-revoke-vpc	T31-LBLREVOKE-VPC-NETWORK-ADD-01 :: add-pre-add-deny	NO-ASSERTIONS
iam	label-revoke-vpc	T31-LBLREVOKE-VPC-NETWORK-ADD-01 :: add-pre-add-deny	NO-ASSERTIONS
iam	label-revoke-vpc	T31-LBLREVOKE-VPC-NETWORK-ADD-01 :: add-pre-add-deny	NO-ASSERTIONS
iam	label-revoke-vpc	T31-LBLREVOKE-VPC-NETWORK-ADD-01 :: add-pre-add-deny	NO-ASSERTIONS
iam	label-revoke-vpc	T31-LBLREVOKE-VPC-NETWORK-ADD-01 :: add-pre-add-deny	NO-ASSERTIONS
iam	label-revoke-vpc	T31-LBLREVOKE-VPC-NETWORK-ADD-01 :: add-pre-add-deny	NO-ASSERTIONS
iam	label-revoke-vpc	T31-LBLREVOKE-VPC-NETWORK-ADD-01 :: add-pre-add-deny	NO-ASSERTIONS
iam	label-revoke-vpc	T31-LBLREVOKE-VPC-NETWORK-ADD-01 :: add-pre-add-deny	NO-ASSERTIONS
iam	label-revoke-vpc	T31-LBLREVOKE-VPC-NETWORK-ADD-01 :: add-pre-add-deny	NO-ASSERTIONS
iam	label-revoke-vpc	T31-LBLREVOKE-VPC-NETWORK-ADD-01 :: add-pre-add-deny	NO-ASSERTIONS
iam	label-revoke-vpc	T31-LBLREVOKE-VPC-NETWORK-ADD-01 :: add-pre-add-deny	NO-ASSERTIONS
iam	label-revoke-vpc	T31-LBLREVOKE-VPC-NETWORK-ADD-01 :: add-pre-add-deny	NO-ASSERTIONS
iam	label-revoke-vpc	T31-LBLREVOKE-VPC-NETWORK-ADD-01 :: add-pre-add-deny	NO-ASSERTIONS
iam	label-revoke-vpc	T31-LBLREVOKE-VPC-NETWORK-ADD-01 :: bind-add	GREEN
iam	label-revoke-vpc	T31-LBLREVOKE-VPC-NETWORK-ADD-01 :: create-net-add-rya46	GREEN
iam	label-revoke-vpc	T31-LBLREVOKE-VPC-NETWORK-ADD-01 :: create-proj-add	GREEN
iam	label-revoke-vpc	T31-LBLREVOKE-VPC-NETWORK-ADD-01 :: create-role-add	GREEN
iam	label-revoke-vpc	T31-LBLREVOKE-VPC-NETWORK-ADD-01 :: create-sa-add	GREEN
iam	label-revoke-vpc	T31-LBLREVOKE-VPC-NETWORK-ADD-01 :: poll-bind-add	GREEN
iam	label-revoke-vpc	T31-LBLREVOKE-VPC-NETWORK-ADD-01 :: poll-net-add	GREEN
iam	label-revoke-vpc	T31-LBLREVOKE-VPC-NETWORK-ADD-01 :: poll-proj-add	GREEN
iam	label-revoke-vpc	T31-LBLREVOKE-VPC-NETWORK-ADD-01 :: poll-proj-add	NO-ASSERTIONS
iam	label-revoke-vpc	T31-LBLREVOKE-VPC-NETWORK-ADD-01 :: poll-role-add	GREEN
iam	label-revoke-vpc	T31-LBLREVOKE-VPC-NETWORK-ADD-01 :: poll-role-add	NO-ASSERTIONS
iam	label-revoke-vpc	T31-LBLREVOKE-VPC-NETWORK-ADD-01 :: poll-sa-add	GREEN
iam	label-revoke-vpc	T31-LBLREVOKE-VPC-NETWORK-ADD-01 :: poll-sa-add	NO-ASSERTIONS
iam	label-revoke-vpc	T31-LBLREVOKE-VPC-NETWORK-ADD-01 :: poll-update-net-add	GREEN
iam	label-revoke-vpc	T31-LBLREVOKE-VPC-NETWORK-ADD-01 :: pre-update-net-add-editor-prop	GREEN
iam	label-revoke-vpc	T31-LBLREVOKE-VPC-NETWORK-ADD-01 :: update-net-add	GREEN
iam	label-revoke-vpc	T31-LBLREVOKE-VPC-NETWORK-CHANGE-01 :: bind-oboth	GREEN
iam	label-revoke-vpc	T31-LBLREVOKE-VPC-NETWORK-CHANGE-01 :: bind-tboth	GREEN
iam	label-revoke-vpc	T31-LBLREVOKE-VPC-NETWORK-CHANGE-01 :: bind-ttre	GREEN
iam	label-revoke-vpc	T31-LBLREVOKE-VPC-NETWORK-CHANGE-01 :: chg-both-post-allow	GREEN
iam	label-revoke-vpc	T31-LBLREVOKE-VPC-NETWORK-CHANGE-01 :: chg-both-pre-allow	GREEN
iam	label-revoke-vpc	T31-LBLREVOKE-VPC-NETWORK-CHANGE-01 :: chg-treska-post-deny	GREEN
iam	label-revoke-vpc	T31-LBLREVOKE-VPC-NETWORK-CHANGE-01 :: chg-treska-post-deny	NO-ASSERTIONS
iam	label-revoke-vpc	T31-LBLREVOKE-VPC-NETWORK-CHANGE-01 :: chg-treska-post-deny	NO-ASSERTIONS
iam	label-revoke-vpc	T31-LBLREVOKE-VPC-NETWORK-CHANGE-01 :: chg-treska-post-deny	NO-ASSERTIONS
iam	label-revoke-vpc	T31-LBLREVOKE-VPC-NETWORK-CHANGE-01 :: chg-treska-post-deny	NO-ASSERTIONS
iam	label-revoke-vpc	T31-LBLREVOKE-VPC-NETWORK-CHANGE-01 :: chg-treska-post-deny	NO-ASSERTIONS
iam	label-revoke-vpc	T31-LBLREVOKE-VPC-NETWORK-CHANGE-01 :: chg-treska-post-deny	NO-ASSERTIONS
iam	label-revoke-vpc	T31-LBLREVOKE-VPC-NETWORK-CHANGE-01 :: chg-treska-post-deny	NO-ASSERTIONS
iam	label-revoke-vpc	T31-LBLREVOKE-VPC-NETWORK-CHANGE-01 :: chg-treska-post-deny	NO-ASSERTIONS
iam	label-revoke-vpc	T31-LBLREVOKE-VPC-NETWORK-CHANGE-01 :: chg-treska-post-deny	NO-ASSERTIONS
iam	label-revoke-vpc	T31-LBLREVOKE-VPC-NETWORK-CHANGE-01 :: chg-treska-post-deny	NO-ASSERTIONS
iam	label-revoke-vpc	T31-LBLREVOKE-VPC-NETWORK-CHANGE-01 :: chg-treska-post-deny	NO-ASSERTIONS
iam	label-revoke-vpc	T31-LBLREVOKE-VPC-NETWORK-CHANGE-01 :: chg-treska-post-deny	NO-ASSERTIONS
iam	label-revoke-vpc	T31-LBLREVOKE-VPC-NETWORK-CHANGE-01 :: chg-treska-post-deny	NO-ASSERTIONS
iam	label-revoke-vpc	T31-LBLREVOKE-VPC-NETWORK-CHANGE-01 :: chg-treska-post-deny	NO-ASSERTIONS
iam	label-revoke-vpc	T31-LBLREVOKE-VPC-NETWORK-CHANGE-01 :: chg-treska-post-deny	NO-ASSERTIONS
iam	label-revoke-vpc	T31-LBLREVOKE-VPC-NETWORK-CHANGE-01 :: chg-treska-post-deny	NO-ASSERTIONS
iam	label-revoke-vpc	T31-LBLREVOKE-VPC-NETWORK-CHANGE-01 :: chg-treska-post-deny	NO-ASSERTIONS
iam	label-revoke-vpc	T31-LBLREVOKE-VPC-NETWORK-CHANGE-01 :: chg-treska-post-deny	NO-ASSERTIONS
iam	label-revoke-vpc	T31-LBLREVOKE-VPC-NETWORK-CHANGE-01 :: chg-treska-post-deny	NO-ASSERTIONS
iam	label-revoke-vpc	T31-LBLREVOKE-VPC-NETWORK-CHANGE-01 :: chg-treska-post-deny	NO-ASSERTIONS
iam	label-revoke-vpc	T31-LBLREVOKE-VPC-NETWORK-CHANGE-01 :: chg-treska-post-deny	NO-ASSERTIONS
iam	label-revoke-vpc	T31-LBLREVOKE-VPC-NETWORK-CHANGE-01 :: chg-treska-post-deny	NO-ASSERTIONS
iam	label-revoke-vpc	T31-LBLREVOKE-VPC-NETWORK-CHANGE-01 :: chg-treska-post-deny	NO-ASSERTIONS
iam	label-revoke-vpc	T31-LBLREVOKE-VPC-NETWORK-CHANGE-01 :: chg-treska-post-deny	NO-ASSERTIONS
iam	label-revoke-vpc	T31-LBLREVOKE-VPC-NETWORK-CHANGE-01 :: chg-treska-post-deny	NO-ASSERTIONS
iam	label-revoke-vpc	T31-LBLREVOKE-VPC-NETWORK-CHANGE-01 :: chg-treska-post-deny	NO-ASSERTIONS
iam	label-revoke-vpc	T31-LBLREVOKE-VPC-NETWORK-CHANGE-01 :: chg-treska-post-deny	NO-ASSERTIONS
iam	label-revoke-vpc	T31-LBLREVOKE-VPC-NETWORK-CHANGE-01 :: chg-treska-post-deny	NO-ASSERTIONS
iam	label-revoke-vpc	T31-LBLREVOKE-VPC-NETWORK-CHANGE-01 :: chg-treska-post-deny	NO-ASSERTIONS
iam	label-revoke-vpc	T31-LBLREVOKE-VPC-NETWORK-CHANGE-01 :: chg-treska-post-deny	NO-ASSERTIONS
iam	label-revoke-vpc	T31-LBLREVOKE-VPC-NETWORK-CHANGE-01 :: chg-treska-pre-allow	GREEN
iam	label-revoke-vpc	T31-LBLREVOKE-VPC-NETWORK-CHANGE-01 :: create-net-chg-rya47	GREEN
iam	label-revoke-vpc	T31-LBLREVOKE-VPC-NETWORK-CHANGE-01 :: create-proj-chg	GREEN
iam	label-revoke-vpc	T31-LBLREVOKE-VPC-NETWORK-CHANGE-01 :: create-role-roleo	GREEN
iam	label-revoke-vpc	T31-LBLREVOKE-VPC-NETWORK-CHANGE-01 :: create-role-rolet	GREEN
iam	label-revoke-vpc	T31-LBLREVOKE-VPC-NETWORK-CHANGE-01 :: create-sa-both	GREEN
iam	label-revoke-vpc	T31-LBLREVOKE-VPC-NETWORK-CHANGE-01 :: create-sa-tre	GREEN
iam	label-revoke-vpc	T31-LBLREVOKE-VPC-NETWORK-CHANGE-01 :: poll-bind-oboth	GREEN
iam	label-revoke-vpc	T31-LBLREVOKE-VPC-NETWORK-CHANGE-01 :: poll-bind-tboth	GREEN
iam	label-revoke-vpc	T31-LBLREVOKE-VPC-NETWORK-CHANGE-01 :: poll-bind-ttre	GREEN
iam	label-revoke-vpc	T31-LBLREVOKE-VPC-NETWORK-CHANGE-01 :: poll-net-chg	GREEN
iam	label-revoke-vpc	T31-LBLREVOKE-VPC-NETWORK-CHANGE-01 :: poll-proj-chg	GREEN
iam	label-revoke-vpc	T31-LBLREVOKE-VPC-NETWORK-CHANGE-01 :: poll-proj-chg	NO-ASSERTIONS
iam	label-revoke-vpc	T31-LBLREVOKE-VPC-NETWORK-CHANGE-01 :: poll-role-roleo	GREEN
iam	label-revoke-vpc	T31-LBLREVOKE-VPC-NETWORK-CHANGE-01 :: poll-role-roleo	NO-ASSERTIONS
iam	label-revoke-vpc	T31-LBLREVOKE-VPC-NETWORK-CHANGE-01 :: poll-role-rolet	GREEN
iam	label-revoke-vpc	T31-LBLREVOKE-VPC-NETWORK-CHANGE-01 :: poll-role-rolet	NO-ASSERTIONS
iam	label-revoke-vpc	T31-LBLREVOKE-VPC-NETWORK-CHANGE-01 :: poll-sa-both	GREEN
iam	label-revoke-vpc	T31-LBLREVOKE-VPC-NETWORK-CHANGE-01 :: poll-sa-both	NO-ASSERTIONS
iam	label-revoke-vpc	T31-LBLREVOKE-VPC-NETWORK-CHANGE-01 :: poll-sa-tre	GREEN
iam	label-revoke-vpc	T31-LBLREVOKE-VPC-NETWORK-CHANGE-01 :: poll-sa-tre	NO-ASSERTIONS
iam	label-revoke-vpc	T31-LBLREVOKE-VPC-NETWORK-CHANGE-01 :: poll-update-net-chg	GREEN
iam	label-revoke-vpc	T31-LBLREVOKE-VPC-NETWORK-CHANGE-01 :: pre-update-net-chg-editor-prop	GREEN
iam	label-revoke-vpc	T31-LBLREVOKE-VPC-NETWORK-CHANGE-01 :: update-net-chg	GREEN
iam	label-revoke-vpc	T31-LBLREVOKE-VPC-NETWORK-FULLPATCH-01 :: bind-fp	GREEN
iam	label-revoke-vpc	T31-LBLREVOKE-VPC-NETWORK-FULLPATCH-01 :: create-net-fpa-rya49	GREEN
iam	label-revoke-vpc	T31-LBLREVOKE-VPC-NETWORK-FULLPATCH-01 :: create-net-fpb-rya50	GREEN
iam	label-revoke-vpc	T31-LBLREVOKE-VPC-NETWORK-FULLPATCH-01 :: create-proj-fp	GREEN
iam	label-revoke-vpc	T31-LBLREVOKE-VPC-NETWORK-FULLPATCH-01 :: create-role-fp	GREEN
iam	label-revoke-vpc	T31-LBLREVOKE-VPC-NETWORK-FULLPATCH-01 :: create-sa-fp	GREEN
iam	label-revoke-vpc	T31-LBLREVOKE-VPC-NETWORK-FULLPATCH-01 :: fp-a-post-grant-allow	GREEN
iam	label-revoke-vpc	T31-LBLREVOKE-VPC-NETWORK-FULLPATCH-01 :: fp-a-post-revoke-deny	GREEN
iam	label-revoke-vpc	T31-LBLREVOKE-VPC-NETWORK-FULLPATCH-01 :: fp-a-post-revoke-deny	NO-ASSERTIONS
iam	label-revoke-vpc	T31-LBLREVOKE-VPC-NETWORK-FULLPATCH-01 :: fp-a-post-revoke-deny	NO-ASSERTIONS
iam	label-revoke-vpc	T31-LBLREVOKE-VPC-NETWORK-FULLPATCH-01 :: fp-a-post-revoke-deny	NO-ASSERTIONS
iam	label-revoke-vpc	T31-LBLREVOKE-VPC-NETWORK-FULLPATCH-01 :: fp-a-post-revoke-deny	NO-ASSERTIONS
iam	label-revoke-vpc	T31-LBLREVOKE-VPC-NETWORK-FULLPATCH-01 :: fp-a-post-revoke-deny	NO-ASSERTIONS
iam	label-revoke-vpc	T31-LBLREVOKE-VPC-NETWORK-FULLPATCH-01 :: fp-a-post-revoke-deny	NO-ASSERTIONS
iam	label-revoke-vpc	T31-LBLREVOKE-VPC-NETWORK-FULLPATCH-01 :: fp-a-post-revoke-deny	NO-ASSERTIONS
iam	label-revoke-vpc	T31-LBLREVOKE-VPC-NETWORK-FULLPATCH-01 :: fp-a-post-revoke-deny	NO-ASSERTIONS
iam	label-revoke-vpc	T31-LBLREVOKE-VPC-NETWORK-FULLPATCH-01 :: fp-a-post-revoke-deny	NO-ASSERTIONS
iam	label-revoke-vpc	T31-LBLREVOKE-VPC-NETWORK-FULLPATCH-01 :: fp-a-post-revoke-deny	NO-ASSERTIONS
iam	label-revoke-vpc	T31-LBLREVOKE-VPC-NETWORK-FULLPATCH-01 :: fp-a-post-revoke-deny	NO-ASSERTIONS
iam	label-revoke-vpc	T31-LBLREVOKE-VPC-NETWORK-FULLPATCH-01 :: fp-a-post-revoke-deny	NO-ASSERTIONS
iam	label-revoke-vpc	T31-LBLREVOKE-VPC-NETWORK-FULLPATCH-01 :: fp-a-post-revoke-deny	NO-ASSERTIONS
iam	label-revoke-vpc	T31-LBLREVOKE-VPC-NETWORK-FULLPATCH-01 :: fp-a-post-revoke-deny	NO-ASSERTIONS
iam	label-revoke-vpc	T31-LBLREVOKE-VPC-NETWORK-FULLPATCH-01 :: fp-a-post-revoke-deny	NO-ASSERTIONS
iam	label-revoke-vpc	T31-LBLREVOKE-VPC-NETWORK-FULLPATCH-01 :: fp-a-post-revoke-deny	NO-ASSERTIONS
iam	label-revoke-vpc	T31-LBLREVOKE-VPC-NETWORK-FULLPATCH-01 :: fp-a-post-revoke-deny	NO-ASSERTIONS
iam	label-revoke-vpc	T31-LBLREVOKE-VPC-NETWORK-FULLPATCH-01 :: fp-a-post-revoke-deny	NO-ASSERTIONS
iam	label-revoke-vpc	T31-LBLREVOKE-VPC-NETWORK-FULLPATCH-01 :: fp-a-post-revoke-deny	NO-ASSERTIONS
iam	label-revoke-vpc	T31-LBLREVOKE-VPC-NETWORK-FULLPATCH-01 :: fp-a-post-revoke-deny	NO-ASSERTIONS
iam	label-revoke-vpc	T31-LBLREVOKE-VPC-NETWORK-FULLPATCH-01 :: fp-a-post-revoke-deny	NO-ASSERTIONS
iam	label-revoke-vpc	T31-LBLREVOKE-VPC-NETWORK-FULLPATCH-01 :: fp-a-post-revoke-deny	NO-ASSERTIONS
iam	label-revoke-vpc	T31-LBLREVOKE-VPC-NETWORK-FULLPATCH-01 :: fp-a-post-revoke-deny	NO-ASSERTIONS
iam	label-revoke-vpc	T31-LBLREVOKE-VPC-NETWORK-FULLPATCH-01 :: fp-a-post-revoke-deny	NO-ASSERTIONS
iam	label-revoke-vpc	T31-LBLREVOKE-VPC-NETWORK-FULLPATCH-01 :: fp-a-post-revoke-deny	NO-ASSERTIONS
iam	label-revoke-vpc	T31-LBLREVOKE-VPC-NETWORK-FULLPATCH-01 :: fp-a-post-revoke-deny	NO-ASSERTIONS
iam	label-revoke-vpc	T31-LBLREVOKE-VPC-NETWORK-FULLPATCH-01 :: fp-a-post-revoke-deny	NO-ASSERTIONS
iam	label-revoke-vpc	T31-LBLREVOKE-VPC-NETWORK-FULLPATCH-01 :: fp-a-post-revoke-deny	NO-ASSERTIONS
iam	label-revoke-vpc	T31-LBLREVOKE-VPC-NETWORK-FULLPATCH-01 :: fp-a-post-revoke-deny	NO-ASSERTIONS
iam	label-revoke-vpc	T31-LBLREVOKE-VPC-NETWORK-FULLPATCH-01 :: fp-a-post-revoke-deny	NO-ASSERTIONS
iam	label-revoke-vpc	T31-LBLREVOKE-VPC-NETWORK-FULLPATCH-01 :: fp-a-pre-grant-deny	GREEN
iam	label-revoke-vpc	T31-LBLREVOKE-VPC-NETWORK-FULLPATCH-01 :: fp-b-post-add-allow	GREEN
iam	label-revoke-vpc	T31-LBLREVOKE-VPC-NETWORK-FULLPATCH-01 :: fp-b-post-add-allow	NO-ASSERTIONS
iam	label-revoke-vpc	T31-LBLREVOKE-VPC-NETWORK-FULLPATCH-01 :: fp-b-pre-add-deny	GREEN
iam	label-revoke-vpc	T31-LBLREVOKE-VPC-NETWORK-FULLPATCH-01 :: fp-b-pre-add-deny	NO-ASSERTIONS
iam	label-revoke-vpc	T31-LBLREVOKE-VPC-NETWORK-FULLPATCH-01 :: fp-b-pre-add-deny	NO-ASSERTIONS
iam	label-revoke-vpc	T31-LBLREVOKE-VPC-NETWORK-FULLPATCH-01 :: fp-b-pre-add-deny	NO-ASSERTIONS
iam	label-revoke-vpc	T31-LBLREVOKE-VPC-NETWORK-FULLPATCH-01 :: fp-b-pre-add-deny	NO-ASSERTIONS
iam	label-revoke-vpc	T31-LBLREVOKE-VPC-NETWORK-FULLPATCH-01 :: fp-b-pre-add-deny	NO-ASSERTIONS
iam	label-revoke-vpc	T31-LBLREVOKE-VPC-NETWORK-FULLPATCH-01 :: fp-b-pre-add-deny	NO-ASSERTIONS
iam	label-revoke-vpc	T31-LBLREVOKE-VPC-NETWORK-FULLPATCH-01 :: fp-b-pre-add-deny	NO-ASSERTIONS
iam	label-revoke-vpc	T31-LBLREVOKE-VPC-NETWORK-FULLPATCH-01 :: fp-b-pre-add-deny	NO-ASSERTIONS
iam	label-revoke-vpc	T31-LBLREVOKE-VPC-NETWORK-FULLPATCH-01 :: fp-b-pre-add-deny	NO-ASSERTIONS
iam	label-revoke-vpc	T31-LBLREVOKE-VPC-NETWORK-FULLPATCH-01 :: fp-b-pre-add-deny	NO-ASSERTIONS
iam	label-revoke-vpc	T31-LBLREVOKE-VPC-NETWORK-FULLPATCH-01 :: fp-b-pre-add-deny	NO-ASSERTIONS
iam	label-revoke-vpc	T31-LBLREVOKE-VPC-NETWORK-FULLPATCH-01 :: fp-b-pre-add-deny	NO-ASSERTIONS
iam	label-revoke-vpc	T31-LBLREVOKE-VPC-NETWORK-FULLPATCH-01 :: fp-b-pre-add-deny	NO-ASSERTIONS
iam	label-revoke-vpc	T31-LBLREVOKE-VPC-NETWORK-FULLPATCH-01 :: fp-b-pre-add-deny	NO-ASSERTIONS
iam	label-revoke-vpc	T31-LBLREVOKE-VPC-NETWORK-FULLPATCH-01 :: fp-b-pre-add-deny	NO-ASSERTIONS
iam	label-revoke-vpc	T31-LBLREVOKE-VPC-NETWORK-FULLPATCH-01 :: fp-b-pre-add-deny	NO-ASSERTIONS
iam	label-revoke-vpc	T31-LBLREVOKE-VPC-NETWORK-FULLPATCH-01 :: fp-b-pre-add-deny	NO-ASSERTIONS
iam	label-revoke-vpc	T31-LBLREVOKE-VPC-NETWORK-FULLPATCH-01 :: fp-b-pre-add-deny	NO-ASSERTIONS
iam	label-revoke-vpc	T31-LBLREVOKE-VPC-NETWORK-FULLPATCH-01 :: fp-b-pre-add-deny	NO-ASSERTIONS
iam	label-revoke-vpc	T31-LBLREVOKE-VPC-NETWORK-FULLPATCH-01 :: fp-b-pre-add-deny	NO-ASSERTIONS
iam	label-revoke-vpc	T31-LBLREVOKE-VPC-NETWORK-FULLPATCH-01 :: fp-b-pre-add-deny	NO-ASSERTIONS
iam	label-revoke-vpc	T31-LBLREVOKE-VPC-NETWORK-FULLPATCH-01 :: fp-b-pre-add-deny	NO-ASSERTIONS
iam	label-revoke-vpc	T31-LBLREVOKE-VPC-NETWORK-FULLPATCH-01 :: fp-b-pre-add-deny	NO-ASSERTIONS
iam	label-revoke-vpc	T31-LBLREVOKE-VPC-NETWORK-FULLPATCH-01 :: fp-b-pre-add-deny	NO-ASSERTIONS
iam	label-revoke-vpc	T31-LBLREVOKE-VPC-NETWORK-FULLPATCH-01 :: fp-b-pre-add-deny	NO-ASSERTIONS
iam	label-revoke-vpc	T31-LBLREVOKE-VPC-NETWORK-FULLPATCH-01 :: fp-b-pre-add-deny	NO-ASSERTIONS
iam	label-revoke-vpc	T31-LBLREVOKE-VPC-NETWORK-FULLPATCH-01 :: fp-b-pre-add-deny	NO-ASSERTIONS
iam	label-revoke-vpc	T31-LBLREVOKE-VPC-NETWORK-FULLPATCH-01 :: fp-b-pre-add-deny	NO-ASSERTIONS
iam	label-revoke-vpc	T31-LBLREVOKE-VPC-NETWORK-FULLPATCH-01 :: fp-b-pre-add-deny	NO-ASSERTIONS
iam	label-revoke-vpc	T31-LBLREVOKE-VPC-NETWORK-FULLPATCH-01 :: fp-b-pre-add-deny	NO-ASSERTIONS
iam	label-revoke-vpc	T31-LBLREVOKE-VPC-NETWORK-FULLPATCH-01 :: poll-bind-fp	GREEN
iam	label-revoke-vpc	T31-LBLREVOKE-VPC-NETWORK-FULLPATCH-01 :: poll-net-fpa	GREEN
iam	label-revoke-vpc	T31-LBLREVOKE-VPC-NETWORK-FULLPATCH-01 :: poll-net-fpb	GREEN
iam	label-revoke-vpc	T31-LBLREVOKE-VPC-NETWORK-FULLPATCH-01 :: poll-proj-fp	GREEN
iam	label-revoke-vpc	T31-LBLREVOKE-VPC-NETWORK-FULLPATCH-01 :: poll-proj-fp	NO-ASSERTIONS
iam	label-revoke-vpc	T31-LBLREVOKE-VPC-NETWORK-FULLPATCH-01 :: poll-role-fp	GREEN
iam	label-revoke-vpc	T31-LBLREVOKE-VPC-NETWORK-FULLPATCH-01 :: poll-role-fp	NO-ASSERTIONS
iam	label-revoke-vpc	T31-LBLREVOKE-VPC-NETWORK-FULLPATCH-01 :: poll-sa-fp	GREEN
iam	label-revoke-vpc	T31-LBLREVOKE-VPC-NETWORK-FULLPATCH-01 :: poll-sa-fp	NO-ASSERTIONS
iam	label-revoke-vpc	T31-LBLREVOKE-VPC-NETWORK-FULLPATCH-01 :: poll-update-net-fpa	GREEN
iam	label-revoke-vpc	T31-LBLREVOKE-VPC-NETWORK-FULLPATCH-01 :: poll-update-net-fpb	GREEN
iam	label-revoke-vpc	T31-LBLREVOKE-VPC-NETWORK-FULLPATCH-01 :: pre-update-net-fpa-editor-prop	GREEN
iam	label-revoke-vpc	T31-LBLREVOKE-VPC-NETWORK-FULLPATCH-01 :: pre-update-net-fpb-editor-prop	GREEN
iam	label-revoke-vpc	T31-LBLREVOKE-VPC-NETWORK-FULLPATCH-01 :: update-net-fpa	GREEN
iam	label-revoke-vpc	T31-LBLREVOKE-VPC-NETWORK-FULLPATCH-01 :: update-net-fpb	GREEN
iam	label-revoke-vpc	T31-LBLREVOKE-VPC-NETWORK-IDM-01 :: bind-idm	GREEN
iam	label-revoke-vpc	T31-LBLREVOKE-VPC-NETWORK-IDM-01 :: create-net-idm-rya48	GREEN
iam	label-revoke-vpc	T31-LBLREVOKE-VPC-NETWORK-IDM-01 :: create-proj-idm	GREEN
iam	label-revoke-vpc	T31-LBLREVOKE-VPC-NETWORK-IDM-01 :: create-role-idm	GREEN
iam	label-revoke-vpc	T31-LBLREVOKE-VPC-NETWORK-IDM-01 :: create-sa-idm	GREEN
iam	label-revoke-vpc	T31-LBLREVOKE-VPC-NETWORK-IDM-01 :: idm-post-grant-allow	GREEN
iam	label-revoke-vpc	T31-LBLREVOKE-VPC-NETWORK-IDM-01 :: idm-post-update-still-allow	GREEN
iam	label-revoke-vpc	T31-LBLREVOKE-VPC-NETWORK-IDM-01 :: idm-pre-grant-deny	GREEN
iam	label-revoke-vpc	T31-LBLREVOKE-VPC-NETWORK-IDM-01 :: poll-bind-idm	GREEN
iam	label-revoke-vpc	T31-LBLREVOKE-VPC-NETWORK-IDM-01 :: poll-net-idm	GREEN
iam	label-revoke-vpc	T31-LBLREVOKE-VPC-NETWORK-IDM-01 :: poll-proj-idm	GREEN
iam	label-revoke-vpc	T31-LBLREVOKE-VPC-NETWORK-IDM-01 :: poll-proj-idm	NO-ASSERTIONS
iam	label-revoke-vpc	T31-LBLREVOKE-VPC-NETWORK-IDM-01 :: poll-role-idm	GREEN
iam	label-revoke-vpc	T31-LBLREVOKE-VPC-NETWORK-IDM-01 :: poll-role-idm	NO-ASSERTIONS
iam	label-revoke-vpc	T31-LBLREVOKE-VPC-NETWORK-IDM-01 :: poll-sa-idm	GREEN
iam	label-revoke-vpc	T31-LBLREVOKE-VPC-NETWORK-IDM-01 :: poll-sa-idm	NO-ASSERTIONS
iam	label-revoke-vpc	T31-LBLREVOKE-VPC-NETWORK-IDM-01 :: poll-update-net-idm	GREEN
iam	label-revoke-vpc	T31-LBLREVOKE-VPC-NETWORK-IDM-01 :: pre-update-net-idm-editor-prop	GREEN
iam	label-revoke-vpc	T31-LBLREVOKE-VPC-NETWORK-IDM-01 :: update-net-idm	GREEN
iam	label-revoke-vpc	T31-LBLREVOKE-VPC-NETWORK-UNAVAIL-01 :: create-net-un-rya51	GREEN
iam	label-revoke-vpc	T31-LBLREVOKE-VPC-NETWORK-UNAVAIL-01 :: create-proj-un	GREEN
iam	label-revoke-vpc	T31-LBLREVOKE-VPC-NETWORK-UNAVAIL-01 :: poll-net-un	GREEN
iam	label-revoke-vpc	T31-LBLREVOKE-VPC-NETWORK-UNAVAIL-01 :: poll-proj-un	GREEN
iam	label-revoke-vpc	T31-LBLREVOKE-VPC-NETWORK-UNAVAIL-01 :: poll-proj-un	NO-ASSERTIONS
iam	label-revoke-vpc	T31-LBLREVOKE-VPC-NETWORK-UNAVAIL-01 :: poll-update-net-un	GREEN
iam	label-revoke-vpc	T31-LBLREVOKE-VPC-NETWORK-UNAVAIL-01 :: pre-update-net-un-editor-prop	GREEN
iam	label-revoke-vpc	T31-LBLREVOKE-VPC-NETWORK-UNAVAIL-01 :: un-update-not-unavailable-rya52	GREEN
iam	label-revoke-vpc	T31-LBLREVOKE-VPC-NETWORK-UNAVAIL-01 :: update-net-un	GREEN
iam	label-revoke-vpc	T31-LBLREVOKE-VPC-SECGROUP-02 :: bind-sg	GREEN
iam	label-revoke-vpc	T31-LBLREVOKE-VPC-SECGROUP-02 :: create-net-sg-rya43	GREEN
iam	label-revoke-vpc	T31-LBLREVOKE-VPC-SECGROUP-02 :: create-proj-sg	GREEN
iam	label-revoke-vpc	T31-LBLREVOKE-VPC-SECGROUP-02 :: create-role-sg	GREEN
iam	label-revoke-vpc	T31-LBLREVOKE-VPC-SECGROUP-02 :: create-sa-sg	GREEN
iam	label-revoke-vpc	T31-LBLREVOKE-VPC-SECGROUP-02 :: create-sg-rya44	GREEN
iam	label-revoke-vpc	T31-LBLREVOKE-VPC-SECGROUP-02 :: poll-bind-sg	GREEN
iam	label-revoke-vpc	T31-LBLREVOKE-VPC-SECGROUP-02 :: poll-net-sg	GREEN
iam	label-revoke-vpc	T31-LBLREVOKE-VPC-SECGROUP-02 :: poll-proj-sg	GREEN
iam	label-revoke-vpc	T31-LBLREVOKE-VPC-SECGROUP-02 :: poll-proj-sg	NO-ASSERTIONS
iam	label-revoke-vpc	T31-LBLREVOKE-VPC-SECGROUP-02 :: poll-role-sg	GREEN
iam	label-revoke-vpc	T31-LBLREVOKE-VPC-SECGROUP-02 :: poll-role-sg	NO-ASSERTIONS
iam	label-revoke-vpc	T31-LBLREVOKE-VPC-SECGROUP-02 :: poll-sa-sg	GREEN
iam	label-revoke-vpc	T31-LBLREVOKE-VPC-SECGROUP-02 :: poll-sa-sg	NO-ASSERTIONS
iam	label-revoke-vpc	T31-LBLREVOKE-VPC-SECGROUP-02 :: poll-sg	GREEN
iam	label-revoke-vpc	T31-LBLREVOKE-VPC-SECGROUP-02 :: poll-sg	NO-ASSERTIONS
iam	label-revoke-vpc	T31-LBLREVOKE-VPC-SECGROUP-02 :: poll-update-sg	GREEN
iam	label-revoke-vpc	T31-LBLREVOKE-VPC-SECGROUP-02 :: sg-post-grant-allow	GREEN
iam	label-revoke-vpc	T31-LBLREVOKE-VPC-SECGROUP-02 :: sg-post-revoke-deny	GREEN
iam	label-revoke-vpc	T31-LBLREVOKE-VPC-SECGROUP-02 :: sg-post-revoke-deny	NO-ASSERTIONS
iam	label-revoke-vpc	T31-LBLREVOKE-VPC-SECGROUP-02 :: sg-post-revoke-deny	NO-ASSERTIONS
iam	label-revoke-vpc	T31-LBLREVOKE-VPC-SECGROUP-02 :: sg-post-revoke-deny	NO-ASSERTIONS
iam	label-revoke-vpc	T31-LBLREVOKE-VPC-SECGROUP-02 :: sg-post-revoke-deny	NO-ASSERTIONS
iam	label-revoke-vpc	T31-LBLREVOKE-VPC-SECGROUP-02 :: sg-post-revoke-deny	NO-ASSERTIONS
iam	label-revoke-vpc	T31-LBLREVOKE-VPC-SECGROUP-02 :: sg-post-revoke-deny	NO-ASSERTIONS
iam	label-revoke-vpc	T31-LBLREVOKE-VPC-SECGROUP-02 :: sg-post-revoke-deny	NO-ASSERTIONS
iam	label-revoke-vpc	T31-LBLREVOKE-VPC-SECGROUP-02 :: sg-post-revoke-deny	NO-ASSERTIONS
iam	label-revoke-vpc	T31-LBLREVOKE-VPC-SECGROUP-02 :: sg-post-revoke-deny	NO-ASSERTIONS
iam	label-revoke-vpc	T31-LBLREVOKE-VPC-SECGROUP-02 :: sg-post-revoke-deny	NO-ASSERTIONS
iam	label-revoke-vpc	T31-LBLREVOKE-VPC-SECGROUP-02 :: sg-post-revoke-deny	NO-ASSERTIONS
iam	label-revoke-vpc	T31-LBLREVOKE-VPC-SECGROUP-02 :: sg-post-revoke-deny	NO-ASSERTIONS
iam	label-revoke-vpc	T31-LBLREVOKE-VPC-SECGROUP-02 :: sg-post-revoke-deny	NO-ASSERTIONS
iam	label-revoke-vpc	T31-LBLREVOKE-VPC-SECGROUP-02 :: sg-post-revoke-deny	NO-ASSERTIONS
iam	label-revoke-vpc	T31-LBLREVOKE-VPC-SECGROUP-02 :: sg-post-revoke-deny	NO-ASSERTIONS
iam	label-revoke-vpc	T31-LBLREVOKE-VPC-SECGROUP-02 :: sg-post-revoke-deny	NO-ASSERTIONS
iam	label-revoke-vpc	T31-LBLREVOKE-VPC-SECGROUP-02 :: sg-post-revoke-deny	NO-ASSERTIONS
iam	label-revoke-vpc	T31-LBLREVOKE-VPC-SECGROUP-02 :: sg-post-revoke-deny	NO-ASSERTIONS
iam	label-revoke-vpc	T31-LBLREVOKE-VPC-SECGROUP-02 :: sg-post-revoke-deny	NO-ASSERTIONS
iam	label-revoke-vpc	T31-LBLREVOKE-VPC-SECGROUP-02 :: sg-post-revoke-deny	NO-ASSERTIONS
iam	label-revoke-vpc	T31-LBLREVOKE-VPC-SECGROUP-02 :: sg-post-revoke-deny	NO-ASSERTIONS
iam	label-revoke-vpc	T31-LBLREVOKE-VPC-SECGROUP-02 :: sg-post-revoke-deny	NO-ASSERTIONS
iam	label-revoke-vpc	T31-LBLREVOKE-VPC-SECGROUP-02 :: sg-post-revoke-deny	NO-ASSERTIONS
iam	label-revoke-vpc	T31-LBLREVOKE-VPC-SECGROUP-02 :: sg-post-revoke-deny	NO-ASSERTIONS
iam	label-revoke-vpc	T31-LBLREVOKE-VPC-SECGROUP-02 :: sg-post-revoke-deny	NO-ASSERTIONS
iam	label-revoke-vpc	T31-LBLREVOKE-VPC-SECGROUP-02 :: sg-post-revoke-deny	NO-ASSERTIONS
iam	label-revoke-vpc	T31-LBLREVOKE-VPC-SECGROUP-02 :: sg-post-revoke-deny	NO-ASSERTIONS
iam	label-revoke-vpc	T31-LBLREVOKE-VPC-SECGROUP-02 :: sg-post-revoke-deny	NO-ASSERTIONS
iam	label-revoke-vpc	T31-LBLREVOKE-VPC-SECGROUP-02 :: sg-post-revoke-deny	NO-ASSERTIONS
iam	label-revoke-vpc	T31-LBLREVOKE-VPC-SECGROUP-02 :: sg-post-revoke-deny	NO-ASSERTIONS
iam	label-revoke-vpc	T31-LBLREVOKE-VPC-SECGROUP-02 :: sg-pre-grant-deny	GREEN
iam	label-revoke-vpc	T31-LBLREVOKE-VPC-SECGROUP-02 :: update-sg-labels-rya45	GREEN
iam	rbac-subject-channel-equivalence	IAM-CH-GRP-EQUIV-OK :: add-member	GREEN
iam	rbac-subject-channel-equivalence	IAM-CH-GRP-EQUIV-OK :: create-group	GREEN
iam	rbac-subject-channel-equivalence	IAM-CH-GRP-EQUIV-OK :: grant-group	GREEN
iam	rbac-subject-channel-equivalence	IAM-CH-GRP-EQUIV-OK :: poll-chgEquivAddOp	GREEN
iam	rbac-subject-channel-equivalence	IAM-CH-GRP-EQUIV-OK :: poll-chgEquivBindOp	GREEN
iam	rbac-subject-channel-equivalence	IAM-CH-GRP-EQUIV-OK :: poll-chgEquivGrpOp	GREEN
iam	rbac-subject-channel-equivalence	IAM-CH-GRP-EQUIV-OK :: poll-chgEquivGrpOp	GREEN
iam	rbac-subject-channel-equivalence	IAM-CH-GRP-EQUIV-OK :: read-acct-grp	NO-ASSERTIONS
iam	rbac-subject-channel-equivalence	IAM-CH-GRP-EQUIV-OK :: read-acct-grp	NO-ASSERTIONS
iam	rbac-subject-channel-equivalence	IAM-CH-GRP-EQUIV-OK :: read-acct-grp	NO-ASSERTIONS
iam	rbac-subject-channel-equivalence	IAM-CH-GRP-EQUIV-OK :: read-acct-grp	NO-ASSERTIONS
iam	rbac-subject-channel-equivalence	IAM-CH-GRP-EQUIV-OK :: read-acct-grp	NO-ASSERTIONS
iam	rbac-subject-channel-equivalence	IAM-CH-GRP-EQUIV-OK :: read-acct-grp	NO-ASSERTIONS
iam	rbac-subject-channel-equivalence	IAM-CH-GRP-EQUIV-OK :: read-acct-grp	NO-ASSERTIONS
iam	rbac-subject-channel-equivalence	IAM-CH-GRP-EQUIV-OK :: read-acct-grp	NO-ASSERTIONS
iam	rbac-subject-channel-equivalence	IAM-CH-GRP-EQUIV-OK :: read-acct-grp	NO-ASSERTIONS
iam	rbac-subject-channel-equivalence	IAM-CH-GRP-EQUIV-OK :: read-acct-grp	NO-ASSERTIONS
iam	rbac-subject-channel-equivalence	IAM-CH-GRP-EQUIV-OK :: read-acct-grp	NO-ASSERTIONS
iam	rbac-subject-channel-equivalence	IAM-CH-GRP-EQUIV-OK :: read-acct-grp	NO-ASSERTIONS
iam	rbac-subject-channel-equivalence	IAM-CH-GRP-EQUIV-OK :: read-acct-grp	NO-ASSERTIONS
iam	rbac-subject-channel-equivalence	IAM-CH-GRP-EQUIV-OK :: read-acct-grp	NO-ASSERTIONS
iam	rbac-subject-channel-equivalence	IAM-CH-GRP-EQUIV-OK :: read-acct-grp	NO-ASSERTIONS
iam	rbac-subject-channel-equivalence	IAM-CH-GRP-EQUIV-OK :: read-acct-grp	NO-ASSERTIONS
iam	rbac-subject-channel-equivalence	IAM-CH-GRP-EQUIV-OK :: read-acct-grp	NO-ASSERTIONS
iam	rbac-subject-channel-equivalence	IAM-CH-GRP-EQUIV-OK :: read-acct-grp	NO-ASSERTIONS
iam	rbac-subject-channel-equivalence	IAM-CH-GRP-EQUIV-OK :: read-acct-grp	NO-ASSERTIONS
iam	rbac-subject-channel-equivalence	IAM-CH-GRP-EQUIV-OK :: read-acct-grp	NO-ASSERTIONS
iam	rbac-subject-channel-equivalence	IAM-CH-GRP-EQUIV-OK :: read-acct-grp	NO-ASSERTIONS
iam	rbac-subject-channel-equivalence	IAM-CH-GRP-EQUIV-OK :: read-acct-grp	NO-ASSERTIONS
iam	rbac-subject-channel-equivalence	IAM-CH-GRP-EQUIV-OK :: read-acct-grp	NO-ASSERTIONS
iam	rbac-subject-channel-equivalence	IAM-CH-GRP-EQUIV-OK :: read-acct-grp	NO-ASSERTIONS
iam	rbac-subject-channel-equivalence	IAM-CH-GRP-EQUIV-OK :: read-acct-grp	NO-ASSERTIONS
iam	rbac-subject-channel-equivalence	IAM-CH-GRP-EQUIV-OK :: read-acct-grp	NO-ASSERTIONS
iam	rbac-subject-channel-equivalence	IAM-CH-GRP-EQUIV-OK :: read-acct-grp	NO-ASSERTIONS
iam	rbac-subject-channel-equivalence	IAM-CH-GRP-EQUIV-OK :: read-acct-grp	NO-ASSERTIONS
iam	rbac-subject-channel-equivalence	IAM-CH-GRP-EQUIV-OK :: read-acct-grp	NO-ASSERTIONS
iam	rbac-subject-channel-equivalence	IAM-CH-GRP-EQUIV-OK :: read-acct-grp	NO-ASSERTIONS
iam	rbac-subject-channel-equivalence	IAM-CH-GRP-EQUIV-OK :: read-acct-grp	NO-ASSERTIONS
iam	rbac-subject-channel-equivalence	IAM-CH-GRP-EQUIV-OK :: read-acct-grp	NO-ASSERTIONS
iam	rbac-subject-channel-equivalence	IAM-CH-GRP-EQUIV-OK :: read-acct-grp	NO-ASSERTIONS
iam	rbac-subject-channel-equivalence	IAM-CH-GRP-EQUIV-OK :: read-acct-grp	NO-ASSERTIONS
iam	rbac-subject-channel-equivalence	IAM-CH-GRP-EQUIV-OK :: read-acct-grp	NO-ASSERTIONS
iam	rbac-subject-channel-equivalence	IAM-CH-GRP-EQUIV-OK :: read-acct-grp	NO-ASSERTIONS
iam	rbac-subject-channel-equivalence	IAM-CH-GRP-EQUIV-OK :: read-acct-grp	NO-ASSERTIONS
iam	rbac-subject-channel-equivalence	IAM-CH-GRP-EQUIV-OK :: read-acct-grp	NO-ASSERTIONS
iam	rbac-subject-channel-equivalence	IAM-CH-GRP-EQUIV-OK :: read-acct-grp	NO-ASSERTIONS
iam	rbac-subject-channel-equivalence	IAM-CH-GRP-EQUIV-OK :: read-acct-grp	NO-ASSERTIONS
iam	rbac-subject-channel-equivalence	IAM-CH-GRP-EQUIV-OK :: read-acct-grp	NO-ASSERTIONS
iam	rbac-subject-channel-equivalence	IAM-CH-GRP-EQUIV-OK :: read-acct-grp	NO-ASSERTIONS
iam	rbac-subject-channel-equivalence	IAM-CH-GRP-EQUIV-OK :: read-acct-grp	NO-ASSERTIONS
iam	rbac-subject-channel-equivalence	IAM-CH-GRP-EQUIV-OK :: read-acct-grp	NO-ASSERTIONS
iam	rbac-subject-channel-equivalence	IAM-CH-GRP-EQUIV-OK :: read-acct-grp	NO-ASSERTIONS
iam	rbac-subject-channel-equivalence	IAM-CH-GRP-EQUIV-OK :: read-acct-grp	NO-ASSERTIONS
iam	rbac-subject-channel-equivalence	IAM-CH-GRP-EQUIV-OK :: read-acct-grp	NO-ASSERTIONS
iam	rbac-subject-channel-equivalence	IAM-CH-GRP-EQUIV-OK :: read-acct-grp	NO-ASSERTIONS
iam	rbac-subject-channel-equivalence	IAM-CH-GRP-EQUIV-OK :: read-acct-grp	NO-ASSERTIONS
iam	rbac-subject-channel-equivalence	IAM-CH-GRP-EQUIV-OK :: read-acct-grp	NO-ASSERTIONS
iam	rbac-subject-channel-equivalence	IAM-CH-GRP-EQUIV-OK :: read-acct-grp	NO-ASSERTIONS
iam	rbac-subject-channel-equivalence	IAM-CH-GRP-EQUIV-OK :: read-acct-grp	NO-ASSERTIONS
iam	rbac-subject-channel-equivalence	IAM-CH-GRP-EQUIV-OK :: read-acct-grp	NO-ASSERTIONS
iam	rbac-subject-channel-equivalence	IAM-CH-GRP-EQUIV-OK :: read-acct-grp	NO-ASSERTIONS
iam	rbac-subject-channel-equivalence	IAM-CH-GRP-EQUIV-OK :: read-acct-grp	NO-ASSERTIONS
iam	rbac-subject-channel-equivalence	IAM-CH-GRP-EQUIV-OK :: read-acct-grp	NO-ASSERTIONS
iam	rbac-subject-channel-equivalence	IAM-CH-GRP-EQUIV-OK :: read-acct-grp	NO-ASSERTIONS
iam	rbac-subject-channel-equivalence	IAM-CH-GRP-EQUIV-OK :: read-acct-grp	NO-ASSERTIONS
iam	rbac-subject-channel-equivalence	IAM-CH-GRP-EQUIV-OK :: read-acct-grp	NO-ASSERTIONS
iam	rbac-subject-channel-equivalence	IAM-CH-GRP-EQUIV-OK :: read-acct-grp	NO-ASSERTIONS
iam	rbac-subject-channel-equivalence	IAM-CH-GRP-EQUIV-OK :: read-acct-grp	NO-ASSERTIONS
iam	rbac-subject-channel-equivalence	IAM-CH-GRP-EQUIV-OK :: read-acct-grp	NO-ASSERTIONS
iam	rbac-subject-channel-equivalence	IAM-CH-GRP-EQUIV-OK :: read-acct-grp	NO-ASSERTIONS
iam	rbac-subject-channel-equivalence	IAM-CH-GRP-EQUIV-OK :: read-acct-grp	NO-ASSERTIONS
iam	rbac-subject-channel-equivalence	IAM-CH-GRP-EQUIV-OK :: read-acct-grp	NO-ASSERTIONS
iam	rbac-subject-channel-equivalence	IAM-CH-GRP-EQUIV-OK :: read-acct-grp	NO-ASSERTIONS
iam	rbac-subject-channel-equivalence	IAM-CH-GRP-EQUIV-OK :: read-acct-grp	NO-ASSERTIONS
iam	rbac-subject-channel-equivalence	IAM-CH-GRP-EQUIV-OK :: read-acct-grp	NO-ASSERTIONS
iam	rbac-subject-channel-equivalence	IAM-CH-GRP-EQUIV-OK :: read-acct-grp	NO-ASSERTIONS
iam	rbac-subject-channel-equivalence	IAM-CH-GRP-EQUIV-OK :: read-acct-grp	NO-ASSERTIONS
iam	rbac-subject-channel-equivalence	IAM-CH-GRP-EQUIV-OK :: read-acct-grp	NO-ASSERTIONS
iam	rbac-subject-channel-equivalence	IAM-CH-GRP-EQUIV-OK :: read-acct-grp	NO-ASSERTIONS
iam	rbac-subject-channel-equivalence	IAM-CH-GRP-EQUIV-OK :: read-acct-grp	NO-ASSERTIONS
iam	rbac-subject-channel-equivalence	IAM-CH-GRP-EQUIV-OK :: read-acct-grp	NO-ASSERTIONS
iam	rbac-subject-channel-equivalence	IAM-CH-GRP-EQUIV-OK :: read-acct-grp	NO-ASSERTIONS
iam	rbac-subject-channel-equivalence	IAM-CH-GRP-EQUIV-OK :: read-acct-grp	NO-ASSERTIONS
iam	rbac-subject-channel-equivalence	IAM-CH-GRP-EQUIV-OK :: read-acct-grp	NO-ASSERTIONS
iam	rbac-subject-channel-equivalence	IAM-CH-GRP-EQUIV-OK :: read-acct-grp	NO-ASSERTIONS
iam	rbac-subject-channel-equivalence	IAM-CH-GRP-EQUIV-OK :: read-acct-grp	NO-ASSERTIONS
iam	rbac-subject-channel-equivalence	IAM-CH-GRP-EQUIV-OK :: read-acct-grp	NO-ASSERTIONS
iam	rbac-subject-channel-equivalence	IAM-CH-GRP-EQUIV-OK :: read-acct-grp	NO-ASSERTIONS
iam	rbac-subject-channel-equivalence	IAM-CH-GRP-EQUIV-OK :: read-acct-grp	NO-ASSERTIONS
iam	rbac-subject-channel-equivalence	IAM-CH-GRP-EQUIV-OK :: read-acct-grp	NO-ASSERTIONS
iam	rbac-subject-channel-equivalence	IAM-CH-GRP-EQUIV-OK :: read-acct-grp	NO-ASSERTIONS
iam	rbac-subject-channel-equivalence	IAM-CH-GRP-EQUIV-OK :: read-acct-grp	NO-ASSERTIONS
iam	rbac-subject-channel-equivalence	IAM-CH-GRP-EQUIV-OK :: read-acct-grp	NO-ASSERTIONS
iam	rbac-subject-channel-equivalence	IAM-CH-GRP-EQUIV-OK :: read-acct-grp	NO-ASSERTIONS
iam	rbac-subject-channel-equivalence	IAM-CH-GRP-EQUIV-OK :: read-acct-grp	NO-ASSERTIONS
iam	rbac-subject-channel-equivalence	IAM-CH-GRP-EQUIV-OK :: read-acct-grp	NO-ASSERTIONS
iam	rbac-subject-channel-equivalence	IAM-CH-GRP-EQUIV-OK :: read-acct-grp	NO-ASSERTIONS
iam	rbac-subject-channel-equivalence	IAM-CH-GRP-EQUIV-OK :: read-acct-grp	NO-ASSERTIONS
iam	rbac-subject-channel-equivalence	IAM-CH-GRP-EQUIV-OK :: read-acct-grp	NO-ASSERTIONS
iam	rbac-subject-channel-equivalence	IAM-CH-GRP-EQUIV-OK :: read-acct-grp	NO-ASSERTIONS
iam	rbac-subject-channel-equivalence	IAM-CH-GRP-EQUIV-OK :: read-acct-grp	NO-ASSERTIONS
iam	rbac-subject-channel-equivalence	IAM-CH-GRP-EQUIV-OK :: read-acct-grp	NO-ASSERTIONS
iam	rbac-subject-channel-equivalence	IAM-CH-GRP-EQUIV-OK :: read-acct-grp	NO-ASSERTIONS
iam	rbac-subject-channel-equivalence	IAM-CH-GRP-EQUIV-OK :: read-acct-grp	NO-ASSERTIONS
iam	rbac-subject-channel-equivalence	IAM-CH-GRP-EQUIV-OK :: read-acct-grp	NO-ASSERTIONS
iam	rbac-subject-channel-equivalence	IAM-CH-GRP-EQUIV-OK :: read-acct-grp	NO-ASSERTIONS
iam	rbac-subject-channel-equivalence	IAM-CH-GRP-EQUIV-OK :: read-acct-grp	NO-ASSERTIONS
iam	rbac-subject-channel-equivalence	IAM-CH-GRP-EQUIV-OK :: read-acct-grp	NO-ASSERTIONS
iam	rbac-subject-channel-equivalence	IAM-CH-GRP-EQUIV-OK :: read-acct-grp	NO-ASSERTIONS
iam	rbac-subject-channel-equivalence	IAM-CH-GRP-EQUIV-OK :: read-acct-grp	NO-ASSERTIONS
iam	rbac-subject-channel-equivalence	IAM-CH-GRP-EQUIV-OK :: read-acct-grp	NO-ASSERTIONS
iam	rbac-subject-channel-equivalence	IAM-CH-GRP-EQUIV-OK :: read-acct-grp	NO-ASSERTIONS
iam	rbac-subject-channel-equivalence	IAM-CH-GRP-EQUIV-OK :: read-acct-grp	NO-ASSERTIONS
iam	rbac-subject-channel-equivalence	IAM-CH-GRP-EQUIV-OK :: read-acct-grp	NO-ASSERTIONS
iam	rbac-subject-channel-equivalence	IAM-CH-GRP-EQUIV-OK :: read-acct-grp	NO-ASSERTIONS
iam	rbac-subject-channel-equivalence	IAM-CH-GRP-EQUIV-OK :: read-acct-grp	NO-ASSERTIONS
iam	rbac-subject-channel-equivalence	IAM-CH-GRP-EQUIV-OK :: read-acct-grp	NO-ASSERTIONS
iam	rbac-subject-channel-equivalence	IAM-CH-GRP-EQUIV-OK :: read-acct-grp	NO-ASSERTIONS
iam	rbac-subject-channel-equivalence	IAM-CH-GRP-EQUIV-OK :: read-acct-grp	NO-ASSERTIONS
iam	rbac-subject-channel-equivalence	IAM-CH-GRP-EQUIV-OK :: read-acct-grp	NO-ASSERTIONS
iam	rbac-subject-channel-equivalence	IAM-CH-GRP-EQUIV-OK :: read-acct-grp	NO-ASSERTIONS
iam	rbac-subject-channel-equivalence	IAM-CH-GRP-EQUIV-OK :: read-acct-grp	NO-ASSERTIONS
iam	rbac-subject-channel-equivalence	IAM-CH-GRP-EQUIV-OK :: read-acct-grp	NO-ASSERTIONS
iam	rbac-subject-channel-equivalence	IAM-CH-GRP-EQUIV-OK :: read-acct-grp	NO-ASSERTIONS
iam	rbac-subject-channel-equivalence	IAM-CH-GRP-EQUIV-OK :: read-acct-grp	NO-ASSERTIONS
iam	rbac-subject-channel-equivalence	IAM-CH-GRP-EQUIV-OK :: read-acct-grp	NO-ASSERTIONS
iam	rbac-subject-channel-equivalence	IAM-CH-GRP-EQUIV-OK :: read-acct-grp	NO-ASSERTIONS
iam	rbac-subject-channel-equivalence	IAM-CH-GRP-EQUIV-OK :: read-acct-grp	NO-ASSERTIONS
iam	rbac-subject-channel-equivalence	IAM-CH-GRP-EQUIV-OK :: read-acct-grp	NO-ASSERTIONS
iam	rbac-subject-channel-equivalence	IAM-CH-GRP-EQUIV-OK :: read-acct-grp	NO-ASSERTIONS
iam	rbac-subject-channel-equivalence	IAM-CH-GRP-EQUIV-OK :: read-acct-grp	NO-ASSERTIONS
iam	rbac-subject-channel-equivalence	IAM-CH-GRP-EQUIV-OK :: read-acct-grp	NO-ASSERTIONS
iam	rbac-subject-channel-equivalence	IAM-CH-GRP-EQUIV-OK :: read-acct-grp	NO-ASSERTIONS
iam	rbac-subject-channel-equivalence	IAM-CH-GRP-EQUIV-OK :: read-acct-grp	NO-ASSERTIONS
iam	rbac-subject-channel-equivalence	IAM-CH-GRP-EQUIV-OK :: read-acct-grp	NO-ASSERTIONS
iam	rbac-subject-channel-equivalence	IAM-CH-GRP-EQUIV-OK :: read-acct-grp	NO-ASSERTIONS
iam	rbac-subject-channel-equivalence	IAM-CH-GRP-EQUIV-OK :: read-acct-grp	NO-ASSERTIONS
iam	rbac-subject-channel-equivalence	IAM-CH-GRP-EQUIV-OK :: read-acct-grp	NO-ASSERTIONS
iam	rbac-subject-channel-equivalence	IAM-CH-GRP-EQUIV-OK :: read-acct-grp	NO-ASSERTIONS
iam	rbac-subject-channel-equivalence	IAM-CH-GRP-EQUIV-OK :: read-acct-grp	NO-ASSERTIONS
iam	rbac-subject-channel-equivalence	IAM-CH-GRP-EQUIV-OK :: read-acct-grp	NO-ASSERTIONS
iam	rbac-subject-channel-equivalence	IAM-CH-GRP-EQUIV-OK :: read-acct-grp	NO-ASSERTIONS
iam	rbac-subject-channel-equivalence	IAM-CH-GRP-EQUIV-OK :: read-acct-grp	NO-ASSERTIONS
iam	rbac-subject-channel-equivalence	IAM-CH-GRP-EQUIV-OK :: read-acct-grp	NO-ASSERTIONS
iam	rbac-subject-channel-equivalence	IAM-CH-GRP-EQUIV-OK :: read-acct-grp	NO-ASSERTIONS
iam	rbac-subject-channel-equivalence	IAM-CH-GRP-EQUIV-OK :: read-acct-grp	NO-ASSERTIONS
iam	rbac-subject-channel-equivalence	IAM-CH-GRP-EQUIV-OK :: read-acct-grp	NO-ASSERTIONS
iam	rbac-subject-channel-equivalence	IAM-CH-GRP-EQUIV-OK :: read-acct-grp	NO-ASSERTIONS
iam	rbac-subject-channel-equivalence	IAM-CH-GRP-EQUIV-OK :: read-acct-grp	NO-ASSERTIONS
iam	rbac-subject-channel-equivalence	IAM-CH-GRP-EQUIV-OK :: read-acct-grp	NO-ASSERTIONS
iam	rbac-subject-channel-equivalence	IAM-CH-GRP-EQUIV-OK :: read-acct-grp	NO-ASSERTIONS
iam	rbac-subject-channel-equivalence	IAM-CH-GRP-EQUIV-OK :: read-acct-grp	NO-ASSERTIONS
iam	rbac-subject-channel-equivalence	IAM-CH-GRP-EQUIV-OK :: read-acct-grp	NO-ASSERTIONS
iam	rbac-subject-channel-equivalence	IAM-CH-GRP-EQUIV-OK :: read-acct-grp	NO-ASSERTIONS
iam	rbac-subject-channel-equivalence	IAM-CH-GRP-EQUIV-OK :: read-acct-grp	NO-ASSERTIONS
iam	rbac-subject-channel-equivalence	IAM-CH-GRP-EQUIV-OK :: read-acct-grp	NO-ASSERTIONS
iam	rbac-subject-channel-equivalence	IAM-CH-GRP-EQUIV-OK :: read-acct-grp	NO-ASSERTIONS
iam	rbac-subject-channel-equivalence	IAM-CH-GRP-EQUIV-OK :: read-acct-grp	NO-ASSERTIONS
iam	rbac-subject-channel-equivalence	IAM-CH-GRP-EQUIV-OK :: read-acct-grp	NO-ASSERTIONS
iam	rbac-subject-channel-equivalence	IAM-CH-GRP-EQUIV-OK :: read-acct-grp	NO-ASSERTIONS
iam	rbac-subject-channel-equivalence	IAM-CH-GRP-EQUIV-OK :: read-acct-grp	NO-ASSERTIONS
iam	rbac-subject-channel-equivalence	IAM-CH-GRP-EQUIV-OK :: read-acct-grp	NO-ASSERTIONS
iam	rbac-subject-channel-equivalence	IAM-CH-GRP-EQUIV-OK :: read-acct-grp	NO-ASSERTIONS
iam	rbac-subject-channel-equivalence	IAM-CH-GRP-EQUIV-OK :: read-acct-grp	NO-ASSERTIONS
iam	rbac-subject-channel-equivalence	IAM-CH-GRP-EQUIV-OK :: read-acct-grp	NO-ASSERTIONS
iam	rbac-subject-channel-equivalence	IAM-CH-GRP-EQUIV-OK :: read-acct-grp	NO-ASSERTIONS
iam	rbac-subject-channel-equivalence	IAM-CH-GRP-EQUIV-OK :: read-acct-grp	NO-ASSERTIONS
iam	rbac-subject-channel-equivalence	IAM-CH-GRP-EQUIV-OK :: read-acct-grp	NO-ASSERTIONS
iam	rbac-subject-channel-equivalence	IAM-CH-GRP-EQUIV-OK :: read-acct-grp	NO-ASSERTIONS
iam	rbac-subject-channel-equivalence	IAM-CH-GRP-EQUIV-OK :: read-acct-grp	NO-ASSERTIONS
iam	rbac-subject-channel-equivalence	IAM-CH-GRP-EQUIV-OK :: read-acct-grp	NO-ASSERTIONS
iam	rbac-subject-channel-equivalence	IAM-CH-GRP-EQUIV-OK :: read-acct-grp	NO-ASSERTIONS
iam	rbac-subject-channel-equivalence	IAM-CH-GRP-EQUIV-OK :: read-acct-grp	NO-ASSERTIONS
iam	rbac-subject-channel-equivalence	IAM-CH-GRP-EQUIV-OK :: read-acct-grp	NO-ASSERTIONS
iam	rbac-subject-channel-equivalence	IAM-CH-GRP-EQUIV-OK :: read-acct-grp	NO-ASSERTIONS
iam	rbac-subject-channel-equivalence	IAM-CH-GRP-EQUIV-OK :: read-acct-grp	NO-ASSERTIONS
iam	rbac-subject-channel-equivalence	IAM-CH-GRP-EQUIV-OK :: read-acct-grp	NO-ASSERTIONS
iam	rbac-subject-channel-equivalence	IAM-CH-GRP-EQUIV-OK :: read-acct-grp	NO-ASSERTIONS
iam	rbac-subject-channel-equivalence	IAM-CH-GRP-EQUIV-OK :: read-acct-grp	NO-ASSERTIONS
iam	rbac-subject-channel-equivalence	IAM-CH-GRP-EQUIV-OK :: read-acct-grp	NO-ASSERTIONS
iam	rbac-subject-channel-equivalence	IAM-CH-GRP-EQUIV-OK :: read-acct-grp	NO-ASSERTIONS
iam	rbac-subject-channel-equivalence	IAM-CH-GRP-EQUIV-OK :: read-acct-grp	NO-ASSERTIONS
iam	rbac-subject-channel-equivalence	IAM-CH-GRP-EQUIV-OK :: read-acct-grp	NO-ASSERTIONS
iam	rbac-subject-channel-equivalence	IAM-CH-GRP-EQUIV-OK :: read-acct-grp	NO-ASSERTIONS
iam	rbac-subject-channel-equivalence	IAM-CH-GRP-EQUIV-OK :: read-acct-grp	NO-ASSERTIONS
iam	rbac-subject-channel-equivalence	IAM-CH-GRP-EQUIV-OK :: read-acct-grp	NO-ASSERTIONS
iam	rbac-subject-channel-equivalence	IAM-CH-GRP-EQUIV-OK :: read-acct-grp	NO-ASSERTIONS
iam	rbac-subject-channel-equivalence	IAM-CH-GRP-EQUIV-OK :: read-acct-grp	NO-ASSERTIONS
iam	rbac-subject-channel-equivalence	IAM-CH-GRP-EQUIV-OK :: read-acct-grp	NO-ASSERTIONS
iam	rbac-subject-channel-equivalence	IAM-CH-GRP-EQUIV-OK :: read-acct-grp	NO-ASSERTIONS
iam	rbac-subject-channel-equivalence	IAM-CH-GRP-EQUIV-OK :: read-acct-grp	NO-ASSERTIONS
iam	rbac-subject-channel-equivalence	IAM-CH-GRP-EQUIV-OK :: read-acct-grp	NO-ASSERTIONS
iam	rbac-subject-channel-equivalence	IAM-CH-GRP-EQUIV-OK :: read-acct-grp	NO-ASSERTIONS
iam	rbac-subject-channel-equivalence	IAM-CH-GRP-EQUIV-OK :: read-acct-grp	NO-ASSERTIONS
iam	rbac-subject-channel-equivalence	IAM-CH-GRP-EQUIV-OK :: read-acct-grp	NO-ASSERTIONS
iam	rbac-subject-channel-equivalence	IAM-CH-GRP-EQUIV-OK :: read-acct-grp	NO-ASSERTIONS
iam	rbac-subject-channel-equivalence	IAM-CH-GRP-EQUIV-OK :: read-acct-grp	NO-ASSERTIONS
iam	rbac-subject-channel-equivalence	IAM-CH-GRP-EQUIV-OK :: read-acct-grp	NO-ASSERTIONS
iam	rbac-subject-channel-equivalence	IAM-CH-GRP-EQUIV-OK :: read-acct-grp	NO-ASSERTIONS
iam	rbac-subject-channel-equivalence	IAM-CH-GRP-EQUIV-OK :: read-acct-grp	NO-ASSERTIONS
iam	rbac-subject-channel-equivalence	IAM-CH-GRP-EQUIV-OK :: read-acct-grp	NO-ASSERTIONS
iam	rbac-subject-channel-equivalence	IAM-CH-GRP-EQUIV-OK :: read-acct-grp	NO-ASSERTIONS
iam	rbac-subject-channel-equivalence	IAM-CH-GRP-EQUIV-OK :: read-acct-grp	NO-ASSERTIONS
iam	rbac-subject-channel-equivalence	IAM-CH-GRP-EQUIV-OK :: read-acct-grp	NO-ASSERTIONS
iam	rbac-subject-channel-equivalence	IAM-CH-GRP-EQUIV-OK :: read-acct-grp	NO-ASSERTIONS
iam	rbac-subject-channel-equivalence	IAM-CH-GRP-EQUIV-OK :: read-acct-grp	NO-ASSERTIONS
iam	rbac-subject-channel-equivalence	IAM-CH-GRP-EQUIV-OK :: read-acct-grp	NO-ASSERTIONS
iam	rbac-subject-channel-equivalence	IAM-CH-GRP-EQUIV-OK :: read-acct-grp	NO-ASSERTIONS
iam	rbac-subject-channel-equivalence	IAM-CH-GRP-EQUIV-OK :: read-acct-grp	NO-ASSERTIONS
iam	rbac-subject-channel-equivalence	IAM-CH-GRP-EQUIV-OK :: read-acct-grp	NO-ASSERTIONS
iam	rbac-subject-channel-equivalence	IAM-CH-GRP-EQUIV-OK :: read-acct-grp	NO-ASSERTIONS
iam	rbac-subject-channel-equivalence	IAM-CH-GRP-EQUIV-OK :: read-acct-grp	NO-ASSERTIONS
iam	rbac-subject-channel-equivalence	IAM-CH-GRP-EQUIV-OK :: read-acct-grp	NO-ASSERTIONS
iam	rbac-subject-channel-equivalence	IAM-CH-GRP-EQUIV-OK :: read-acct-grp	NO-ASSERTIONS
iam	rbac-subject-channel-equivalence	IAM-CH-GRP-EQUIV-OK :: read-acct-grp	NO-ASSERTIONS
iam	rbac-subject-channel-equivalence	IAM-CH-GRP-EQUIV-OK :: read-acct-grp	NO-ASSERTIONS
iam	rbac-subject-channel-equivalence	IAM-CH-GRP-EQUIV-OK :: read-acct-grp	NO-ASSERTIONS
iam	rbac-subject-channel-equivalence	IAM-CH-GRP-EQUIV-OK :: read-acct-grp	NO-ASSERTIONS
iam	rbac-subject-channel-equivalence	IAM-CH-GRP-EQUIV-OK :: read-acct-grp	NO-ASSERTIONS
iam	rbac-subject-channel-equivalence	IAM-CH-GRP-EQUIV-OK :: read-acct-grp	NO-ASSERTIONS
iam	rbac-subject-channel-equivalence	IAM-CH-GRP-EQUIV-OK :: read-acct-grp	NO-ASSERTIONS
iam	rbac-subject-channel-equivalence	IAM-CH-GRP-EQUIV-OK :: read-acct-grp	NO-ASSERTIONS
iam	rbac-subject-channel-equivalence	IAM-CH-GRP-EQUIV-OK :: read-acct-grp	NO-ASSERTIONS
iam	rbac-subject-channel-equivalence	IAM-CH-GRP-EQUIV-OK :: read-acct-grp	NO-ASSERTIONS
iam	rbac-subject-channel-equivalence	IAM-CH-GRP-EQUIV-OK :: read-acct-grp	NO-ASSERTIONS
iam	rbac-subject-channel-equivalence	IAM-CH-GRP-EQUIV-OK :: read-acct-grp	NO-ASSERTIONS
iam	rbac-subject-channel-equivalence	IAM-CH-GRP-EQUIV-OK :: read-acct-grp	NO-ASSERTIONS
iam	rbac-subject-channel-equivalence	IAM-CH-GRP-EQUIV-OK :: read-acct-grp	NO-ASSERTIONS
iam	rbac-subject-channel-equivalence	IAM-CH-GRP-EQUIV-OK :: read-acct-grp	NO-ASSERTIONS
iam	rbac-subject-channel-equivalence	IAM-CH-GRP-EQUIV-OK :: read-acct-grp	NO-ASSERTIONS
iam	rbac-subject-channel-equivalence	IAM-CH-GRP-EQUIV-OK :: read-acct-grp	NO-ASSERTIONS
iam	rbac-subject-channel-equivalence	IAM-CH-GRP-EQUIV-OK :: read-acct-grp	NO-ASSERTIONS
iam	rbac-subject-channel-equivalence	IAM-CH-GRP-EQUIV-OK :: read-acct-grp	NO-ASSERTIONS
iam	rbac-subject-channel-equivalence	IAM-CH-GRP-EQUIV-OK :: read-acct-grp	NO-ASSERTIONS
iam	rbac-subject-channel-equivalence	IAM-CH-GRP-EQUIV-OK :: read-acct-grp	NO-ASSERTIONS
iam	rbac-subject-channel-equivalence	IAM-CH-GRP-EQUIV-OK :: read-acct-grp	NO-ASSERTIONS
iam	rbac-subject-channel-equivalence	IAM-CH-GRP-EQUIV-OK :: read-acct-grp	NO-ASSERTIONS
iam	rbac-subject-channel-equivalence	IAM-CH-GRP-EQUIV-OK :: read-acct-grp	NO-ASSERTIONS
iam	rbac-subject-channel-equivalence	IAM-CH-GRP-EQUIV-OK :: read-acct-grp	NO-ASSERTIONS
iam	rbac-subject-channel-equivalence	IAM-CH-GRP-EQUIV-OK :: read-acct-grp	NO-ASSERTIONS
iam	rbac-subject-channel-equivalence	IAM-CH-GRP-EQUIV-OK :: read-acct-grp	NO-ASSERTIONS
iam	rbac-subject-channel-equivalence	IAM-CH-GRP-EQUIV-OK :: read-acct-grp	NO-ASSERTIONS
iam	rbac-subject-channel-equivalence	IAM-CH-GRP-EQUIV-OK :: read-acct-grp	NO-ASSERTIONS
iam	rbac-subject-channel-equivalence	IAM-CH-GRP-EQUIV-OK :: read-acct-grp	NO-ASSERTIONS
iam	rbac-subject-channel-equivalence	IAM-CH-GRP-EQUIV-OK :: read-acct-grp	NO-ASSERTIONS
iam	rbac-subject-channel-equivalence	IAM-CH-GRP-EQUIV-OK :: read-acct-grp	NO-ASSERTIONS
iam	rbac-subject-channel-equivalence	IAM-CH-GRP-EQUIV-OK :: read-acct-grp	NO-ASSERTIONS
iam	rbac-subject-channel-equivalence	IAM-CH-GRP-EQUIV-OK :: read-acct-grp	NO-ASSERTIONS
iam	rbac-subject-channel-equivalence	IAM-CH-GRP-EQUIV-OK :: read-acct-grp	NO-ASSERTIONS
iam	rbac-subject-channel-equivalence	IAM-CH-GRP-EQUIV-OK :: read-acct-grp	NO-ASSERTIONS
iam	rbac-subject-channel-equivalence	IAM-CH-GRP-EQUIV-OK :: read-acct-grp	NO-ASSERTIONS
iam	rbac-subject-channel-equivalence	IAM-CH-GRP-EQUIV-OK :: read-acct-grp	NO-ASSERTIONS
iam	rbac-subject-channel-equivalence	IAM-CH-GRP-EQUIV-OK :: read-acct-grp	NO-ASSERTIONS
iam	rbac-subject-channel-equivalence	IAM-CH-GRP-EQUIV-OK :: read-acct-grp	NO-ASSERTIONS
iam	rbac-subject-channel-equivalence	IAM-CH-GRP-EQUIV-OK :: read-acct-grp	NO-ASSERTIONS
iam	rbac-subject-channel-equivalence	IAM-CH-GRP-EQUIV-OK :: read-acct-grp	NO-ASSERTIONS
iam	rbac-subject-channel-equivalence	IAM-CH-GRP-EQUIV-OK :: read-acct-grp	NO-ASSERTIONS
iam	rbac-subject-channel-equivalence	IAM-CH-GRP-EQUIV-OK :: read-acct-grp	NO-ASSERTIONS
iam	rbac-subject-channel-equivalence	IAM-CH-GRP-EQUIV-OK :: read-acct-grp	NO-ASSERTIONS
iam	rbac-subject-channel-equivalence	IAM-CH-GRP-EQUIV-OK :: read-acct-grp	NO-ASSERTIONS
iam	rbac-subject-channel-equivalence	IAM-CH-GRP-EQUIV-OK :: read-acct-grp	NO-ASSERTIONS
iam	rbac-subject-channel-equivalence	IAM-CH-GRP-EQUIV-OK :: read-acct-grp	NO-ASSERTIONS
iam	rbac-subject-channel-equivalence	IAM-CH-GRP-EQUIV-OK :: read-acct-grp	NO-ASSERTIONS
iam	rbac-subject-channel-equivalence	IAM-CH-GRP-EQUIV-OK :: read-acct-grp	NO-ASSERTIONS
iam	rbac-subject-channel-equivalence	IAM-CH-GRP-EQUIV-OK :: read-acct-grp	NO-ASSERTIONS
iam	rbac-subject-channel-equivalence	IAM-CH-GRP-EQUIV-OK :: read-acct-grp	NO-ASSERTIONS
iam	rbac-subject-channel-equivalence	IAM-CH-GRP-EQUIV-OK :: read-acct-grp	NO-ASSERTIONS
iam	rbac-subject-channel-equivalence	IAM-CH-GRP-EQUIV-OK :: read-acct-grp	NO-ASSERTIONS
iam	rbac-subject-channel-equivalence	IAM-CH-GRP-EQUIV-OK :: read-acct-grp	NO-ASSERTIONS
iam	rbac-subject-channel-equivalence	IAM-CH-GRP-EQUIV-OK :: read-acct-grp	NO-ASSERTIONS
iam	rbac-subject-channel-equivalence	IAM-CH-GRP-EQUIV-OK :: read-acct-grp	NO-ASSERTIONS
iam	rbac-subject-channel-equivalence	IAM-CH-GRP-EQUIV-OK :: read-acct-grp	NO-ASSERTIONS
iam	rbac-subject-channel-equivalence	IAM-CH-GRP-EQUIV-OK :: read-acct-grp	NO-ASSERTIONS
iam	rbac-subject-channel-equivalence	IAM-CH-GRP-EQUIV-OK :: read-acct-grp	NO-ASSERTIONS
iam	rbac-subject-channel-equivalence	IAM-CH-GRP-EQUIV-OK :: read-acct-grp	NO-ASSERTIONS
iam	rbac-subject-channel-equivalence	IAM-CH-GRP-EQUIV-OK :: read-acct-grp	NO-ASSERTIONS
iam	rbac-subject-channel-equivalence	IAM-CH-GRP-EQUIV-OK :: read-acct-grp	NO-ASSERTIONS
iam	rbac-subject-channel-equivalence	IAM-CH-GRP-EQUIV-OK :: read-acct-grp	NO-ASSERTIONS
iam	rbac-subject-channel-equivalence	IAM-CH-GRP-EQUIV-OK :: read-acct-grp	NO-ASSERTIONS
iam	rbac-subject-channel-equivalence	IAM-CH-GRP-EQUIV-OK :: read-acct-grp	NO-ASSERTIONS
iam	rbac-subject-channel-equivalence	IAM-CH-GRP-EQUIV-OK :: read-acct-grp	NO-ASSERTIONS
iam	rbac-subject-channel-equivalence	IAM-CH-GRP-EQUIV-OK :: read-acct-grp	NO-ASSERTIONS
iam	rbac-subject-channel-equivalence	IAM-CH-GRP-EQUIV-OK :: read-acct-grp	NO-ASSERTIONS
iam	rbac-subject-channel-equivalence	IAM-CH-GRP-EQUIV-OK :: read-acct-grp	NO-ASSERTIONS
iam	rbac-subject-channel-equivalence	IAM-CH-GRP-EQUIV-OK :: read-acct-grp	NO-ASSERTIONS
iam	rbac-subject-channel-equivalence	IAM-CH-GRP-EQUIV-OK :: read-acct-grp	NO-ASSERTIONS
iam	rbac-subject-channel-equivalence	IAM-CH-GRP-EQUIV-OK :: read-acct-grp	NO-ASSERTIONS
iam	rbac-subject-channel-equivalence	IAM-CH-GRP-EQUIV-OK :: read-acct-grp	NO-ASSERTIONS
iam	rbac-subject-channel-equivalence	IAM-CH-GRP-EQUIV-OK :: read-acct-grp	NO-ASSERTIONS
iam	rbac-subject-channel-equivalence	IAM-CH-GRP-EQUIV-OK :: read-acct-grp	NO-ASSERTIONS
iam	rbac-subject-channel-equivalence	IAM-CH-GRP-EQUIV-OK :: read-acct-grp	NO-ASSERTIONS
iam	rbac-subject-channel-equivalence	IAM-CH-GRP-EQUIV-OK :: read-acct-grp	NO-ASSERTIONS
iam	rbac-subject-channel-equivalence	IAM-CH-GRP-EQUIV-OK :: read-acct-grp	NO-ASSERTIONS
iam	rbac-subject-channel-equivalence	IAM-CH-GRP-EQUIV-OK :: read-acct-grp	NO-ASSERTIONS
iam	rbac-subject-channel-equivalence	IAM-CH-GRP-EQUIV-OK :: read-acct-grp	NO-ASSERTIONS
iam	rbac-subject-channel-equivalence	IAM-CH-GRP-EQUIV-OK :: read-acct-grp	NO-ASSERTIONS
iam	rbac-subject-channel-equivalence	IAM-CH-GRP-EQUIV-OK :: read-acct-grp	NO-ASSERTIONS
iam	rbac-subject-channel-equivalence	IAM-CH-GRP-EQUIV-OK :: read-acct-grp	NO-ASSERTIONS
iam	rbac-subject-channel-equivalence	IAM-CH-GRP-EQUIV-OK :: read-acct-grp	NO-ASSERTIONS
iam	rbac-subject-channel-equivalence	IAM-CH-GRP-EQUIV-OK :: read-acct-grp	NO-ASSERTIONS
iam	rbac-subject-channel-equivalence	IAM-CH-GRP-EQUIV-OK :: read-acct-grp	NO-ASSERTIONS
iam	rbac-subject-channel-equivalence	IAM-CH-GRP-EQUIV-OK :: read-acct-grp	NO-ASSERTIONS
iam	rbac-subject-channel-equivalence	IAM-CH-GRP-EQUIV-OK :: read-acct-grp	NO-ASSERTIONS
iam	rbac-subject-channel-equivalence	IAM-CH-GRP-EQUIV-OK :: read-acct-grp	NO-ASSERTIONS
iam	rbac-subject-channel-equivalence	IAM-CH-GRP-EQUIV-OK :: read-acct-grp	NO-ASSERTIONS
iam	rbac-subject-channel-equivalence	IAM-CH-GRP-EQUIV-OK :: read-acct-grp	NO-ASSERTIONS
iam	rbac-subject-channel-equivalence	IAM-CH-GRP-EQUIV-OK :: read-acct-grp	NO-ASSERTIONS
iam	rbac-subject-channel-equivalence	IAM-CH-GRP-EQUIV-OK :: read-acct-grp	RED
iam	rbac-subject-channel-equivalence	IAM-CH-GRP-EQUIV-OK :: read-prj-grp	GREEN
iam	rbac-subject-channel-equivalence	IAM-CH-GRP-EQUIV-OK :: teardown-grp-gone	GREEN
iam	rbac-subject-channel-equivalence	IAM-CH-GRP-EQUIV-OK :: teardown-grp-revoke-await	NO-ASSERTIONS
iam	rbac-subject-channel-equivalence	IAM-CH-GRP-EQUIV-OK :: teardown-grp-revoke-await	NO-ASSERTIONS
iam	rbac-subject-channel-equivalence	IAM-CH-GRP-EQUIV-OK :: teardown-grp-revoke-await	NO-ASSERTIONS
iam	rbac-subject-channel-equivalence	IAM-CH-GRP-EQUIV-OK :: teardown-grp-revoke-await	NO-ASSERTIONS
iam	rbac-subject-channel-equivalence	IAM-CH-GRP-EQUIV-OK :: teardown-grp-revoke-await	NO-ASSERTIONS
iam	rbac-subject-channel-equivalence	IAM-CH-GRP-EQUIV-OK :: teardown-grp-revoke-await	NO-ASSERTIONS
iam	rbac-subject-channel-equivalence	IAM-CH-GRP-EQUIV-OK :: teardown-grp-revoke-await	NO-ASSERTIONS
iam	rbac-subject-channel-equivalence	IAM-CH-GRP-EQUIV-OK :: teardown-grp-revoke-await	NO-ASSERTIONS
iam	rbac-subject-channel-equivalence	IAM-CH-GRP-EQUIV-OK :: teardown-grp-revoke-await	NO-ASSERTIONS
iam	rbac-subject-channel-equivalence	IAM-CH-GRP-EQUIV-OK :: teardown-grp-revoke-await	NO-ASSERTIONS
iam	rbac-subject-channel-equivalence	IAM-CH-GRP-EQUIV-OK :: teardown-grp-revoke	GREEN
iam	rbac-subject-channel-equivalence	IAM-CH-GRP-MEMBERSHIP-FLIP-OK :: add-member	GREEN
iam	rbac-subject-channel-equivalence	IAM-CH-GRP-MEMBERSHIP-FLIP-OK :: create-group	GREEN
iam	rbac-subject-channel-equivalence	IAM-CH-GRP-MEMBERSHIP-FLIP-OK :: flip-gone	GREEN
iam	rbac-subject-channel-equivalence	IAM-CH-GRP-MEMBERSHIP-FLIP-OK :: grant-group	GREEN
iam	rbac-subject-channel-equivalence	IAM-CH-GRP-MEMBERSHIP-FLIP-OK :: poll-chgFlipAddOp	GREEN
iam	rbac-subject-channel-equivalence	IAM-CH-GRP-MEMBERSHIP-FLIP-OK :: poll-chgFlipBindOp	GREEN
iam	rbac-subject-channel-equivalence	IAM-CH-GRP-MEMBERSHIP-FLIP-OK :: poll-chgFlipGrpOp	GREEN
iam	rbac-subject-channel-equivalence	IAM-CH-GRP-MEMBERSHIP-FLIP-OK :: poll-chgFlipGrpOp	GREEN
iam	rbac-subject-channel-equivalence	IAM-CH-GRP-MEMBERSHIP-FLIP-OK :: poll-chgFlipRmOp	GREEN
iam	rbac-subject-channel-equivalence	IAM-CH-GRP-MEMBERSHIP-FLIP-OK :: read-after-add	NO-ASSERTIONS
iam	rbac-subject-channel-equivalence	IAM-CH-GRP-MEMBERSHIP-FLIP-OK :: read-after-add	NO-ASSERTIONS
iam	rbac-subject-channel-equivalence	IAM-CH-GRP-MEMBERSHIP-FLIP-OK :: read-after-add	NO-ASSERTIONS
iam	rbac-subject-channel-equivalence	IAM-CH-GRP-MEMBERSHIP-FLIP-OK :: read-after-add	NO-ASSERTIONS
iam	rbac-subject-channel-equivalence	IAM-CH-GRP-MEMBERSHIP-FLIP-OK :: read-after-add	NO-ASSERTIONS
iam	rbac-subject-channel-equivalence	IAM-CH-GRP-MEMBERSHIP-FLIP-OK :: read-after-add	NO-ASSERTIONS
iam	rbac-subject-channel-equivalence	IAM-CH-GRP-MEMBERSHIP-FLIP-OK :: read-after-add	NO-ASSERTIONS
iam	rbac-subject-channel-equivalence	IAM-CH-GRP-MEMBERSHIP-FLIP-OK :: read-after-add	NO-ASSERTIONS
iam	rbac-subject-channel-equivalence	IAM-CH-GRP-MEMBERSHIP-FLIP-OK :: read-after-add	NO-ASSERTIONS
iam	rbac-subject-channel-equivalence	IAM-CH-GRP-MEMBERSHIP-FLIP-OK :: read-after-add	NO-ASSERTIONS
iam	rbac-subject-channel-equivalence	IAM-CH-GRP-MEMBERSHIP-FLIP-OK :: read-after-add	NO-ASSERTIONS
iam	rbac-subject-channel-equivalence	IAM-CH-GRP-MEMBERSHIP-FLIP-OK :: read-after-add	NO-ASSERTIONS
iam	rbac-subject-channel-equivalence	IAM-CH-GRP-MEMBERSHIP-FLIP-OK :: read-after-add	NO-ASSERTIONS
iam	rbac-subject-channel-equivalence	IAM-CH-GRP-MEMBERSHIP-FLIP-OK :: read-after-add	NO-ASSERTIONS
iam	rbac-subject-channel-equivalence	IAM-CH-GRP-MEMBERSHIP-FLIP-OK :: read-after-add	NO-ASSERTIONS
iam	rbac-subject-channel-equivalence	IAM-CH-GRP-MEMBERSHIP-FLIP-OK :: read-after-add	NO-ASSERTIONS
iam	rbac-subject-channel-equivalence	IAM-CH-GRP-MEMBERSHIP-FLIP-OK :: read-after-add	NO-ASSERTIONS
iam	rbac-subject-channel-equivalence	IAM-CH-GRP-MEMBERSHIP-FLIP-OK :: read-after-add	NO-ASSERTIONS
iam	rbac-subject-channel-equivalence	IAM-CH-GRP-MEMBERSHIP-FLIP-OK :: read-after-add	NO-ASSERTIONS
iam	rbac-subject-channel-equivalence	IAM-CH-GRP-MEMBERSHIP-FLIP-OK :: read-after-add	NO-ASSERTIONS
iam	rbac-subject-channel-equivalence	IAM-CH-GRP-MEMBERSHIP-FLIP-OK :: read-after-add	NO-ASSERTIONS
iam	rbac-subject-channel-equivalence	IAM-CH-GRP-MEMBERSHIP-FLIP-OK :: read-after-add	NO-ASSERTIONS
iam	rbac-subject-channel-equivalence	IAM-CH-GRP-MEMBERSHIP-FLIP-OK :: read-after-add	NO-ASSERTIONS
iam	rbac-subject-channel-equivalence	IAM-CH-GRP-MEMBERSHIP-FLIP-OK :: read-after-add	NO-ASSERTIONS
iam	rbac-subject-channel-equivalence	IAM-CH-GRP-MEMBERSHIP-FLIP-OK :: read-after-add	NO-ASSERTIONS
iam	rbac-subject-channel-equivalence	IAM-CH-GRP-MEMBERSHIP-FLIP-OK :: read-after-add	NO-ASSERTIONS
iam	rbac-subject-channel-equivalence	IAM-CH-GRP-MEMBERSHIP-FLIP-OK :: read-after-add	NO-ASSERTIONS
iam	rbac-subject-channel-equivalence	IAM-CH-GRP-MEMBERSHIP-FLIP-OK :: read-after-add	NO-ASSERTIONS
iam	rbac-subject-channel-equivalence	IAM-CH-GRP-MEMBERSHIP-FLIP-OK :: read-after-add	NO-ASSERTIONS
iam	rbac-subject-channel-equivalence	IAM-CH-GRP-MEMBERSHIP-FLIP-OK :: read-after-add	NO-ASSERTIONS
iam	rbac-subject-channel-equivalence	IAM-CH-GRP-MEMBERSHIP-FLIP-OK :: read-after-add	NO-ASSERTIONS
iam	rbac-subject-channel-equivalence	IAM-CH-GRP-MEMBERSHIP-FLIP-OK :: read-after-add	NO-ASSERTIONS
iam	rbac-subject-channel-equivalence	IAM-CH-GRP-MEMBERSHIP-FLIP-OK :: read-after-add	NO-ASSERTIONS
iam	rbac-subject-channel-equivalence	IAM-CH-GRP-MEMBERSHIP-FLIP-OK :: read-after-add	NO-ASSERTIONS
iam	rbac-subject-channel-equivalence	IAM-CH-GRP-MEMBERSHIP-FLIP-OK :: read-after-add	NO-ASSERTIONS
iam	rbac-subject-channel-equivalence	IAM-CH-GRP-MEMBERSHIP-FLIP-OK :: read-after-add	NO-ASSERTIONS
iam	rbac-subject-channel-equivalence	IAM-CH-GRP-MEMBERSHIP-FLIP-OK :: read-after-add	NO-ASSERTIONS
iam	rbac-subject-channel-equivalence	IAM-CH-GRP-MEMBERSHIP-FLIP-OK :: read-after-add	NO-ASSERTIONS
iam	rbac-subject-channel-equivalence	IAM-CH-GRP-MEMBERSHIP-FLIP-OK :: read-after-add	NO-ASSERTIONS
iam	rbac-subject-channel-equivalence	IAM-CH-GRP-MEMBERSHIP-FLIP-OK :: read-after-add	NO-ASSERTIONS
iam	rbac-subject-channel-equivalence	IAM-CH-GRP-MEMBERSHIP-FLIP-OK :: read-after-add	NO-ASSERTIONS
iam	rbac-subject-channel-equivalence	IAM-CH-GRP-MEMBERSHIP-FLIP-OK :: read-after-add	NO-ASSERTIONS
iam	rbac-subject-channel-equivalence	IAM-CH-GRP-MEMBERSHIP-FLIP-OK :: read-after-add	NO-ASSERTIONS
iam	rbac-subject-channel-equivalence	IAM-CH-GRP-MEMBERSHIP-FLIP-OK :: read-after-add	NO-ASSERTIONS
iam	rbac-subject-channel-equivalence	IAM-CH-GRP-MEMBERSHIP-FLIP-OK :: read-after-add	NO-ASSERTIONS
iam	rbac-subject-channel-equivalence	IAM-CH-GRP-MEMBERSHIP-FLIP-OK :: read-after-add	NO-ASSERTIONS
iam	rbac-subject-channel-equivalence	IAM-CH-GRP-MEMBERSHIP-FLIP-OK :: read-after-add	NO-ASSERTIONS
iam	rbac-subject-channel-equivalence	IAM-CH-GRP-MEMBERSHIP-FLIP-OK :: read-after-add	NO-ASSERTIONS
iam	rbac-subject-channel-equivalence	IAM-CH-GRP-MEMBERSHIP-FLIP-OK :: read-after-add	NO-ASSERTIONS
iam	rbac-subject-channel-equivalence	IAM-CH-GRP-MEMBERSHIP-FLIP-OK :: read-after-add	NO-ASSERTIONS
iam	rbac-subject-channel-equivalence	IAM-CH-GRP-MEMBERSHIP-FLIP-OK :: read-after-add	NO-ASSERTIONS
iam	rbac-subject-channel-equivalence	IAM-CH-GRP-MEMBERSHIP-FLIP-OK :: read-after-add	NO-ASSERTIONS
iam	rbac-subject-channel-equivalence	IAM-CH-GRP-MEMBERSHIP-FLIP-OK :: read-after-add	NO-ASSERTIONS
iam	rbac-subject-channel-equivalence	IAM-CH-GRP-MEMBERSHIP-FLIP-OK :: read-after-add	NO-ASSERTIONS
iam	rbac-subject-channel-equivalence	IAM-CH-GRP-MEMBERSHIP-FLIP-OK :: read-after-add	NO-ASSERTIONS
iam	rbac-subject-channel-equivalence	IAM-CH-GRP-MEMBERSHIP-FLIP-OK :: read-after-add	NO-ASSERTIONS
iam	rbac-subject-channel-equivalence	IAM-CH-GRP-MEMBERSHIP-FLIP-OK :: read-after-add	NO-ASSERTIONS
iam	rbac-subject-channel-equivalence	IAM-CH-GRP-MEMBERSHIP-FLIP-OK :: read-after-add	NO-ASSERTIONS
iam	rbac-subject-channel-equivalence	IAM-CH-GRP-MEMBERSHIP-FLIP-OK :: read-after-add	NO-ASSERTIONS
iam	rbac-subject-channel-equivalence	IAM-CH-GRP-MEMBERSHIP-FLIP-OK :: read-after-add	NO-ASSERTIONS
iam	rbac-subject-channel-equivalence	IAM-CH-GRP-MEMBERSHIP-FLIP-OK :: read-after-add	NO-ASSERTIONS
iam	rbac-subject-channel-equivalence	IAM-CH-GRP-MEMBERSHIP-FLIP-OK :: read-after-add	NO-ASSERTIONS
iam	rbac-subject-channel-equivalence	IAM-CH-GRP-MEMBERSHIP-FLIP-OK :: read-after-add	NO-ASSERTIONS
iam	rbac-subject-channel-equivalence	IAM-CH-GRP-MEMBERSHIP-FLIP-OK :: read-after-add	NO-ASSERTIONS
iam	rbac-subject-channel-equivalence	IAM-CH-GRP-MEMBERSHIP-FLIP-OK :: read-after-add	NO-ASSERTIONS
iam	rbac-subject-channel-equivalence	IAM-CH-GRP-MEMBERSHIP-FLIP-OK :: read-after-add	NO-ASSERTIONS
iam	rbac-subject-channel-equivalence	IAM-CH-GRP-MEMBERSHIP-FLIP-OK :: read-after-add	NO-ASSERTIONS
iam	rbac-subject-channel-equivalence	IAM-CH-GRP-MEMBERSHIP-FLIP-OK :: read-after-add	NO-ASSERTIONS
iam	rbac-subject-channel-equivalence	IAM-CH-GRP-MEMBERSHIP-FLIP-OK :: read-after-add	NO-ASSERTIONS
iam	rbac-subject-channel-equivalence	IAM-CH-GRP-MEMBERSHIP-FLIP-OK :: read-after-add	NO-ASSERTIONS
iam	rbac-subject-channel-equivalence	IAM-CH-GRP-MEMBERSHIP-FLIP-OK :: read-after-add	NO-ASSERTIONS
iam	rbac-subject-channel-equivalence	IAM-CH-GRP-MEMBERSHIP-FLIP-OK :: read-after-add	NO-ASSERTIONS
iam	rbac-subject-channel-equivalence	IAM-CH-GRP-MEMBERSHIP-FLIP-OK :: read-after-add	NO-ASSERTIONS
iam	rbac-subject-channel-equivalence	IAM-CH-GRP-MEMBERSHIP-FLIP-OK :: read-after-add	NO-ASSERTIONS
iam	rbac-subject-channel-equivalence	IAM-CH-GRP-MEMBERSHIP-FLIP-OK :: read-after-add	NO-ASSERTIONS
iam	rbac-subject-channel-equivalence	IAM-CH-GRP-MEMBERSHIP-FLIP-OK :: read-after-add	NO-ASSERTIONS
iam	rbac-subject-channel-equivalence	IAM-CH-GRP-MEMBERSHIP-FLIP-OK :: read-after-add	NO-ASSERTIONS
iam	rbac-subject-channel-equivalence	IAM-CH-GRP-MEMBERSHIP-FLIP-OK :: read-after-add	NO-ASSERTIONS
iam	rbac-subject-channel-equivalence	IAM-CH-GRP-MEMBERSHIP-FLIP-OK :: read-after-add	NO-ASSERTIONS
iam	rbac-subject-channel-equivalence	IAM-CH-GRP-MEMBERSHIP-FLIP-OK :: read-after-add	NO-ASSERTIONS
iam	rbac-subject-channel-equivalence	IAM-CH-GRP-MEMBERSHIP-FLIP-OK :: read-after-add	NO-ASSERTIONS
iam	rbac-subject-channel-equivalence	IAM-CH-GRP-MEMBERSHIP-FLIP-OK :: read-after-add	NO-ASSERTIONS
iam	rbac-subject-channel-equivalence	IAM-CH-GRP-MEMBERSHIP-FLIP-OK :: read-after-add	NO-ASSERTIONS
iam	rbac-subject-channel-equivalence	IAM-CH-GRP-MEMBERSHIP-FLIP-OK :: read-after-add	NO-ASSERTIONS
iam	rbac-subject-channel-equivalence	IAM-CH-GRP-MEMBERSHIP-FLIP-OK :: read-after-add	NO-ASSERTIONS
iam	rbac-subject-channel-equivalence	IAM-CH-GRP-MEMBERSHIP-FLIP-OK :: read-after-add	NO-ASSERTIONS
iam	rbac-subject-channel-equivalence	IAM-CH-GRP-MEMBERSHIP-FLIP-OK :: read-after-add	NO-ASSERTIONS
iam	rbac-subject-channel-equivalence	IAM-CH-GRP-MEMBERSHIP-FLIP-OK :: read-after-add	NO-ASSERTIONS
iam	rbac-subject-channel-equivalence	IAM-CH-GRP-MEMBERSHIP-FLIP-OK :: read-after-add	NO-ASSERTIONS
iam	rbac-subject-channel-equivalence	IAM-CH-GRP-MEMBERSHIP-FLIP-OK :: read-after-add	NO-ASSERTIONS
iam	rbac-subject-channel-equivalence	IAM-CH-GRP-MEMBERSHIP-FLIP-OK :: read-after-add	NO-ASSERTIONS
iam	rbac-subject-channel-equivalence	IAM-CH-GRP-MEMBERSHIP-FLIP-OK :: read-after-add	NO-ASSERTIONS
iam	rbac-subject-channel-equivalence	IAM-CH-GRP-MEMBERSHIP-FLIP-OK :: read-after-add	NO-ASSERTIONS
iam	rbac-subject-channel-equivalence	IAM-CH-GRP-MEMBERSHIP-FLIP-OK :: read-after-add	NO-ASSERTIONS
iam	rbac-subject-channel-equivalence	IAM-CH-GRP-MEMBERSHIP-FLIP-OK :: read-after-add	NO-ASSERTIONS
iam	rbac-subject-channel-equivalence	IAM-CH-GRP-MEMBERSHIP-FLIP-OK :: read-after-add	NO-ASSERTIONS
iam	rbac-subject-channel-equivalence	IAM-CH-GRP-MEMBERSHIP-FLIP-OK :: read-after-add	NO-ASSERTIONS
iam	rbac-subject-channel-equivalence	IAM-CH-GRP-MEMBERSHIP-FLIP-OK :: read-after-add	NO-ASSERTIONS
iam	rbac-subject-channel-equivalence	IAM-CH-GRP-MEMBERSHIP-FLIP-OK :: read-after-add	NO-ASSERTIONS
iam	rbac-subject-channel-equivalence	IAM-CH-GRP-MEMBERSHIP-FLIP-OK :: read-after-add	NO-ASSERTIONS
iam	rbac-subject-channel-equivalence	IAM-CH-GRP-MEMBERSHIP-FLIP-OK :: read-after-add	NO-ASSERTIONS
iam	rbac-subject-channel-equivalence	IAM-CH-GRP-MEMBERSHIP-FLIP-OK :: read-after-add	NO-ASSERTIONS
iam	rbac-subject-channel-equivalence	IAM-CH-GRP-MEMBERSHIP-FLIP-OK :: read-after-add	NO-ASSERTIONS
iam	rbac-subject-channel-equivalence	IAM-CH-GRP-MEMBERSHIP-FLIP-OK :: read-after-add	NO-ASSERTIONS
iam	rbac-subject-channel-equivalence	IAM-CH-GRP-MEMBERSHIP-FLIP-OK :: read-after-add	NO-ASSERTIONS
iam	rbac-subject-channel-equivalence	IAM-CH-GRP-MEMBERSHIP-FLIP-OK :: read-after-add	NO-ASSERTIONS
iam	rbac-subject-channel-equivalence	IAM-CH-GRP-MEMBERSHIP-FLIP-OK :: read-after-add	NO-ASSERTIONS
iam	rbac-subject-channel-equivalence	IAM-CH-GRP-MEMBERSHIP-FLIP-OK :: read-after-add	NO-ASSERTIONS
iam	rbac-subject-channel-equivalence	IAM-CH-GRP-MEMBERSHIP-FLIP-OK :: read-after-add	NO-ASSERTIONS
iam	rbac-subject-channel-equivalence	IAM-CH-GRP-MEMBERSHIP-FLIP-OK :: read-after-add	NO-ASSERTIONS
iam	rbac-subject-channel-equivalence	IAM-CH-GRP-MEMBERSHIP-FLIP-OK :: read-after-add	NO-ASSERTIONS
iam	rbac-subject-channel-equivalence	IAM-CH-GRP-MEMBERSHIP-FLIP-OK :: read-after-add	NO-ASSERTIONS
iam	rbac-subject-channel-equivalence	IAM-CH-GRP-MEMBERSHIP-FLIP-OK :: read-after-add	NO-ASSERTIONS
iam	rbac-subject-channel-equivalence	IAM-CH-GRP-MEMBERSHIP-FLIP-OK :: read-after-add	NO-ASSERTIONS
iam	rbac-subject-channel-equivalence	IAM-CH-GRP-MEMBERSHIP-FLIP-OK :: read-after-add	NO-ASSERTIONS
iam	rbac-subject-channel-equivalence	IAM-CH-GRP-MEMBERSHIP-FLIP-OK :: read-after-add	NO-ASSERTIONS
iam	rbac-subject-channel-equivalence	IAM-CH-GRP-MEMBERSHIP-FLIP-OK :: read-after-add	NO-ASSERTIONS
iam	rbac-subject-channel-equivalence	IAM-CH-GRP-MEMBERSHIP-FLIP-OK :: read-after-add	NO-ASSERTIONS
iam	rbac-subject-channel-equivalence	IAM-CH-GRP-MEMBERSHIP-FLIP-OK :: read-after-add	NO-ASSERTIONS
iam	rbac-subject-channel-equivalence	IAM-CH-GRP-MEMBERSHIP-FLIP-OK :: read-after-add	NO-ASSERTIONS
iam	rbac-subject-channel-equivalence	IAM-CH-GRP-MEMBERSHIP-FLIP-OK :: read-after-add	NO-ASSERTIONS
iam	rbac-subject-channel-equivalence	IAM-CH-GRP-MEMBERSHIP-FLIP-OK :: read-after-add	NO-ASSERTIONS
iam	rbac-subject-channel-equivalence	IAM-CH-GRP-MEMBERSHIP-FLIP-OK :: read-after-add	NO-ASSERTIONS
iam	rbac-subject-channel-equivalence	IAM-CH-GRP-MEMBERSHIP-FLIP-OK :: read-after-add	NO-ASSERTIONS
iam	rbac-subject-channel-equivalence	IAM-CH-GRP-MEMBERSHIP-FLIP-OK :: read-after-add	NO-ASSERTIONS
iam	rbac-subject-channel-equivalence	IAM-CH-GRP-MEMBERSHIP-FLIP-OK :: read-after-add	NO-ASSERTIONS
iam	rbac-subject-channel-equivalence	IAM-CH-GRP-MEMBERSHIP-FLIP-OK :: read-after-add	NO-ASSERTIONS
iam	rbac-subject-channel-equivalence	IAM-CH-GRP-MEMBERSHIP-FLIP-OK :: read-after-add	NO-ASSERTIONS
iam	rbac-subject-channel-equivalence	IAM-CH-GRP-MEMBERSHIP-FLIP-OK :: read-after-add	NO-ASSERTIONS
iam	rbac-subject-channel-equivalence	IAM-CH-GRP-MEMBERSHIP-FLIP-OK :: read-after-add	NO-ASSERTIONS
iam	rbac-subject-channel-equivalence	IAM-CH-GRP-MEMBERSHIP-FLIP-OK :: read-after-add	NO-ASSERTIONS
iam	rbac-subject-channel-equivalence	IAM-CH-GRP-MEMBERSHIP-FLIP-OK :: read-after-add	NO-ASSERTIONS
iam	rbac-subject-channel-equivalence	IAM-CH-GRP-MEMBERSHIP-FLIP-OK :: read-after-add	NO-ASSERTIONS
iam	rbac-subject-channel-equivalence	IAM-CH-GRP-MEMBERSHIP-FLIP-OK :: read-after-add	NO-ASSERTIONS
iam	rbac-subject-channel-equivalence	IAM-CH-GRP-MEMBERSHIP-FLIP-OK :: read-after-add	NO-ASSERTIONS
iam	rbac-subject-channel-equivalence	IAM-CH-GRP-MEMBERSHIP-FLIP-OK :: read-after-add	NO-ASSERTIONS
iam	rbac-subject-channel-equivalence	IAM-CH-GRP-MEMBERSHIP-FLIP-OK :: read-after-add	NO-ASSERTIONS
iam	rbac-subject-channel-equivalence	IAM-CH-GRP-MEMBERSHIP-FLIP-OK :: read-after-add	NO-ASSERTIONS
iam	rbac-subject-channel-equivalence	IAM-CH-GRP-MEMBERSHIP-FLIP-OK :: read-after-add	NO-ASSERTIONS
iam	rbac-subject-channel-equivalence	IAM-CH-GRP-MEMBERSHIP-FLIP-OK :: read-after-add	NO-ASSERTIONS
iam	rbac-subject-channel-equivalence	IAM-CH-GRP-MEMBERSHIP-FLIP-OK :: read-after-add	NO-ASSERTIONS
iam	rbac-subject-channel-equivalence	IAM-CH-GRP-MEMBERSHIP-FLIP-OK :: read-after-add	NO-ASSERTIONS
iam	rbac-subject-channel-equivalence	IAM-CH-GRP-MEMBERSHIP-FLIP-OK :: read-after-add	NO-ASSERTIONS
iam	rbac-subject-channel-equivalence	IAM-CH-GRP-MEMBERSHIP-FLIP-OK :: read-after-add	NO-ASSERTIONS
iam	rbac-subject-channel-equivalence	IAM-CH-GRP-MEMBERSHIP-FLIP-OK :: read-after-add	NO-ASSERTIONS
iam	rbac-subject-channel-equivalence	IAM-CH-GRP-MEMBERSHIP-FLIP-OK :: read-after-add	NO-ASSERTIONS
iam	rbac-subject-channel-equivalence	IAM-CH-GRP-MEMBERSHIP-FLIP-OK :: read-after-add	NO-ASSERTIONS
iam	rbac-subject-channel-equivalence	IAM-CH-GRP-MEMBERSHIP-FLIP-OK :: read-after-add	NO-ASSERTIONS
iam	rbac-subject-channel-equivalence	IAM-CH-GRP-MEMBERSHIP-FLIP-OK :: read-after-add	NO-ASSERTIONS
iam	rbac-subject-channel-equivalence	IAM-CH-GRP-MEMBERSHIP-FLIP-OK :: read-after-add	NO-ASSERTIONS
iam	rbac-subject-channel-equivalence	IAM-CH-GRP-MEMBERSHIP-FLIP-OK :: read-after-add	NO-ASSERTIONS
iam	rbac-subject-channel-equivalence	IAM-CH-GRP-MEMBERSHIP-FLIP-OK :: read-after-add	NO-ASSERTIONS
iam	rbac-subject-channel-equivalence	IAM-CH-GRP-MEMBERSHIP-FLIP-OK :: read-after-add	NO-ASSERTIONS
iam	rbac-subject-channel-equivalence	IAM-CH-GRP-MEMBERSHIP-FLIP-OK :: read-after-add	NO-ASSERTIONS
iam	rbac-subject-channel-equivalence	IAM-CH-GRP-MEMBERSHIP-FLIP-OK :: read-after-add	NO-ASSERTIONS
iam	rbac-subject-channel-equivalence	IAM-CH-GRP-MEMBERSHIP-FLIP-OK :: read-after-add	NO-ASSERTIONS
iam	rbac-subject-channel-equivalence	IAM-CH-GRP-MEMBERSHIP-FLIP-OK :: read-after-add	NO-ASSERTIONS
iam	rbac-subject-channel-equivalence	IAM-CH-GRP-MEMBERSHIP-FLIP-OK :: read-after-add	NO-ASSERTIONS
iam	rbac-subject-channel-equivalence	IAM-CH-GRP-MEMBERSHIP-FLIP-OK :: read-after-add	NO-ASSERTIONS
iam	rbac-subject-channel-equivalence	IAM-CH-GRP-MEMBERSHIP-FLIP-OK :: read-after-add	NO-ASSERTIONS
iam	rbac-subject-channel-equivalence	IAM-CH-GRP-MEMBERSHIP-FLIP-OK :: read-after-add	NO-ASSERTIONS
iam	rbac-subject-channel-equivalence	IAM-CH-GRP-MEMBERSHIP-FLIP-OK :: read-after-add	NO-ASSERTIONS
iam	rbac-subject-channel-equivalence	IAM-CH-GRP-MEMBERSHIP-FLIP-OK :: read-after-add	NO-ASSERTIONS
iam	rbac-subject-channel-equivalence	IAM-CH-GRP-MEMBERSHIP-FLIP-OK :: read-after-add	NO-ASSERTIONS
iam	rbac-subject-channel-equivalence	IAM-CH-GRP-MEMBERSHIP-FLIP-OK :: read-after-add	NO-ASSERTIONS
iam	rbac-subject-channel-equivalence	IAM-CH-GRP-MEMBERSHIP-FLIP-OK :: read-after-add	NO-ASSERTIONS
iam	rbac-subject-channel-equivalence	IAM-CH-GRP-MEMBERSHIP-FLIP-OK :: read-after-add	NO-ASSERTIONS
iam	rbac-subject-channel-equivalence	IAM-CH-GRP-MEMBERSHIP-FLIP-OK :: read-after-add	NO-ASSERTIONS
iam	rbac-subject-channel-equivalence	IAM-CH-GRP-MEMBERSHIP-FLIP-OK :: read-after-add	NO-ASSERTIONS
iam	rbac-subject-channel-equivalence	IAM-CH-GRP-MEMBERSHIP-FLIP-OK :: read-after-add	NO-ASSERTIONS
iam	rbac-subject-channel-equivalence	IAM-CH-GRP-MEMBERSHIP-FLIP-OK :: read-after-add	NO-ASSERTIONS
iam	rbac-subject-channel-equivalence	IAM-CH-GRP-MEMBERSHIP-FLIP-OK :: read-after-add	NO-ASSERTIONS
iam	rbac-subject-channel-equivalence	IAM-CH-GRP-MEMBERSHIP-FLIP-OK :: read-after-add	NO-ASSERTIONS
iam	rbac-subject-channel-equivalence	IAM-CH-GRP-MEMBERSHIP-FLIP-OK :: read-after-add	NO-ASSERTIONS
iam	rbac-subject-channel-equivalence	IAM-CH-GRP-MEMBERSHIP-FLIP-OK :: read-after-add	NO-ASSERTIONS
iam	rbac-subject-channel-equivalence	IAM-CH-GRP-MEMBERSHIP-FLIP-OK :: read-after-add	NO-ASSERTIONS
iam	rbac-subject-channel-equivalence	IAM-CH-GRP-MEMBERSHIP-FLIP-OK :: read-after-add	NO-ASSERTIONS
iam	rbac-subject-channel-equivalence	IAM-CH-GRP-MEMBERSHIP-FLIP-OK :: read-after-add	NO-ASSERTIONS
iam	rbac-subject-channel-equivalence	IAM-CH-GRP-MEMBERSHIP-FLIP-OK :: read-after-add	NO-ASSERTIONS
iam	rbac-subject-channel-equivalence	IAM-CH-GRP-MEMBERSHIP-FLIP-OK :: read-after-add	NO-ASSERTIONS
iam	rbac-subject-channel-equivalence	IAM-CH-GRP-MEMBERSHIP-FLIP-OK :: read-after-add	NO-ASSERTIONS
iam	rbac-subject-channel-equivalence	IAM-CH-GRP-MEMBERSHIP-FLIP-OK :: read-after-add	NO-ASSERTIONS
iam	rbac-subject-channel-equivalence	IAM-CH-GRP-MEMBERSHIP-FLIP-OK :: read-after-add	NO-ASSERTIONS
iam	rbac-subject-channel-equivalence	IAM-CH-GRP-MEMBERSHIP-FLIP-OK :: read-after-add	NO-ASSERTIONS
iam	rbac-subject-channel-equivalence	IAM-CH-GRP-MEMBERSHIP-FLIP-OK :: read-after-add	NO-ASSERTIONS
iam	rbac-subject-channel-equivalence	IAM-CH-GRP-MEMBERSHIP-FLIP-OK :: read-after-add	NO-ASSERTIONS
iam	rbac-subject-channel-equivalence	IAM-CH-GRP-MEMBERSHIP-FLIP-OK :: read-after-add	NO-ASSERTIONS
iam	rbac-subject-channel-equivalence	IAM-CH-GRP-MEMBERSHIP-FLIP-OK :: read-after-add	NO-ASSERTIONS
iam	rbac-subject-channel-equivalence	IAM-CH-GRP-MEMBERSHIP-FLIP-OK :: read-after-add	NO-ASSERTIONS
iam	rbac-subject-channel-equivalence	IAM-CH-GRP-MEMBERSHIP-FLIP-OK :: read-after-add	NO-ASSERTIONS
iam	rbac-subject-channel-equivalence	IAM-CH-GRP-MEMBERSHIP-FLIP-OK :: read-after-add	NO-ASSERTIONS
iam	rbac-subject-channel-equivalence	IAM-CH-GRP-MEMBERSHIP-FLIP-OK :: read-after-add	NO-ASSERTIONS
iam	rbac-subject-channel-equivalence	IAM-CH-GRP-MEMBERSHIP-FLIP-OK :: read-after-add	NO-ASSERTIONS
iam	rbac-subject-channel-equivalence	IAM-CH-GRP-MEMBERSHIP-FLIP-OK :: read-after-add	NO-ASSERTIONS
iam	rbac-subject-channel-equivalence	IAM-CH-GRP-MEMBERSHIP-FLIP-OK :: read-after-add	NO-ASSERTIONS
iam	rbac-subject-channel-equivalence	IAM-CH-GRP-MEMBERSHIP-FLIP-OK :: read-after-add	NO-ASSERTIONS
iam	rbac-subject-channel-equivalence	IAM-CH-GRP-MEMBERSHIP-FLIP-OK :: read-after-add	NO-ASSERTIONS
iam	rbac-subject-channel-equivalence	IAM-CH-GRP-MEMBERSHIP-FLIP-OK :: read-after-add	NO-ASSERTIONS
iam	rbac-subject-channel-equivalence	IAM-CH-GRP-MEMBERSHIP-FLIP-OK :: read-after-add	NO-ASSERTIONS
iam	rbac-subject-channel-equivalence	IAM-CH-GRP-MEMBERSHIP-FLIP-OK :: read-after-add	NO-ASSERTIONS
iam	rbac-subject-channel-equivalence	IAM-CH-GRP-MEMBERSHIP-FLIP-OK :: read-after-add	NO-ASSERTIONS
iam	rbac-subject-channel-equivalence	IAM-CH-GRP-MEMBERSHIP-FLIP-OK :: read-after-add	NO-ASSERTIONS
iam	rbac-subject-channel-equivalence	IAM-CH-GRP-MEMBERSHIP-FLIP-OK :: read-after-add	NO-ASSERTIONS
iam	rbac-subject-channel-equivalence	IAM-CH-GRP-MEMBERSHIP-FLIP-OK :: read-after-add	NO-ASSERTIONS
iam	rbac-subject-channel-equivalence	IAM-CH-GRP-MEMBERSHIP-FLIP-OK :: read-after-add	NO-ASSERTIONS
iam	rbac-subject-channel-equivalence	IAM-CH-GRP-MEMBERSHIP-FLIP-OK :: read-after-add	NO-ASSERTIONS
iam	rbac-subject-channel-equivalence	IAM-CH-GRP-MEMBERSHIP-FLIP-OK :: read-after-add	NO-ASSERTIONS
iam	rbac-subject-channel-equivalence	IAM-CH-GRP-MEMBERSHIP-FLIP-OK :: read-after-add	NO-ASSERTIONS
iam	rbac-subject-channel-equivalence	IAM-CH-GRP-MEMBERSHIP-FLIP-OK :: read-after-add	NO-ASSERTIONS
iam	rbac-subject-channel-equivalence	IAM-CH-GRP-MEMBERSHIP-FLIP-OK :: read-after-add	NO-ASSERTIONS
iam	rbac-subject-channel-equivalence	IAM-CH-GRP-MEMBERSHIP-FLIP-OK :: read-after-add	NO-ASSERTIONS
iam	rbac-subject-channel-equivalence	IAM-CH-GRP-MEMBERSHIP-FLIP-OK :: read-after-add	NO-ASSERTIONS
iam	rbac-subject-channel-equivalence	IAM-CH-GRP-MEMBERSHIP-FLIP-OK :: read-after-add	NO-ASSERTIONS
iam	rbac-subject-channel-equivalence	IAM-CH-GRP-MEMBERSHIP-FLIP-OK :: read-after-add	NO-ASSERTIONS
iam	rbac-subject-channel-equivalence	IAM-CH-GRP-MEMBERSHIP-FLIP-OK :: read-after-add	NO-ASSERTIONS
iam	rbac-subject-channel-equivalence	IAM-CH-GRP-MEMBERSHIP-FLIP-OK :: read-after-add	NO-ASSERTIONS
iam	rbac-subject-channel-equivalence	IAM-CH-GRP-MEMBERSHIP-FLIP-OK :: read-after-add	NO-ASSERTIONS
iam	rbac-subject-channel-equivalence	IAM-CH-GRP-MEMBERSHIP-FLIP-OK :: read-after-add	NO-ASSERTIONS
iam	rbac-subject-channel-equivalence	IAM-CH-GRP-MEMBERSHIP-FLIP-OK :: read-after-add	NO-ASSERTIONS
iam	rbac-subject-channel-equivalence	IAM-CH-GRP-MEMBERSHIP-FLIP-OK :: read-after-add	NO-ASSERTIONS
iam	rbac-subject-channel-equivalence	IAM-CH-GRP-MEMBERSHIP-FLIP-OK :: read-after-add	NO-ASSERTIONS
iam	rbac-subject-channel-equivalence	IAM-CH-GRP-MEMBERSHIP-FLIP-OK :: read-after-add	NO-ASSERTIONS
iam	rbac-subject-channel-equivalence	IAM-CH-GRP-MEMBERSHIP-FLIP-OK :: read-after-add	NO-ASSERTIONS
iam	rbac-subject-channel-equivalence	IAM-CH-GRP-MEMBERSHIP-FLIP-OK :: read-after-add	NO-ASSERTIONS
iam	rbac-subject-channel-equivalence	IAM-CH-GRP-MEMBERSHIP-FLIP-OK :: read-after-add	NO-ASSERTIONS
iam	rbac-subject-channel-equivalence	IAM-CH-GRP-MEMBERSHIP-FLIP-OK :: read-after-add	NO-ASSERTIONS
iam	rbac-subject-channel-equivalence	IAM-CH-GRP-MEMBERSHIP-FLIP-OK :: read-after-add	NO-ASSERTIONS
iam	rbac-subject-channel-equivalence	IAM-CH-GRP-MEMBERSHIP-FLIP-OK :: read-after-add	NO-ASSERTIONS
iam	rbac-subject-channel-equivalence	IAM-CH-GRP-MEMBERSHIP-FLIP-OK :: read-after-add	NO-ASSERTIONS
iam	rbac-subject-channel-equivalence	IAM-CH-GRP-MEMBERSHIP-FLIP-OK :: read-after-add	NO-ASSERTIONS
iam	rbac-subject-channel-equivalence	IAM-CH-GRP-MEMBERSHIP-FLIP-OK :: read-after-add	NO-ASSERTIONS
iam	rbac-subject-channel-equivalence	IAM-CH-GRP-MEMBERSHIP-FLIP-OK :: read-after-add	NO-ASSERTIONS
iam	rbac-subject-channel-equivalence	IAM-CH-GRP-MEMBERSHIP-FLIP-OK :: read-after-add	NO-ASSERTIONS
iam	rbac-subject-channel-equivalence	IAM-CH-GRP-MEMBERSHIP-FLIP-OK :: read-after-add	NO-ASSERTIONS
iam	rbac-subject-channel-equivalence	IAM-CH-GRP-MEMBERSHIP-FLIP-OK :: read-after-add	NO-ASSERTIONS
iam	rbac-subject-channel-equivalence	IAM-CH-GRP-MEMBERSHIP-FLIP-OK :: read-after-add	NO-ASSERTIONS
iam	rbac-subject-channel-equivalence	IAM-CH-GRP-MEMBERSHIP-FLIP-OK :: read-after-add	NO-ASSERTIONS
iam	rbac-subject-channel-equivalence	IAM-CH-GRP-MEMBERSHIP-FLIP-OK :: read-after-add	NO-ASSERTIONS
iam	rbac-subject-channel-equivalence	IAM-CH-GRP-MEMBERSHIP-FLIP-OK :: read-after-add	NO-ASSERTIONS
iam	rbac-subject-channel-equivalence	IAM-CH-GRP-MEMBERSHIP-FLIP-OK :: read-after-add	NO-ASSERTIONS
iam	rbac-subject-channel-equivalence	IAM-CH-GRP-MEMBERSHIP-FLIP-OK :: read-after-add	NO-ASSERTIONS
iam	rbac-subject-channel-equivalence	IAM-CH-GRP-MEMBERSHIP-FLIP-OK :: read-after-add	NO-ASSERTIONS
iam	rbac-subject-channel-equivalence	IAM-CH-GRP-MEMBERSHIP-FLIP-OK :: read-after-add	NO-ASSERTIONS
iam	rbac-subject-channel-equivalence	IAM-CH-GRP-MEMBERSHIP-FLIP-OK :: read-after-add	NO-ASSERTIONS
iam	rbac-subject-channel-equivalence	IAM-CH-GRP-MEMBERSHIP-FLIP-OK :: read-after-add	NO-ASSERTIONS
iam	rbac-subject-channel-equivalence	IAM-CH-GRP-MEMBERSHIP-FLIP-OK :: read-after-add	NO-ASSERTIONS
iam	rbac-subject-channel-equivalence	IAM-CH-GRP-MEMBERSHIP-FLIP-OK :: read-after-add	NO-ASSERTIONS
iam	rbac-subject-channel-equivalence	IAM-CH-GRP-MEMBERSHIP-FLIP-OK :: read-after-add	NO-ASSERTIONS
iam	rbac-subject-channel-equivalence	IAM-CH-GRP-MEMBERSHIP-FLIP-OK :: read-after-add	NO-ASSERTIONS
iam	rbac-subject-channel-equivalence	IAM-CH-GRP-MEMBERSHIP-FLIP-OK :: read-after-add	NO-ASSERTIONS
iam	rbac-subject-channel-equivalence	IAM-CH-GRP-MEMBERSHIP-FLIP-OK :: read-after-add	NO-ASSERTIONS
iam	rbac-subject-channel-equivalence	IAM-CH-GRP-MEMBERSHIP-FLIP-OK :: read-after-add	NO-ASSERTIONS
iam	rbac-subject-channel-equivalence	IAM-CH-GRP-MEMBERSHIP-FLIP-OK :: read-after-add	NO-ASSERTIONS
iam	rbac-subject-channel-equivalence	IAM-CH-GRP-MEMBERSHIP-FLIP-OK :: read-after-add	NO-ASSERTIONS
iam	rbac-subject-channel-equivalence	IAM-CH-GRP-MEMBERSHIP-FLIP-OK :: read-after-add	NO-ASSERTIONS
iam	rbac-subject-channel-equivalence	IAM-CH-GRP-MEMBERSHIP-FLIP-OK :: read-after-add	NO-ASSERTIONS
iam	rbac-subject-channel-equivalence	IAM-CH-GRP-MEMBERSHIP-FLIP-OK :: read-after-add	NO-ASSERTIONS
iam	rbac-subject-channel-equivalence	IAM-CH-GRP-MEMBERSHIP-FLIP-OK :: read-after-add	NO-ASSERTIONS
iam	rbac-subject-channel-equivalence	IAM-CH-GRP-MEMBERSHIP-FLIP-OK :: read-after-add	NO-ASSERTIONS
iam	rbac-subject-channel-equivalence	IAM-CH-GRP-MEMBERSHIP-FLIP-OK :: read-after-add	NO-ASSERTIONS
iam	rbac-subject-channel-equivalence	IAM-CH-GRP-MEMBERSHIP-FLIP-OK :: read-after-add	NO-ASSERTIONS
iam	rbac-subject-channel-equivalence	IAM-CH-GRP-MEMBERSHIP-FLIP-OK :: read-after-add	NO-ASSERTIONS
iam	rbac-subject-channel-equivalence	IAM-CH-GRP-MEMBERSHIP-FLIP-OK :: read-after-add	NO-ASSERTIONS
iam	rbac-subject-channel-equivalence	IAM-CH-GRP-MEMBERSHIP-FLIP-OK :: read-after-add	NO-ASSERTIONS
iam	rbac-subject-channel-equivalence	IAM-CH-GRP-MEMBERSHIP-FLIP-OK :: read-after-add	NO-ASSERTIONS
iam	rbac-subject-channel-equivalence	IAM-CH-GRP-MEMBERSHIP-FLIP-OK :: read-after-add	NO-ASSERTIONS
iam	rbac-subject-channel-equivalence	IAM-CH-GRP-MEMBERSHIP-FLIP-OK :: read-after-add	NO-ASSERTIONS
iam	rbac-subject-channel-equivalence	IAM-CH-GRP-MEMBERSHIP-FLIP-OK :: read-after-add	NO-ASSERTIONS
iam	rbac-subject-channel-equivalence	IAM-CH-GRP-MEMBERSHIP-FLIP-OK :: read-after-add	NO-ASSERTIONS
iam	rbac-subject-channel-equivalence	IAM-CH-GRP-MEMBERSHIP-FLIP-OK :: read-after-add	NO-ASSERTIONS
iam	rbac-subject-channel-equivalence	IAM-CH-GRP-MEMBERSHIP-FLIP-OK :: read-after-add	NO-ASSERTIONS
iam	rbac-subject-channel-equivalence	IAM-CH-GRP-MEMBERSHIP-FLIP-OK :: read-after-add	NO-ASSERTIONS
iam	rbac-subject-channel-equivalence	IAM-CH-GRP-MEMBERSHIP-FLIP-OK :: read-after-add	NO-ASSERTIONS
iam	rbac-subject-channel-equivalence	IAM-CH-GRP-MEMBERSHIP-FLIP-OK :: read-after-add	NO-ASSERTIONS
iam	rbac-subject-channel-equivalence	IAM-CH-GRP-MEMBERSHIP-FLIP-OK :: read-after-add	NO-ASSERTIONS
iam	rbac-subject-channel-equivalence	IAM-CH-GRP-MEMBERSHIP-FLIP-OK :: read-after-add	NO-ASSERTIONS
iam	rbac-subject-channel-equivalence	IAM-CH-GRP-MEMBERSHIP-FLIP-OK :: read-after-add	NO-ASSERTIONS
iam	rbac-subject-channel-equivalence	IAM-CH-GRP-MEMBERSHIP-FLIP-OK :: read-after-add	NO-ASSERTIONS
iam	rbac-subject-channel-equivalence	IAM-CH-GRP-MEMBERSHIP-FLIP-OK :: read-after-add	NO-ASSERTIONS
iam	rbac-subject-channel-equivalence	IAM-CH-GRP-MEMBERSHIP-FLIP-OK :: read-after-add	NO-ASSERTIONS
iam	rbac-subject-channel-equivalence	IAM-CH-GRP-MEMBERSHIP-FLIP-OK :: read-after-add	NO-ASSERTIONS
iam	rbac-subject-channel-equivalence	IAM-CH-GRP-MEMBERSHIP-FLIP-OK :: read-after-add	NO-ASSERTIONS
iam	rbac-subject-channel-equivalence	IAM-CH-GRP-MEMBERSHIP-FLIP-OK :: read-after-add	NO-ASSERTIONS
iam	rbac-subject-channel-equivalence	IAM-CH-GRP-MEMBERSHIP-FLIP-OK :: read-after-add	NO-ASSERTIONS
iam	rbac-subject-channel-equivalence	IAM-CH-GRP-MEMBERSHIP-FLIP-OK :: read-after-add	NO-ASSERTIONS
iam	rbac-subject-channel-equivalence	IAM-CH-GRP-MEMBERSHIP-FLIP-OK :: read-after-add	NO-ASSERTIONS
iam	rbac-subject-channel-equivalence	IAM-CH-GRP-MEMBERSHIP-FLIP-OK :: read-after-add	NO-ASSERTIONS
iam	rbac-subject-channel-equivalence	IAM-CH-GRP-MEMBERSHIP-FLIP-OK :: read-after-add	NO-ASSERTIONS
iam	rbac-subject-channel-equivalence	IAM-CH-GRP-MEMBERSHIP-FLIP-OK :: read-after-add	NO-ASSERTIONS
iam	rbac-subject-channel-equivalence	IAM-CH-GRP-MEMBERSHIP-FLIP-OK :: read-after-add	NO-ASSERTIONS
iam	rbac-subject-channel-equivalence	IAM-CH-GRP-MEMBERSHIP-FLIP-OK :: read-after-add	NO-ASSERTIONS
iam	rbac-subject-channel-equivalence	IAM-CH-GRP-MEMBERSHIP-FLIP-OK :: read-after-add	NO-ASSERTIONS
iam	rbac-subject-channel-equivalence	IAM-CH-GRP-MEMBERSHIP-FLIP-OK :: read-after-add	NO-ASSERTIONS
iam	rbac-subject-channel-equivalence	IAM-CH-GRP-MEMBERSHIP-FLIP-OK :: read-after-add	NO-ASSERTIONS
iam	rbac-subject-channel-equivalence	IAM-CH-GRP-MEMBERSHIP-FLIP-OK :: read-after-add	NO-ASSERTIONS
iam	rbac-subject-channel-equivalence	IAM-CH-GRP-MEMBERSHIP-FLIP-OK :: read-after-add	NO-ASSERTIONS
iam	rbac-subject-channel-equivalence	IAM-CH-GRP-MEMBERSHIP-FLIP-OK :: read-after-add	NO-ASSERTIONS
iam	rbac-subject-channel-equivalence	IAM-CH-GRP-MEMBERSHIP-FLIP-OK :: read-after-add	NO-ASSERTIONS
iam	rbac-subject-channel-equivalence	IAM-CH-GRP-MEMBERSHIP-FLIP-OK :: read-after-add	NO-ASSERTIONS
iam	rbac-subject-channel-equivalence	IAM-CH-GRP-MEMBERSHIP-FLIP-OK :: read-after-add	NO-ASSERTIONS
iam	rbac-subject-channel-equivalence	IAM-CH-GRP-MEMBERSHIP-FLIP-OK :: read-after-add	RED
iam	rbac-subject-channel-equivalence	IAM-CH-GRP-MEMBERSHIP-FLIP-OK :: remove-member	GREEN
iam	rbac-subject-channel-equivalence	IAM-CH-GRP-MEMBERSHIP-FLIP-OK :: teardown-flip-await	GREEN
iam	rbac-subject-channel-equivalence	IAM-CH-GRP-MEMBERSHIP-FLIP-OK :: teardown-flip-await	NO-ASSERTIONS
iam	rbac-subject-channel-equivalence	IAM-CH-GRP-MEMBERSHIP-FLIP-OK :: teardown-flip-await	NO-ASSERTIONS
iam	rbac-subject-channel-equivalence	IAM-CH-GRP-MEMBERSHIP-FLIP-OK :: teardown-flip-await	NO-ASSERTIONS
iam	rbac-subject-channel-equivalence	IAM-CH-GRP-MEMBERSHIP-FLIP-OK :: teardown-flip	GREEN
iam	rbac-subject-channel-equivalence	IAM-CH-GRP-NONMEMBER-DENY :: add-member	GREEN
iam	rbac-subject-channel-equivalence	IAM-CH-GRP-NONMEMBER-DENY :: create-group	GREEN
iam	rbac-subject-channel-equivalence	IAM-CH-GRP-NONMEMBER-DENY :: grant-group	GREEN
iam	rbac-subject-channel-equivalence	IAM-CH-GRP-NONMEMBER-DENY :: member-reads	NO-ASSERTIONS
iam	rbac-subject-channel-equivalence	IAM-CH-GRP-NONMEMBER-DENY :: member-reads	NO-ASSERTIONS
iam	rbac-subject-channel-equivalence	IAM-CH-GRP-NONMEMBER-DENY :: member-reads	NO-ASSERTIONS
iam	rbac-subject-channel-equivalence	IAM-CH-GRP-NONMEMBER-DENY :: member-reads	NO-ASSERTIONS
iam	rbac-subject-channel-equivalence	IAM-CH-GRP-NONMEMBER-DENY :: member-reads	NO-ASSERTIONS
iam	rbac-subject-channel-equivalence	IAM-CH-GRP-NONMEMBER-DENY :: member-reads	NO-ASSERTIONS
iam	rbac-subject-channel-equivalence	IAM-CH-GRP-NONMEMBER-DENY :: member-reads	NO-ASSERTIONS
iam	rbac-subject-channel-equivalence	IAM-CH-GRP-NONMEMBER-DENY :: member-reads	NO-ASSERTIONS
iam	rbac-subject-channel-equivalence	IAM-CH-GRP-NONMEMBER-DENY :: member-reads	NO-ASSERTIONS
iam	rbac-subject-channel-equivalence	IAM-CH-GRP-NONMEMBER-DENY :: member-reads	NO-ASSERTIONS
iam	rbac-subject-channel-equivalence	IAM-CH-GRP-NONMEMBER-DENY :: member-reads	NO-ASSERTIONS
iam	rbac-subject-channel-equivalence	IAM-CH-GRP-NONMEMBER-DENY :: member-reads	NO-ASSERTIONS
iam	rbac-subject-channel-equivalence	IAM-CH-GRP-NONMEMBER-DENY :: member-reads	NO-ASSERTIONS
iam	rbac-subject-channel-equivalence	IAM-CH-GRP-NONMEMBER-DENY :: member-reads	NO-ASSERTIONS
iam	rbac-subject-channel-equivalence	IAM-CH-GRP-NONMEMBER-DENY :: member-reads	NO-ASSERTIONS
iam	rbac-subject-channel-equivalence	IAM-CH-GRP-NONMEMBER-DENY :: member-reads	NO-ASSERTIONS
iam	rbac-subject-channel-equivalence	IAM-CH-GRP-NONMEMBER-DENY :: member-reads	NO-ASSERTIONS
iam	rbac-subject-channel-equivalence	IAM-CH-GRP-NONMEMBER-DENY :: member-reads	NO-ASSERTIONS
iam	rbac-subject-channel-equivalence	IAM-CH-GRP-NONMEMBER-DENY :: member-reads	NO-ASSERTIONS
iam	rbac-subject-channel-equivalence	IAM-CH-GRP-NONMEMBER-DENY :: member-reads	NO-ASSERTIONS
iam	rbac-subject-channel-equivalence	IAM-CH-GRP-NONMEMBER-DENY :: member-reads	NO-ASSERTIONS
iam	rbac-subject-channel-equivalence	IAM-CH-GRP-NONMEMBER-DENY :: member-reads	NO-ASSERTIONS
iam	rbac-subject-channel-equivalence	IAM-CH-GRP-NONMEMBER-DENY :: member-reads	NO-ASSERTIONS
iam	rbac-subject-channel-equivalence	IAM-CH-GRP-NONMEMBER-DENY :: member-reads	NO-ASSERTIONS
iam	rbac-subject-channel-equivalence	IAM-CH-GRP-NONMEMBER-DENY :: member-reads	NO-ASSERTIONS
iam	rbac-subject-channel-equivalence	IAM-CH-GRP-NONMEMBER-DENY :: member-reads	NO-ASSERTIONS
iam	rbac-subject-channel-equivalence	IAM-CH-GRP-NONMEMBER-DENY :: member-reads	NO-ASSERTIONS
iam	rbac-subject-channel-equivalence	IAM-CH-GRP-NONMEMBER-DENY :: member-reads	NO-ASSERTIONS
iam	rbac-subject-channel-equivalence	IAM-CH-GRP-NONMEMBER-DENY :: member-reads	NO-ASSERTIONS
iam	rbac-subject-channel-equivalence	IAM-CH-GRP-NONMEMBER-DENY :: member-reads	NO-ASSERTIONS
iam	rbac-subject-channel-equivalence	IAM-CH-GRP-NONMEMBER-DENY :: member-reads	NO-ASSERTIONS
iam	rbac-subject-channel-equivalence	IAM-CH-GRP-NONMEMBER-DENY :: member-reads	NO-ASSERTIONS
iam	rbac-subject-channel-equivalence	IAM-CH-GRP-NONMEMBER-DENY :: member-reads	NO-ASSERTIONS
iam	rbac-subject-channel-equivalence	IAM-CH-GRP-NONMEMBER-DENY :: member-reads	NO-ASSERTIONS
iam	rbac-subject-channel-equivalence	IAM-CH-GRP-NONMEMBER-DENY :: member-reads	NO-ASSERTIONS
iam	rbac-subject-channel-equivalence	IAM-CH-GRP-NONMEMBER-DENY :: member-reads	NO-ASSERTIONS
iam	rbac-subject-channel-equivalence	IAM-CH-GRP-NONMEMBER-DENY :: member-reads	NO-ASSERTIONS
iam	rbac-subject-channel-equivalence	IAM-CH-GRP-NONMEMBER-DENY :: member-reads	NO-ASSERTIONS
iam	rbac-subject-channel-equivalence	IAM-CH-GRP-NONMEMBER-DENY :: member-reads	NO-ASSERTIONS
iam	rbac-subject-channel-equivalence	IAM-CH-GRP-NONMEMBER-DENY :: member-reads	NO-ASSERTIONS
iam	rbac-subject-channel-equivalence	IAM-CH-GRP-NONMEMBER-DENY :: member-reads	NO-ASSERTIONS
iam	rbac-subject-channel-equivalence	IAM-CH-GRP-NONMEMBER-DENY :: member-reads	NO-ASSERTIONS
iam	rbac-subject-channel-equivalence	IAM-CH-GRP-NONMEMBER-DENY :: member-reads	NO-ASSERTIONS
iam	rbac-subject-channel-equivalence	IAM-CH-GRP-NONMEMBER-DENY :: member-reads	NO-ASSERTIONS
iam	rbac-subject-channel-equivalence	IAM-CH-GRP-NONMEMBER-DENY :: member-reads	NO-ASSERTIONS
iam	rbac-subject-channel-equivalence	IAM-CH-GRP-NONMEMBER-DENY :: member-reads	NO-ASSERTIONS
iam	rbac-subject-channel-equivalence	IAM-CH-GRP-NONMEMBER-DENY :: member-reads	NO-ASSERTIONS
iam	rbac-subject-channel-equivalence	IAM-CH-GRP-NONMEMBER-DENY :: member-reads	NO-ASSERTIONS
iam	rbac-subject-channel-equivalence	IAM-CH-GRP-NONMEMBER-DENY :: member-reads	NO-ASSERTIONS
iam	rbac-subject-channel-equivalence	IAM-CH-GRP-NONMEMBER-DENY :: member-reads	NO-ASSERTIONS
iam	rbac-subject-channel-equivalence	IAM-CH-GRP-NONMEMBER-DENY :: member-reads	NO-ASSERTIONS
iam	rbac-subject-channel-equivalence	IAM-CH-GRP-NONMEMBER-DENY :: member-reads	NO-ASSERTIONS
iam	rbac-subject-channel-equivalence	IAM-CH-GRP-NONMEMBER-DENY :: member-reads	NO-ASSERTIONS
iam	rbac-subject-channel-equivalence	IAM-CH-GRP-NONMEMBER-DENY :: member-reads	NO-ASSERTIONS
iam	rbac-subject-channel-equivalence	IAM-CH-GRP-NONMEMBER-DENY :: member-reads	NO-ASSERTIONS
iam	rbac-subject-channel-equivalence	IAM-CH-GRP-NONMEMBER-DENY :: member-reads	NO-ASSERTIONS
iam	rbac-subject-channel-equivalence	IAM-CH-GRP-NONMEMBER-DENY :: member-reads	NO-ASSERTIONS
iam	rbac-subject-channel-equivalence	IAM-CH-GRP-NONMEMBER-DENY :: member-reads	NO-ASSERTIONS
iam	rbac-subject-channel-equivalence	IAM-CH-GRP-NONMEMBER-DENY :: member-reads	NO-ASSERTIONS
iam	rbac-subject-channel-equivalence	IAM-CH-GRP-NONMEMBER-DENY :: member-reads	NO-ASSERTIONS
iam	rbac-subject-channel-equivalence	IAM-CH-GRP-NONMEMBER-DENY :: member-reads	NO-ASSERTIONS
iam	rbac-subject-channel-equivalence	IAM-CH-GRP-NONMEMBER-DENY :: member-reads	NO-ASSERTIONS
iam	rbac-subject-channel-equivalence	IAM-CH-GRP-NONMEMBER-DENY :: member-reads	NO-ASSERTIONS
iam	rbac-subject-channel-equivalence	IAM-CH-GRP-NONMEMBER-DENY :: member-reads	NO-ASSERTIONS
iam	rbac-subject-channel-equivalence	IAM-CH-GRP-NONMEMBER-DENY :: member-reads	NO-ASSERTIONS
iam	rbac-subject-channel-equivalence	IAM-CH-GRP-NONMEMBER-DENY :: member-reads	NO-ASSERTIONS
iam	rbac-subject-channel-equivalence	IAM-CH-GRP-NONMEMBER-DENY :: member-reads	NO-ASSERTIONS
iam	rbac-subject-channel-equivalence	IAM-CH-GRP-NONMEMBER-DENY :: member-reads	NO-ASSERTIONS
iam	rbac-subject-channel-equivalence	IAM-CH-GRP-NONMEMBER-DENY :: member-reads	NO-ASSERTIONS
iam	rbac-subject-channel-equivalence	IAM-CH-GRP-NONMEMBER-DENY :: member-reads	NO-ASSERTIONS
iam	rbac-subject-channel-equivalence	IAM-CH-GRP-NONMEMBER-DENY :: member-reads	NO-ASSERTIONS
iam	rbac-subject-channel-equivalence	IAM-CH-GRP-NONMEMBER-DENY :: member-reads	NO-ASSERTIONS
iam	rbac-subject-channel-equivalence	IAM-CH-GRP-NONMEMBER-DENY :: member-reads	NO-ASSERTIONS
iam	rbac-subject-channel-equivalence	IAM-CH-GRP-NONMEMBER-DENY :: member-reads	NO-ASSERTIONS
iam	rbac-subject-channel-equivalence	IAM-CH-GRP-NONMEMBER-DENY :: member-reads	NO-ASSERTIONS
iam	rbac-subject-channel-equivalence	IAM-CH-GRP-NONMEMBER-DENY :: member-reads	NO-ASSERTIONS
iam	rbac-subject-channel-equivalence	IAM-CH-GRP-NONMEMBER-DENY :: member-reads	NO-ASSERTIONS
iam	rbac-subject-channel-equivalence	IAM-CH-GRP-NONMEMBER-DENY :: member-reads	NO-ASSERTIONS
iam	rbac-subject-channel-equivalence	IAM-CH-GRP-NONMEMBER-DENY :: member-reads	NO-ASSERTIONS
iam	rbac-subject-channel-equivalence	IAM-CH-GRP-NONMEMBER-DENY :: member-reads	NO-ASSERTIONS
iam	rbac-subject-channel-equivalence	IAM-CH-GRP-NONMEMBER-DENY :: member-reads	NO-ASSERTIONS
iam	rbac-subject-channel-equivalence	IAM-CH-GRP-NONMEMBER-DENY :: member-reads	NO-ASSERTIONS
iam	rbac-subject-channel-equivalence	IAM-CH-GRP-NONMEMBER-DENY :: member-reads	NO-ASSERTIONS
iam	rbac-subject-channel-equivalence	IAM-CH-GRP-NONMEMBER-DENY :: member-reads	NO-ASSERTIONS
iam	rbac-subject-channel-equivalence	IAM-CH-GRP-NONMEMBER-DENY :: member-reads	NO-ASSERTIONS
iam	rbac-subject-channel-equivalence	IAM-CH-GRP-NONMEMBER-DENY :: member-reads	NO-ASSERTIONS
iam	rbac-subject-channel-equivalence	IAM-CH-GRP-NONMEMBER-DENY :: member-reads	NO-ASSERTIONS
iam	rbac-subject-channel-equivalence	IAM-CH-GRP-NONMEMBER-DENY :: member-reads	NO-ASSERTIONS
iam	rbac-subject-channel-equivalence	IAM-CH-GRP-NONMEMBER-DENY :: member-reads	NO-ASSERTIONS
iam	rbac-subject-channel-equivalence	IAM-CH-GRP-NONMEMBER-DENY :: member-reads	NO-ASSERTIONS
iam	rbac-subject-channel-equivalence	IAM-CH-GRP-NONMEMBER-DENY :: member-reads	NO-ASSERTIONS
iam	rbac-subject-channel-equivalence	IAM-CH-GRP-NONMEMBER-DENY :: member-reads	NO-ASSERTIONS
iam	rbac-subject-channel-equivalence	IAM-CH-GRP-NONMEMBER-DENY :: member-reads	NO-ASSERTIONS
iam	rbac-subject-channel-equivalence	IAM-CH-GRP-NONMEMBER-DENY :: member-reads	NO-ASSERTIONS
iam	rbac-subject-channel-equivalence	IAM-CH-GRP-NONMEMBER-DENY :: member-reads	NO-ASSERTIONS
iam	rbac-subject-channel-equivalence	IAM-CH-GRP-NONMEMBER-DENY :: member-reads	NO-ASSERTIONS
iam	rbac-subject-channel-equivalence	IAM-CH-GRP-NONMEMBER-DENY :: member-reads	NO-ASSERTIONS
iam	rbac-subject-channel-equivalence	IAM-CH-GRP-NONMEMBER-DENY :: member-reads	NO-ASSERTIONS
iam	rbac-subject-channel-equivalence	IAM-CH-GRP-NONMEMBER-DENY :: member-reads	NO-ASSERTIONS
iam	rbac-subject-channel-equivalence	IAM-CH-GRP-NONMEMBER-DENY :: member-reads	NO-ASSERTIONS
iam	rbac-subject-channel-equivalence	IAM-CH-GRP-NONMEMBER-DENY :: member-reads	NO-ASSERTIONS
iam	rbac-subject-channel-equivalence	IAM-CH-GRP-NONMEMBER-DENY :: member-reads	NO-ASSERTIONS
iam	rbac-subject-channel-equivalence	IAM-CH-GRP-NONMEMBER-DENY :: member-reads	NO-ASSERTIONS
iam	rbac-subject-channel-equivalence	IAM-CH-GRP-NONMEMBER-DENY :: member-reads	NO-ASSERTIONS
iam	rbac-subject-channel-equivalence	IAM-CH-GRP-NONMEMBER-DENY :: member-reads	NO-ASSERTIONS
iam	rbac-subject-channel-equivalence	IAM-CH-GRP-NONMEMBER-DENY :: member-reads	NO-ASSERTIONS
iam	rbac-subject-channel-equivalence	IAM-CH-GRP-NONMEMBER-DENY :: member-reads	NO-ASSERTIONS
iam	rbac-subject-channel-equivalence	IAM-CH-GRP-NONMEMBER-DENY :: member-reads	NO-ASSERTIONS
iam	rbac-subject-channel-equivalence	IAM-CH-GRP-NONMEMBER-DENY :: member-reads	NO-ASSERTIONS
iam	rbac-subject-channel-equivalence	IAM-CH-GRP-NONMEMBER-DENY :: member-reads	NO-ASSERTIONS
iam	rbac-subject-channel-equivalence	IAM-CH-GRP-NONMEMBER-DENY :: member-reads	NO-ASSERTIONS
iam	rbac-subject-channel-equivalence	IAM-CH-GRP-NONMEMBER-DENY :: member-reads	NO-ASSERTIONS
iam	rbac-subject-channel-equivalence	IAM-CH-GRP-NONMEMBER-DENY :: member-reads	NO-ASSERTIONS
iam	rbac-subject-channel-equivalence	IAM-CH-GRP-NONMEMBER-DENY :: member-reads	NO-ASSERTIONS
iam	rbac-subject-channel-equivalence	IAM-CH-GRP-NONMEMBER-DENY :: member-reads	NO-ASSERTIONS
iam	rbac-subject-channel-equivalence	IAM-CH-GRP-NONMEMBER-DENY :: member-reads	NO-ASSERTIONS
iam	rbac-subject-channel-equivalence	IAM-CH-GRP-NONMEMBER-DENY :: member-reads	NO-ASSERTIONS
iam	rbac-subject-channel-equivalence	IAM-CH-GRP-NONMEMBER-DENY :: member-reads	NO-ASSERTIONS
iam	rbac-subject-channel-equivalence	IAM-CH-GRP-NONMEMBER-DENY :: member-reads	NO-ASSERTIONS
iam	rbac-subject-channel-equivalence	IAM-CH-GRP-NONMEMBER-DENY :: member-reads	NO-ASSERTIONS
iam	rbac-subject-channel-equivalence	IAM-CH-GRP-NONMEMBER-DENY :: member-reads	NO-ASSERTIONS
iam	rbac-subject-channel-equivalence	IAM-CH-GRP-NONMEMBER-DENY :: member-reads	NO-ASSERTIONS
iam	rbac-subject-channel-equivalence	IAM-CH-GRP-NONMEMBER-DENY :: member-reads	NO-ASSERTIONS
iam	rbac-subject-channel-equivalence	IAM-CH-GRP-NONMEMBER-DENY :: member-reads	NO-ASSERTIONS
iam	rbac-subject-channel-equivalence	IAM-CH-GRP-NONMEMBER-DENY :: member-reads	NO-ASSERTIONS
iam	rbac-subject-channel-equivalence	IAM-CH-GRP-NONMEMBER-DENY :: member-reads	NO-ASSERTIONS
iam	rbac-subject-channel-equivalence	IAM-CH-GRP-NONMEMBER-DENY :: member-reads	NO-ASSERTIONS
iam	rbac-subject-channel-equivalence	IAM-CH-GRP-NONMEMBER-DENY :: member-reads	NO-ASSERTIONS
iam	rbac-subject-channel-equivalence	IAM-CH-GRP-NONMEMBER-DENY :: member-reads	NO-ASSERTIONS
iam	rbac-subject-channel-equivalence	IAM-CH-GRP-NONMEMBER-DENY :: member-reads	NO-ASSERTIONS
iam	rbac-subject-channel-equivalence	IAM-CH-GRP-NONMEMBER-DENY :: member-reads	NO-ASSERTIONS
iam	rbac-subject-channel-equivalence	IAM-CH-GRP-NONMEMBER-DENY :: member-reads	NO-ASSERTIONS
iam	rbac-subject-channel-equivalence	IAM-CH-GRP-NONMEMBER-DENY :: member-reads	NO-ASSERTIONS
iam	rbac-subject-channel-equivalence	IAM-CH-GRP-NONMEMBER-DENY :: member-reads	NO-ASSERTIONS
iam	rbac-subject-channel-equivalence	IAM-CH-GRP-NONMEMBER-DENY :: member-reads	NO-ASSERTIONS
iam	rbac-subject-channel-equivalence	IAM-CH-GRP-NONMEMBER-DENY :: member-reads	NO-ASSERTIONS
iam	rbac-subject-channel-equivalence	IAM-CH-GRP-NONMEMBER-DENY :: member-reads	NO-ASSERTIONS
iam	rbac-subject-channel-equivalence	IAM-CH-GRP-NONMEMBER-DENY :: member-reads	NO-ASSERTIONS
iam	rbac-subject-channel-equivalence	IAM-CH-GRP-NONMEMBER-DENY :: member-reads	NO-ASSERTIONS
iam	rbac-subject-channel-equivalence	IAM-CH-GRP-NONMEMBER-DENY :: member-reads	NO-ASSERTIONS
iam	rbac-subject-channel-equivalence	IAM-CH-GRP-NONMEMBER-DENY :: member-reads	NO-ASSERTIONS
iam	rbac-subject-channel-equivalence	IAM-CH-GRP-NONMEMBER-DENY :: member-reads	NO-ASSERTIONS
iam	rbac-subject-channel-equivalence	IAM-CH-GRP-NONMEMBER-DENY :: member-reads	NO-ASSERTIONS
iam	rbac-subject-channel-equivalence	IAM-CH-GRP-NONMEMBER-DENY :: member-reads	NO-ASSERTIONS
iam	rbac-subject-channel-equivalence	IAM-CH-GRP-NONMEMBER-DENY :: member-reads	NO-ASSERTIONS
iam	rbac-subject-channel-equivalence	IAM-CH-GRP-NONMEMBER-DENY :: member-reads	NO-ASSERTIONS
iam	rbac-subject-channel-equivalence	IAM-CH-GRP-NONMEMBER-DENY :: member-reads	NO-ASSERTIONS
iam	rbac-subject-channel-equivalence	IAM-CH-GRP-NONMEMBER-DENY :: member-reads	NO-ASSERTIONS
iam	rbac-subject-channel-equivalence	IAM-CH-GRP-NONMEMBER-DENY :: member-reads	NO-ASSERTIONS
iam	rbac-subject-channel-equivalence	IAM-CH-GRP-NONMEMBER-DENY :: member-reads	NO-ASSERTIONS
iam	rbac-subject-channel-equivalence	IAM-CH-GRP-NONMEMBER-DENY :: member-reads	NO-ASSERTIONS
iam	rbac-subject-channel-equivalence	IAM-CH-GRP-NONMEMBER-DENY :: member-reads	NO-ASSERTIONS
iam	rbac-subject-channel-equivalence	IAM-CH-GRP-NONMEMBER-DENY :: member-reads	NO-ASSERTIONS
iam	rbac-subject-channel-equivalence	IAM-CH-GRP-NONMEMBER-DENY :: member-reads	NO-ASSERTIONS
iam	rbac-subject-channel-equivalence	IAM-CH-GRP-NONMEMBER-DENY :: member-reads	NO-ASSERTIONS
iam	rbac-subject-channel-equivalence	IAM-CH-GRP-NONMEMBER-DENY :: member-reads	NO-ASSERTIONS
iam	rbac-subject-channel-equivalence	IAM-CH-GRP-NONMEMBER-DENY :: member-reads	NO-ASSERTIONS
iam	rbac-subject-channel-equivalence	IAM-CH-GRP-NONMEMBER-DENY :: member-reads	NO-ASSERTIONS
iam	rbac-subject-channel-equivalence	IAM-CH-GRP-NONMEMBER-DENY :: member-reads	NO-ASSERTIONS
iam	rbac-subject-channel-equivalence	IAM-CH-GRP-NONMEMBER-DENY :: member-reads	NO-ASSERTIONS
iam	rbac-subject-channel-equivalence	IAM-CH-GRP-NONMEMBER-DENY :: member-reads	NO-ASSERTIONS
iam	rbac-subject-channel-equivalence	IAM-CH-GRP-NONMEMBER-DENY :: member-reads	NO-ASSERTIONS
iam	rbac-subject-channel-equivalence	IAM-CH-GRP-NONMEMBER-DENY :: member-reads	NO-ASSERTIONS
iam	rbac-subject-channel-equivalence	IAM-CH-GRP-NONMEMBER-DENY :: member-reads	NO-ASSERTIONS
iam	rbac-subject-channel-equivalence	IAM-CH-GRP-NONMEMBER-DENY :: member-reads	NO-ASSERTIONS
iam	rbac-subject-channel-equivalence	IAM-CH-GRP-NONMEMBER-DENY :: member-reads	NO-ASSERTIONS
iam	rbac-subject-channel-equivalence	IAM-CH-GRP-NONMEMBER-DENY :: member-reads	NO-ASSERTIONS
iam	rbac-subject-channel-equivalence	IAM-CH-GRP-NONMEMBER-DENY :: member-reads	NO-ASSERTIONS
iam	rbac-subject-channel-equivalence	IAM-CH-GRP-NONMEMBER-DENY :: member-reads	NO-ASSERTIONS
iam	rbac-subject-channel-equivalence	IAM-CH-GRP-NONMEMBER-DENY :: member-reads	NO-ASSERTIONS
iam	rbac-subject-channel-equivalence	IAM-CH-GRP-NONMEMBER-DENY :: member-reads	NO-ASSERTIONS
iam	rbac-subject-channel-equivalence	IAM-CH-GRP-NONMEMBER-DENY :: member-reads	NO-ASSERTIONS
iam	rbac-subject-channel-equivalence	IAM-CH-GRP-NONMEMBER-DENY :: member-reads	NO-ASSERTIONS
iam	rbac-subject-channel-equivalence	IAM-CH-GRP-NONMEMBER-DENY :: member-reads	NO-ASSERTIONS
iam	rbac-subject-channel-equivalence	IAM-CH-GRP-NONMEMBER-DENY :: member-reads	NO-ASSERTIONS
iam	rbac-subject-channel-equivalence	IAM-CH-GRP-NONMEMBER-DENY :: member-reads	NO-ASSERTIONS
iam	rbac-subject-channel-equivalence	IAM-CH-GRP-NONMEMBER-DENY :: member-reads	NO-ASSERTIONS
iam	rbac-subject-channel-equivalence	IAM-CH-GRP-NONMEMBER-DENY :: member-reads	NO-ASSERTIONS
iam	rbac-subject-channel-equivalence	IAM-CH-GRP-NONMEMBER-DENY :: member-reads	NO-ASSERTIONS
iam	rbac-subject-channel-equivalence	IAM-CH-GRP-NONMEMBER-DENY :: member-reads	NO-ASSERTIONS
iam	rbac-subject-channel-equivalence	IAM-CH-GRP-NONMEMBER-DENY :: member-reads	NO-ASSERTIONS
iam	rbac-subject-channel-equivalence	IAM-CH-GRP-NONMEMBER-DENY :: member-reads	NO-ASSERTIONS
iam	rbac-subject-channel-equivalence	IAM-CH-GRP-NONMEMBER-DENY :: member-reads	NO-ASSERTIONS
iam	rbac-subject-channel-equivalence	IAM-CH-GRP-NONMEMBER-DENY :: member-reads	NO-ASSERTIONS
iam	rbac-subject-channel-equivalence	IAM-CH-GRP-NONMEMBER-DENY :: member-reads	NO-ASSERTIONS
iam	rbac-subject-channel-equivalence	IAM-CH-GRP-NONMEMBER-DENY :: member-reads	NO-ASSERTIONS
iam	rbac-subject-channel-equivalence	IAM-CH-GRP-NONMEMBER-DENY :: member-reads	NO-ASSERTIONS
iam	rbac-subject-channel-equivalence	IAM-CH-GRP-NONMEMBER-DENY :: member-reads	NO-ASSERTIONS
iam	rbac-subject-channel-equivalence	IAM-CH-GRP-NONMEMBER-DENY :: member-reads	NO-ASSERTIONS
iam	rbac-subject-channel-equivalence	IAM-CH-GRP-NONMEMBER-DENY :: member-reads	NO-ASSERTIONS
iam	rbac-subject-channel-equivalence	IAM-CH-GRP-NONMEMBER-DENY :: member-reads	NO-ASSERTIONS
iam	rbac-subject-channel-equivalence	IAM-CH-GRP-NONMEMBER-DENY :: member-reads	NO-ASSERTIONS
iam	rbac-subject-channel-equivalence	IAM-CH-GRP-NONMEMBER-DENY :: member-reads	NO-ASSERTIONS
iam	rbac-subject-channel-equivalence	IAM-CH-GRP-NONMEMBER-DENY :: member-reads	NO-ASSERTIONS
iam	rbac-subject-channel-equivalence	IAM-CH-GRP-NONMEMBER-DENY :: member-reads	NO-ASSERTIONS
iam	rbac-subject-channel-equivalence	IAM-CH-GRP-NONMEMBER-DENY :: member-reads	NO-ASSERTIONS
iam	rbac-subject-channel-equivalence	IAM-CH-GRP-NONMEMBER-DENY :: member-reads	NO-ASSERTIONS
iam	rbac-subject-channel-equivalence	IAM-CH-GRP-NONMEMBER-DENY :: member-reads	NO-ASSERTIONS
iam	rbac-subject-channel-equivalence	IAM-CH-GRP-NONMEMBER-DENY :: member-reads	NO-ASSERTIONS
iam	rbac-subject-channel-equivalence	IAM-CH-GRP-NONMEMBER-DENY :: member-reads	NO-ASSERTIONS
iam	rbac-subject-channel-equivalence	IAM-CH-GRP-NONMEMBER-DENY :: member-reads	NO-ASSERTIONS
iam	rbac-subject-channel-equivalence	IAM-CH-GRP-NONMEMBER-DENY :: member-reads	NO-ASSERTIONS
iam	rbac-subject-channel-equivalence	IAM-CH-GRP-NONMEMBER-DENY :: member-reads	NO-ASSERTIONS
iam	rbac-subject-channel-equivalence	IAM-CH-GRP-NONMEMBER-DENY :: member-reads	NO-ASSERTIONS
iam	rbac-subject-channel-equivalence	IAM-CH-GRP-NONMEMBER-DENY :: member-reads	NO-ASSERTIONS
iam	rbac-subject-channel-equivalence	IAM-CH-GRP-NONMEMBER-DENY :: member-reads	NO-ASSERTIONS
iam	rbac-subject-channel-equivalence	IAM-CH-GRP-NONMEMBER-DENY :: member-reads	NO-ASSERTIONS
iam	rbac-subject-channel-equivalence	IAM-CH-GRP-NONMEMBER-DENY :: member-reads	NO-ASSERTIONS
iam	rbac-subject-channel-equivalence	IAM-CH-GRP-NONMEMBER-DENY :: member-reads	NO-ASSERTIONS
iam	rbac-subject-channel-equivalence	IAM-CH-GRP-NONMEMBER-DENY :: member-reads	NO-ASSERTIONS
iam	rbac-subject-channel-equivalence	IAM-CH-GRP-NONMEMBER-DENY :: member-reads	NO-ASSERTIONS
iam	rbac-subject-channel-equivalence	IAM-CH-GRP-NONMEMBER-DENY :: member-reads	NO-ASSERTIONS
iam	rbac-subject-channel-equivalence	IAM-CH-GRP-NONMEMBER-DENY :: member-reads	NO-ASSERTIONS
iam	rbac-subject-channel-equivalence	IAM-CH-GRP-NONMEMBER-DENY :: member-reads	NO-ASSERTIONS
iam	rbac-subject-channel-equivalence	IAM-CH-GRP-NONMEMBER-DENY :: member-reads	NO-ASSERTIONS
iam	rbac-subject-channel-equivalence	IAM-CH-GRP-NONMEMBER-DENY :: member-reads	NO-ASSERTIONS
iam	rbac-subject-channel-equivalence	IAM-CH-GRP-NONMEMBER-DENY :: member-reads	NO-ASSERTIONS
iam	rbac-subject-channel-equivalence	IAM-CH-GRP-NONMEMBER-DENY :: member-reads	NO-ASSERTIONS
iam	rbac-subject-channel-equivalence	IAM-CH-GRP-NONMEMBER-DENY :: member-reads	NO-ASSERTIONS
iam	rbac-subject-channel-equivalence	IAM-CH-GRP-NONMEMBER-DENY :: member-reads	NO-ASSERTIONS
iam	rbac-subject-channel-equivalence	IAM-CH-GRP-NONMEMBER-DENY :: member-reads	NO-ASSERTIONS
iam	rbac-subject-channel-equivalence	IAM-CH-GRP-NONMEMBER-DENY :: member-reads	NO-ASSERTIONS
iam	rbac-subject-channel-equivalence	IAM-CH-GRP-NONMEMBER-DENY :: member-reads	NO-ASSERTIONS
iam	rbac-subject-channel-equivalence	IAM-CH-GRP-NONMEMBER-DENY :: member-reads	NO-ASSERTIONS
iam	rbac-subject-channel-equivalence	IAM-CH-GRP-NONMEMBER-DENY :: member-reads	NO-ASSERTIONS
iam	rbac-subject-channel-equivalence	IAM-CH-GRP-NONMEMBER-DENY :: member-reads	NO-ASSERTIONS
iam	rbac-subject-channel-equivalence	IAM-CH-GRP-NONMEMBER-DENY :: member-reads	NO-ASSERTIONS
iam	rbac-subject-channel-equivalence	IAM-CH-GRP-NONMEMBER-DENY :: member-reads	NO-ASSERTIONS
iam	rbac-subject-channel-equivalence	IAM-CH-GRP-NONMEMBER-DENY :: member-reads	NO-ASSERTIONS
iam	rbac-subject-channel-equivalence	IAM-CH-GRP-NONMEMBER-DENY :: member-reads	NO-ASSERTIONS
iam	rbac-subject-channel-equivalence	IAM-CH-GRP-NONMEMBER-DENY :: member-reads	NO-ASSERTIONS
iam	rbac-subject-channel-equivalence	IAM-CH-GRP-NONMEMBER-DENY :: member-reads	NO-ASSERTIONS
iam	rbac-subject-channel-equivalence	IAM-CH-GRP-NONMEMBER-DENY :: member-reads	NO-ASSERTIONS
iam	rbac-subject-channel-equivalence	IAM-CH-GRP-NONMEMBER-DENY :: member-reads	NO-ASSERTIONS
iam	rbac-subject-channel-equivalence	IAM-CH-GRP-NONMEMBER-DENY :: member-reads	NO-ASSERTIONS
iam	rbac-subject-channel-equivalence	IAM-CH-GRP-NONMEMBER-DENY :: member-reads	NO-ASSERTIONS
iam	rbac-subject-channel-equivalence	IAM-CH-GRP-NONMEMBER-DENY :: member-reads	NO-ASSERTIONS
iam	rbac-subject-channel-equivalence	IAM-CH-GRP-NONMEMBER-DENY :: member-reads	NO-ASSERTIONS
iam	rbac-subject-channel-equivalence	IAM-CH-GRP-NONMEMBER-DENY :: member-reads	NO-ASSERTIONS
iam	rbac-subject-channel-equivalence	IAM-CH-GRP-NONMEMBER-DENY :: member-reads	NO-ASSERTIONS
iam	rbac-subject-channel-equivalence	IAM-CH-GRP-NONMEMBER-DENY :: member-reads	NO-ASSERTIONS
iam	rbac-subject-channel-equivalence	IAM-CH-GRP-NONMEMBER-DENY :: member-reads	NO-ASSERTIONS
iam	rbac-subject-channel-equivalence	IAM-CH-GRP-NONMEMBER-DENY :: member-reads	NO-ASSERTIONS
iam	rbac-subject-channel-equivalence	IAM-CH-GRP-NONMEMBER-DENY :: member-reads	NO-ASSERTIONS
iam	rbac-subject-channel-equivalence	IAM-CH-GRP-NONMEMBER-DENY :: member-reads	NO-ASSERTIONS
iam	rbac-subject-channel-equivalence	IAM-CH-GRP-NONMEMBER-DENY :: member-reads	NO-ASSERTIONS
iam	rbac-subject-channel-equivalence	IAM-CH-GRP-NONMEMBER-DENY :: member-reads	NO-ASSERTIONS
iam	rbac-subject-channel-equivalence	IAM-CH-GRP-NONMEMBER-DENY :: member-reads	NO-ASSERTIONS
iam	rbac-subject-channel-equivalence	IAM-CH-GRP-NONMEMBER-DENY :: member-reads	NO-ASSERTIONS
iam	rbac-subject-channel-equivalence	IAM-CH-GRP-NONMEMBER-DENY :: member-reads	NO-ASSERTIONS
iam	rbac-subject-channel-equivalence	IAM-CH-GRP-NONMEMBER-DENY :: member-reads	NO-ASSERTIONS
iam	rbac-subject-channel-equivalence	IAM-CH-GRP-NONMEMBER-DENY :: member-reads	NO-ASSERTIONS
iam	rbac-subject-channel-equivalence	IAM-CH-GRP-NONMEMBER-DENY :: member-reads	NO-ASSERTIONS
iam	rbac-subject-channel-equivalence	IAM-CH-GRP-NONMEMBER-DENY :: member-reads	NO-ASSERTIONS
iam	rbac-subject-channel-equivalence	IAM-CH-GRP-NONMEMBER-DENY :: member-reads	NO-ASSERTIONS
iam	rbac-subject-channel-equivalence	IAM-CH-GRP-NONMEMBER-DENY :: member-reads	NO-ASSERTIONS
iam	rbac-subject-channel-equivalence	IAM-CH-GRP-NONMEMBER-DENY :: member-reads	NO-ASSERTIONS
iam	rbac-subject-channel-equivalence	IAM-CH-GRP-NONMEMBER-DENY :: member-reads	NO-ASSERTIONS
iam	rbac-subject-channel-equivalence	IAM-CH-GRP-NONMEMBER-DENY :: member-reads	NO-ASSERTIONS
iam	rbac-subject-channel-equivalence	IAM-CH-GRP-NONMEMBER-DENY :: member-reads	NO-ASSERTIONS
iam	rbac-subject-channel-equivalence	IAM-CH-GRP-NONMEMBER-DENY :: member-reads	NO-ASSERTIONS
iam	rbac-subject-channel-equivalence	IAM-CH-GRP-NONMEMBER-DENY :: member-reads	NO-ASSERTIONS
iam	rbac-subject-channel-equivalence	IAM-CH-GRP-NONMEMBER-DENY :: member-reads	NO-ASSERTIONS
iam	rbac-subject-channel-equivalence	IAM-CH-GRP-NONMEMBER-DENY :: member-reads	NO-ASSERTIONS
iam	rbac-subject-channel-equivalence	IAM-CH-GRP-NONMEMBER-DENY :: member-reads	NO-ASSERTIONS
iam	rbac-subject-channel-equivalence	IAM-CH-GRP-NONMEMBER-DENY :: member-reads	NO-ASSERTIONS
iam	rbac-subject-channel-equivalence	IAM-CH-GRP-NONMEMBER-DENY :: member-reads	NO-ASSERTIONS
iam	rbac-subject-channel-equivalence	IAM-CH-GRP-NONMEMBER-DENY :: member-reads	NO-ASSERTIONS
iam	rbac-subject-channel-equivalence	IAM-CH-GRP-NONMEMBER-DENY :: member-reads	NO-ASSERTIONS
iam	rbac-subject-channel-equivalence	IAM-CH-GRP-NONMEMBER-DENY :: member-reads	NO-ASSERTIONS
iam	rbac-subject-channel-equivalence	IAM-CH-GRP-NONMEMBER-DENY :: member-reads	NO-ASSERTIONS
iam	rbac-subject-channel-equivalence	IAM-CH-GRP-NONMEMBER-DENY :: member-reads	NO-ASSERTIONS
iam	rbac-subject-channel-equivalence	IAM-CH-GRP-NONMEMBER-DENY :: member-reads	NO-ASSERTIONS
iam	rbac-subject-channel-equivalence	IAM-CH-GRP-NONMEMBER-DENY :: member-reads	NO-ASSERTIONS
iam	rbac-subject-channel-equivalence	IAM-CH-GRP-NONMEMBER-DENY :: member-reads	NO-ASSERTIONS
iam	rbac-subject-channel-equivalence	IAM-CH-GRP-NONMEMBER-DENY :: member-reads	NO-ASSERTIONS
iam	rbac-subject-channel-equivalence	IAM-CH-GRP-NONMEMBER-DENY :: member-reads	NO-ASSERTIONS
iam	rbac-subject-channel-equivalence	IAM-CH-GRP-NONMEMBER-DENY :: member-reads	NO-ASSERTIONS
iam	rbac-subject-channel-equivalence	IAM-CH-GRP-NONMEMBER-DENY :: member-reads	NO-ASSERTIONS
iam	rbac-subject-channel-equivalence	IAM-CH-GRP-NONMEMBER-DENY :: member-reads	NO-ASSERTIONS
iam	rbac-subject-channel-equivalence	IAM-CH-GRP-NONMEMBER-DENY :: member-reads	NO-ASSERTIONS
iam	rbac-subject-channel-equivalence	IAM-CH-GRP-NONMEMBER-DENY :: member-reads	NO-ASSERTIONS
iam	rbac-subject-channel-equivalence	IAM-CH-GRP-NONMEMBER-DENY :: member-reads	NO-ASSERTIONS
iam	rbac-subject-channel-equivalence	IAM-CH-GRP-NONMEMBER-DENY :: member-reads	NO-ASSERTIONS
iam	rbac-subject-channel-equivalence	IAM-CH-GRP-NONMEMBER-DENY :: member-reads	NO-ASSERTIONS
iam	rbac-subject-channel-equivalence	IAM-CH-GRP-NONMEMBER-DENY :: member-reads	NO-ASSERTIONS
iam	rbac-subject-channel-equivalence	IAM-CH-GRP-NONMEMBER-DENY :: member-reads	NO-ASSERTIONS
iam	rbac-subject-channel-equivalence	IAM-CH-GRP-NONMEMBER-DENY :: member-reads	NO-ASSERTIONS
iam	rbac-subject-channel-equivalence	IAM-CH-GRP-NONMEMBER-DENY :: member-reads	NO-ASSERTIONS
iam	rbac-subject-channel-equivalence	IAM-CH-GRP-NONMEMBER-DENY :: member-reads	NO-ASSERTIONS
iam	rbac-subject-channel-equivalence	IAM-CH-GRP-NONMEMBER-DENY :: member-reads	NO-ASSERTIONS
iam	rbac-subject-channel-equivalence	IAM-CH-GRP-NONMEMBER-DENY :: member-reads	NO-ASSERTIONS
iam	rbac-subject-channel-equivalence	IAM-CH-GRP-NONMEMBER-DENY :: member-reads	NO-ASSERTIONS
iam	rbac-subject-channel-equivalence	IAM-CH-GRP-NONMEMBER-DENY :: member-reads	NO-ASSERTIONS
iam	rbac-subject-channel-equivalence	IAM-CH-GRP-NONMEMBER-DENY :: member-reads	NO-ASSERTIONS
iam	rbac-subject-channel-equivalence	IAM-CH-GRP-NONMEMBER-DENY :: member-reads	NO-ASSERTIONS
iam	rbac-subject-channel-equivalence	IAM-CH-GRP-NONMEMBER-DENY :: member-reads	NO-ASSERTIONS
iam	rbac-subject-channel-equivalence	IAM-CH-GRP-NONMEMBER-DENY :: member-reads	NO-ASSERTIONS
iam	rbac-subject-channel-equivalence	IAM-CH-GRP-NONMEMBER-DENY :: member-reads	NO-ASSERTIONS
iam	rbac-subject-channel-equivalence	IAM-CH-GRP-NONMEMBER-DENY :: member-reads	NO-ASSERTIONS
iam	rbac-subject-channel-equivalence	IAM-CH-GRP-NONMEMBER-DENY :: member-reads	RED
iam	rbac-subject-channel-equivalence	IAM-CH-GRP-NONMEMBER-DENY :: nonmember-denied	GREEN
iam	rbac-subject-channel-equivalence	IAM-CH-GRP-NONMEMBER-DENY :: poll-chgNmAddOp	GREEN
iam	rbac-subject-channel-equivalence	IAM-CH-GRP-NONMEMBER-DENY :: poll-chgNmBindOp	GREEN
iam	rbac-subject-channel-equivalence	IAM-CH-GRP-NONMEMBER-DENY :: poll-chgNmGrpOp	GREEN
iam	rbac-subject-channel-equivalence	IAM-CH-GRP-NONMEMBER-DENY :: poll-chgNmGrpOp	GREEN
iam	rbac-subject-channel-equivalence	IAM-CH-GRP-NONMEMBER-DENY :: teardown-nonmem-gone	GREEN
iam	rbac-subject-channel-equivalence	IAM-CH-GRP-NONMEMBER-DENY :: teardown-nonmem-revoke-await	NO-ASSERTIONS
iam	rbac-subject-channel-equivalence	IAM-CH-GRP-NONMEMBER-DENY :: teardown-nonmem-revoke-await	NO-ASSERTIONS
iam	rbac-subject-channel-equivalence	IAM-CH-GRP-NONMEMBER-DENY :: teardown-nonmem-revoke-await	NO-ASSERTIONS
iam	rbac-subject-channel-equivalence	IAM-CH-GRP-NONMEMBER-DENY :: teardown-nonmem-revoke-await	NO-ASSERTIONS
iam	rbac-subject-channel-equivalence	IAM-CH-GRP-NONMEMBER-DENY :: teardown-nonmem-revoke-await	NO-ASSERTIONS
iam	rbac-subject-channel-equivalence	IAM-CH-GRP-NONMEMBER-DENY :: teardown-nonmem-revoke-await	NO-ASSERTIONS
iam	rbac-subject-channel-equivalence	IAM-CH-GRP-NONMEMBER-DENY :: teardown-nonmem-revoke-await	NO-ASSERTIONS
iam	rbac-subject-channel-equivalence	IAM-CH-GRP-NONMEMBER-DENY :: teardown-nonmem-revoke-await	NO-ASSERTIONS
iam	rbac-subject-channel-equivalence	IAM-CH-GRP-NONMEMBER-DENY :: teardown-nonmem-revoke-await	NO-ASSERTIONS
iam	rbac-subject-channel-equivalence	IAM-CH-GRP-NONMEMBER-DENY :: teardown-nonmem-revoke-await	NO-ASSERTIONS
iam	rbac-subject-channel-equivalence	IAM-CH-GRP-NONMEMBER-DENY :: teardown-nonmem-revoke-await	NO-ASSERTIONS
iam	rbac-subject-channel-equivalence	IAM-CH-GRP-NONMEMBER-DENY :: teardown-nonmem-revoke	GREEN
iam	rbac-subject-channel-equivalence	IAM-CH-GRP-REVOKE-BINDING-OK :: add-member	GREEN
iam	rbac-subject-channel-equivalence	IAM-CH-GRP-REVOKE-BINDING-OK :: create-group	GREEN
iam	rbac-subject-channel-equivalence	IAM-CH-GRP-REVOKE-BINDING-OK :: grant-group	GREEN
iam	rbac-subject-channel-equivalence	IAM-CH-GRP-REVOKE-BINDING-OK :: member-reads	NO-ASSERTIONS
iam	rbac-subject-channel-equivalence	IAM-CH-GRP-REVOKE-BINDING-OK :: member-reads	NO-ASSERTIONS
iam	rbac-subject-channel-equivalence	IAM-CH-GRP-REVOKE-BINDING-OK :: member-reads	NO-ASSERTIONS
iam	rbac-subject-channel-equivalence	IAM-CH-GRP-REVOKE-BINDING-OK :: member-reads	NO-ASSERTIONS
iam	rbac-subject-channel-equivalence	IAM-CH-GRP-REVOKE-BINDING-OK :: member-reads	NO-ASSERTIONS
iam	rbac-subject-channel-equivalence	IAM-CH-GRP-REVOKE-BINDING-OK :: member-reads	NO-ASSERTIONS
iam	rbac-subject-channel-equivalence	IAM-CH-GRP-REVOKE-BINDING-OK :: member-reads	NO-ASSERTIONS
iam	rbac-subject-channel-equivalence	IAM-CH-GRP-REVOKE-BINDING-OK :: member-reads	NO-ASSERTIONS
iam	rbac-subject-channel-equivalence	IAM-CH-GRP-REVOKE-BINDING-OK :: member-reads	NO-ASSERTIONS
iam	rbac-subject-channel-equivalence	IAM-CH-GRP-REVOKE-BINDING-OK :: member-reads	NO-ASSERTIONS
iam	rbac-subject-channel-equivalence	IAM-CH-GRP-REVOKE-BINDING-OK :: member-reads	NO-ASSERTIONS
iam	rbac-subject-channel-equivalence	IAM-CH-GRP-REVOKE-BINDING-OK :: member-reads	NO-ASSERTIONS
iam	rbac-subject-channel-equivalence	IAM-CH-GRP-REVOKE-BINDING-OK :: member-reads	NO-ASSERTIONS
iam	rbac-subject-channel-equivalence	IAM-CH-GRP-REVOKE-BINDING-OK :: member-reads	NO-ASSERTIONS
iam	rbac-subject-channel-equivalence	IAM-CH-GRP-REVOKE-BINDING-OK :: member-reads	NO-ASSERTIONS
iam	rbac-subject-channel-equivalence	IAM-CH-GRP-REVOKE-BINDING-OK :: member-reads	NO-ASSERTIONS
iam	rbac-subject-channel-equivalence	IAM-CH-GRP-REVOKE-BINDING-OK :: member-reads	NO-ASSERTIONS
iam	rbac-subject-channel-equivalence	IAM-CH-GRP-REVOKE-BINDING-OK :: member-reads	NO-ASSERTIONS
iam	rbac-subject-channel-equivalence	IAM-CH-GRP-REVOKE-BINDING-OK :: member-reads	NO-ASSERTIONS
iam	rbac-subject-channel-equivalence	IAM-CH-GRP-REVOKE-BINDING-OK :: member-reads	NO-ASSERTIONS
iam	rbac-subject-channel-equivalence	IAM-CH-GRP-REVOKE-BINDING-OK :: member-reads	NO-ASSERTIONS
iam	rbac-subject-channel-equivalence	IAM-CH-GRP-REVOKE-BINDING-OK :: member-reads	NO-ASSERTIONS
iam	rbac-subject-channel-equivalence	IAM-CH-GRP-REVOKE-BINDING-OK :: member-reads	NO-ASSERTIONS
iam	rbac-subject-channel-equivalence	IAM-CH-GRP-REVOKE-BINDING-OK :: member-reads	NO-ASSERTIONS
iam	rbac-subject-channel-equivalence	IAM-CH-GRP-REVOKE-BINDING-OK :: member-reads	NO-ASSERTIONS
iam	rbac-subject-channel-equivalence	IAM-CH-GRP-REVOKE-BINDING-OK :: member-reads	NO-ASSERTIONS
iam	rbac-subject-channel-equivalence	IAM-CH-GRP-REVOKE-BINDING-OK :: member-reads	NO-ASSERTIONS
iam	rbac-subject-channel-equivalence	IAM-CH-GRP-REVOKE-BINDING-OK :: member-reads	NO-ASSERTIONS
iam	rbac-subject-channel-equivalence	IAM-CH-GRP-REVOKE-BINDING-OK :: member-reads	NO-ASSERTIONS
iam	rbac-subject-channel-equivalence	IAM-CH-GRP-REVOKE-BINDING-OK :: member-reads	NO-ASSERTIONS
iam	rbac-subject-channel-equivalence	IAM-CH-GRP-REVOKE-BINDING-OK :: member-reads	NO-ASSERTIONS
iam	rbac-subject-channel-equivalence	IAM-CH-GRP-REVOKE-BINDING-OK :: member-reads	NO-ASSERTIONS
iam	rbac-subject-channel-equivalence	IAM-CH-GRP-REVOKE-BINDING-OK :: member-reads	NO-ASSERTIONS
iam	rbac-subject-channel-equivalence	IAM-CH-GRP-REVOKE-BINDING-OK :: member-reads	NO-ASSERTIONS
iam	rbac-subject-channel-equivalence	IAM-CH-GRP-REVOKE-BINDING-OK :: member-reads	NO-ASSERTIONS
iam	rbac-subject-channel-equivalence	IAM-CH-GRP-REVOKE-BINDING-OK :: member-reads	NO-ASSERTIONS
iam	rbac-subject-channel-equivalence	IAM-CH-GRP-REVOKE-BINDING-OK :: member-reads	NO-ASSERTIONS
iam	rbac-subject-channel-equivalence	IAM-CH-GRP-REVOKE-BINDING-OK :: member-reads	NO-ASSERTIONS
iam	rbac-subject-channel-equivalence	IAM-CH-GRP-REVOKE-BINDING-OK :: member-reads	NO-ASSERTIONS
iam	rbac-subject-channel-equivalence	IAM-CH-GRP-REVOKE-BINDING-OK :: member-reads	NO-ASSERTIONS
iam	rbac-subject-channel-equivalence	IAM-CH-GRP-REVOKE-BINDING-OK :: member-reads	NO-ASSERTIONS
iam	rbac-subject-channel-equivalence	IAM-CH-GRP-REVOKE-BINDING-OK :: member-reads	NO-ASSERTIONS
iam	rbac-subject-channel-equivalence	IAM-CH-GRP-REVOKE-BINDING-OK :: member-reads	NO-ASSERTIONS
iam	rbac-subject-channel-equivalence	IAM-CH-GRP-REVOKE-BINDING-OK :: member-reads	NO-ASSERTIONS
iam	rbac-subject-channel-equivalence	IAM-CH-GRP-REVOKE-BINDING-OK :: member-reads	NO-ASSERTIONS
iam	rbac-subject-channel-equivalence	IAM-CH-GRP-REVOKE-BINDING-OK :: member-reads	NO-ASSERTIONS
iam	rbac-subject-channel-equivalence	IAM-CH-GRP-REVOKE-BINDING-OK :: member-reads	NO-ASSERTIONS
iam	rbac-subject-channel-equivalence	IAM-CH-GRP-REVOKE-BINDING-OK :: member-reads	NO-ASSERTIONS
iam	rbac-subject-channel-equivalence	IAM-CH-GRP-REVOKE-BINDING-OK :: member-reads	NO-ASSERTIONS
iam	rbac-subject-channel-equivalence	IAM-CH-GRP-REVOKE-BINDING-OK :: member-reads	NO-ASSERTIONS
iam	rbac-subject-channel-equivalence	IAM-CH-GRP-REVOKE-BINDING-OK :: member-reads	NO-ASSERTIONS
iam	rbac-subject-channel-equivalence	IAM-CH-GRP-REVOKE-BINDING-OK :: member-reads	NO-ASSERTIONS
iam	rbac-subject-channel-equivalence	IAM-CH-GRP-REVOKE-BINDING-OK :: member-reads	NO-ASSERTIONS
iam	rbac-subject-channel-equivalence	IAM-CH-GRP-REVOKE-BINDING-OK :: member-reads	NO-ASSERTIONS
iam	rbac-subject-channel-equivalence	IAM-CH-GRP-REVOKE-BINDING-OK :: member-reads	NO-ASSERTIONS
iam	rbac-subject-channel-equivalence	IAM-CH-GRP-REVOKE-BINDING-OK :: member-reads	NO-ASSERTIONS
iam	rbac-subject-channel-equivalence	IAM-CH-GRP-REVOKE-BINDING-OK :: member-reads	NO-ASSERTIONS
iam	rbac-subject-channel-equivalence	IAM-CH-GRP-REVOKE-BINDING-OK :: member-reads	NO-ASSERTIONS
iam	rbac-subject-channel-equivalence	IAM-CH-GRP-REVOKE-BINDING-OK :: member-reads	NO-ASSERTIONS
iam	rbac-subject-channel-equivalence	IAM-CH-GRP-REVOKE-BINDING-OK :: member-reads	NO-ASSERTIONS
iam	rbac-subject-channel-equivalence	IAM-CH-GRP-REVOKE-BINDING-OK :: member-reads	NO-ASSERTIONS
iam	rbac-subject-channel-equivalence	IAM-CH-GRP-REVOKE-BINDING-OK :: member-reads	NO-ASSERTIONS
iam	rbac-subject-channel-equivalence	IAM-CH-GRP-REVOKE-BINDING-OK :: member-reads	NO-ASSERTIONS
iam	rbac-subject-channel-equivalence	IAM-CH-GRP-REVOKE-BINDING-OK :: member-reads	NO-ASSERTIONS
iam	rbac-subject-channel-equivalence	IAM-CH-GRP-REVOKE-BINDING-OK :: member-reads	NO-ASSERTIONS
iam	rbac-subject-channel-equivalence	IAM-CH-GRP-REVOKE-BINDING-OK :: member-reads	NO-ASSERTIONS
iam	rbac-subject-channel-equivalence	IAM-CH-GRP-REVOKE-BINDING-OK :: member-reads	NO-ASSERTIONS
iam	rbac-subject-channel-equivalence	IAM-CH-GRP-REVOKE-BINDING-OK :: member-reads	NO-ASSERTIONS
iam	rbac-subject-channel-equivalence	IAM-CH-GRP-REVOKE-BINDING-OK :: member-reads	NO-ASSERTIONS
iam	rbac-subject-channel-equivalence	IAM-CH-GRP-REVOKE-BINDING-OK :: member-reads	NO-ASSERTIONS
iam	rbac-subject-channel-equivalence	IAM-CH-GRP-REVOKE-BINDING-OK :: member-reads	NO-ASSERTIONS
iam	rbac-subject-channel-equivalence	IAM-CH-GRP-REVOKE-BINDING-OK :: member-reads	NO-ASSERTIONS
iam	rbac-subject-channel-equivalence	IAM-CH-GRP-REVOKE-BINDING-OK :: member-reads	NO-ASSERTIONS
iam	rbac-subject-channel-equivalence	IAM-CH-GRP-REVOKE-BINDING-OK :: member-reads	NO-ASSERTIONS
iam	rbac-subject-channel-equivalence	IAM-CH-GRP-REVOKE-BINDING-OK :: member-reads	NO-ASSERTIONS
iam	rbac-subject-channel-equivalence	IAM-CH-GRP-REVOKE-BINDING-OK :: member-reads	NO-ASSERTIONS
iam	rbac-subject-channel-equivalence	IAM-CH-GRP-REVOKE-BINDING-OK :: member-reads	NO-ASSERTIONS
iam	rbac-subject-channel-equivalence	IAM-CH-GRP-REVOKE-BINDING-OK :: member-reads	NO-ASSERTIONS
iam	rbac-subject-channel-equivalence	IAM-CH-GRP-REVOKE-BINDING-OK :: member-reads	NO-ASSERTIONS
iam	rbac-subject-channel-equivalence	IAM-CH-GRP-REVOKE-BINDING-OK :: member-reads	NO-ASSERTIONS
iam	rbac-subject-channel-equivalence	IAM-CH-GRP-REVOKE-BINDING-OK :: member-reads	NO-ASSERTIONS
iam	rbac-subject-channel-equivalence	IAM-CH-GRP-REVOKE-BINDING-OK :: member-reads	NO-ASSERTIONS
iam	rbac-subject-channel-equivalence	IAM-CH-GRP-REVOKE-BINDING-OK :: member-reads	NO-ASSERTIONS
iam	rbac-subject-channel-equivalence	IAM-CH-GRP-REVOKE-BINDING-OK :: member-reads	NO-ASSERTIONS
iam	rbac-subject-channel-equivalence	IAM-CH-GRP-REVOKE-BINDING-OK :: member-reads	NO-ASSERTIONS
iam	rbac-subject-channel-equivalence	IAM-CH-GRP-REVOKE-BINDING-OK :: member-reads	NO-ASSERTIONS
iam	rbac-subject-channel-equivalence	IAM-CH-GRP-REVOKE-BINDING-OK :: member-reads	NO-ASSERTIONS
iam	rbac-subject-channel-equivalence	IAM-CH-GRP-REVOKE-BINDING-OK :: member-reads	NO-ASSERTIONS
iam	rbac-subject-channel-equivalence	IAM-CH-GRP-REVOKE-BINDING-OK :: member-reads	NO-ASSERTIONS
iam	rbac-subject-channel-equivalence	IAM-CH-GRP-REVOKE-BINDING-OK :: member-reads	NO-ASSERTIONS
iam	rbac-subject-channel-equivalence	IAM-CH-GRP-REVOKE-BINDING-OK :: member-reads	NO-ASSERTIONS
iam	rbac-subject-channel-equivalence	IAM-CH-GRP-REVOKE-BINDING-OK :: member-reads	NO-ASSERTIONS
iam	rbac-subject-channel-equivalence	IAM-CH-GRP-REVOKE-BINDING-OK :: member-reads	NO-ASSERTIONS
iam	rbac-subject-channel-equivalence	IAM-CH-GRP-REVOKE-BINDING-OK :: member-reads	NO-ASSERTIONS
iam	rbac-subject-channel-equivalence	IAM-CH-GRP-REVOKE-BINDING-OK :: member-reads	NO-ASSERTIONS
iam	rbac-subject-channel-equivalence	IAM-CH-GRP-REVOKE-BINDING-OK :: member-reads	NO-ASSERTIONS
iam	rbac-subject-channel-equivalence	IAM-CH-GRP-REVOKE-BINDING-OK :: member-reads	NO-ASSERTIONS
iam	rbac-subject-channel-equivalence	IAM-CH-GRP-REVOKE-BINDING-OK :: member-reads	NO-ASSERTIONS
iam	rbac-subject-channel-equivalence	IAM-CH-GRP-REVOKE-BINDING-OK :: member-reads	NO-ASSERTIONS
iam	rbac-subject-channel-equivalence	IAM-CH-GRP-REVOKE-BINDING-OK :: member-reads	NO-ASSERTIONS
iam	rbac-subject-channel-equivalence	IAM-CH-GRP-REVOKE-BINDING-OK :: member-reads	NO-ASSERTIONS
iam	rbac-subject-channel-equivalence	IAM-CH-GRP-REVOKE-BINDING-OK :: member-reads	NO-ASSERTIONS
iam	rbac-subject-channel-equivalence	IAM-CH-GRP-REVOKE-BINDING-OK :: member-reads	NO-ASSERTIONS
iam	rbac-subject-channel-equivalence	IAM-CH-GRP-REVOKE-BINDING-OK :: member-reads	NO-ASSERTIONS
iam	rbac-subject-channel-equivalence	IAM-CH-GRP-REVOKE-BINDING-OK :: member-reads	NO-ASSERTIONS
iam	rbac-subject-channel-equivalence	IAM-CH-GRP-REVOKE-BINDING-OK :: member-reads	NO-ASSERTIONS
iam	rbac-subject-channel-equivalence	IAM-CH-GRP-REVOKE-BINDING-OK :: member-reads	NO-ASSERTIONS
iam	rbac-subject-channel-equivalence	IAM-CH-GRP-REVOKE-BINDING-OK :: member-reads	NO-ASSERTIONS
iam	rbac-subject-channel-equivalence	IAM-CH-GRP-REVOKE-BINDING-OK :: member-reads	NO-ASSERTIONS
iam	rbac-subject-channel-equivalence	IAM-CH-GRP-REVOKE-BINDING-OK :: member-reads	NO-ASSERTIONS
iam	rbac-subject-channel-equivalence	IAM-CH-GRP-REVOKE-BINDING-OK :: member-reads	NO-ASSERTIONS
iam	rbac-subject-channel-equivalence	IAM-CH-GRP-REVOKE-BINDING-OK :: member-reads	NO-ASSERTIONS
iam	rbac-subject-channel-equivalence	IAM-CH-GRP-REVOKE-BINDING-OK :: member-reads	NO-ASSERTIONS
iam	rbac-subject-channel-equivalence	IAM-CH-GRP-REVOKE-BINDING-OK :: member-reads	NO-ASSERTIONS
iam	rbac-subject-channel-equivalence	IAM-CH-GRP-REVOKE-BINDING-OK :: member-reads	NO-ASSERTIONS
iam	rbac-subject-channel-equivalence	IAM-CH-GRP-REVOKE-BINDING-OK :: member-reads	NO-ASSERTIONS
iam	rbac-subject-channel-equivalence	IAM-CH-GRP-REVOKE-BINDING-OK :: member-reads	NO-ASSERTIONS
iam	rbac-subject-channel-equivalence	IAM-CH-GRP-REVOKE-BINDING-OK :: member-reads	NO-ASSERTIONS
iam	rbac-subject-channel-equivalence	IAM-CH-GRP-REVOKE-BINDING-OK :: member-reads	NO-ASSERTIONS
iam	rbac-subject-channel-equivalence	IAM-CH-GRP-REVOKE-BINDING-OK :: member-reads	NO-ASSERTIONS
iam	rbac-subject-channel-equivalence	IAM-CH-GRP-REVOKE-BINDING-OK :: member-reads	NO-ASSERTIONS
iam	rbac-subject-channel-equivalence	IAM-CH-GRP-REVOKE-BINDING-OK :: member-reads	NO-ASSERTIONS
iam	rbac-subject-channel-equivalence	IAM-CH-GRP-REVOKE-BINDING-OK :: member-reads	NO-ASSERTIONS
iam	rbac-subject-channel-equivalence	IAM-CH-GRP-REVOKE-BINDING-OK :: member-reads	NO-ASSERTIONS
iam	rbac-subject-channel-equivalence	IAM-CH-GRP-REVOKE-BINDING-OK :: member-reads	NO-ASSERTIONS
iam	rbac-subject-channel-equivalence	IAM-CH-GRP-REVOKE-BINDING-OK :: member-reads	NO-ASSERTIONS
iam	rbac-subject-channel-equivalence	IAM-CH-GRP-REVOKE-BINDING-OK :: member-reads	NO-ASSERTIONS
iam	rbac-subject-channel-equivalence	IAM-CH-GRP-REVOKE-BINDING-OK :: member-reads	NO-ASSERTIONS
iam	rbac-subject-channel-equivalence	IAM-CH-GRP-REVOKE-BINDING-OK :: member-reads	NO-ASSERTIONS
iam	rbac-subject-channel-equivalence	IAM-CH-GRP-REVOKE-BINDING-OK :: member-reads	NO-ASSERTIONS
iam	rbac-subject-channel-equivalence	IAM-CH-GRP-REVOKE-BINDING-OK :: member-reads	NO-ASSERTIONS
iam	rbac-subject-channel-equivalence	IAM-CH-GRP-REVOKE-BINDING-OK :: member-reads	NO-ASSERTIONS
iam	rbac-subject-channel-equivalence	IAM-CH-GRP-REVOKE-BINDING-OK :: member-reads	NO-ASSERTIONS
iam	rbac-subject-channel-equivalence	IAM-CH-GRP-REVOKE-BINDING-OK :: member-reads	NO-ASSERTIONS
iam	rbac-subject-channel-equivalence	IAM-CH-GRP-REVOKE-BINDING-OK :: member-reads	NO-ASSERTIONS
iam	rbac-subject-channel-equivalence	IAM-CH-GRP-REVOKE-BINDING-OK :: member-reads	NO-ASSERTIONS
iam	rbac-subject-channel-equivalence	IAM-CH-GRP-REVOKE-BINDING-OK :: member-reads	NO-ASSERTIONS
iam	rbac-subject-channel-equivalence	IAM-CH-GRP-REVOKE-BINDING-OK :: member-reads	NO-ASSERTIONS
iam	rbac-subject-channel-equivalence	IAM-CH-GRP-REVOKE-BINDING-OK :: member-reads	NO-ASSERTIONS
iam	rbac-subject-channel-equivalence	IAM-CH-GRP-REVOKE-BINDING-OK :: member-reads	NO-ASSERTIONS
iam	rbac-subject-channel-equivalence	IAM-CH-GRP-REVOKE-BINDING-OK :: member-reads	NO-ASSERTIONS
iam	rbac-subject-channel-equivalence	IAM-CH-GRP-REVOKE-BINDING-OK :: member-reads	NO-ASSERTIONS
iam	rbac-subject-channel-equivalence	IAM-CH-GRP-REVOKE-BINDING-OK :: member-reads	NO-ASSERTIONS
iam	rbac-subject-channel-equivalence	IAM-CH-GRP-REVOKE-BINDING-OK :: member-reads	NO-ASSERTIONS
iam	rbac-subject-channel-equivalence	IAM-CH-GRP-REVOKE-BINDING-OK :: member-reads	NO-ASSERTIONS
iam	rbac-subject-channel-equivalence	IAM-CH-GRP-REVOKE-BINDING-OK :: member-reads	NO-ASSERTIONS
iam	rbac-subject-channel-equivalence	IAM-CH-GRP-REVOKE-BINDING-OK :: member-reads	NO-ASSERTIONS
iam	rbac-subject-channel-equivalence	IAM-CH-GRP-REVOKE-BINDING-OK :: member-reads	NO-ASSERTIONS
iam	rbac-subject-channel-equivalence	IAM-CH-GRP-REVOKE-BINDING-OK :: member-reads	NO-ASSERTIONS
iam	rbac-subject-channel-equivalence	IAM-CH-GRP-REVOKE-BINDING-OK :: member-reads	NO-ASSERTIONS
iam	rbac-subject-channel-equivalence	IAM-CH-GRP-REVOKE-BINDING-OK :: member-reads	NO-ASSERTIONS
iam	rbac-subject-channel-equivalence	IAM-CH-GRP-REVOKE-BINDING-OK :: member-reads	NO-ASSERTIONS
iam	rbac-subject-channel-equivalence	IAM-CH-GRP-REVOKE-BINDING-OK :: member-reads	NO-ASSERTIONS
iam	rbac-subject-channel-equivalence	IAM-CH-GRP-REVOKE-BINDING-OK :: member-reads	NO-ASSERTIONS
iam	rbac-subject-channel-equivalence	IAM-CH-GRP-REVOKE-BINDING-OK :: member-reads	NO-ASSERTIONS
iam	rbac-subject-channel-equivalence	IAM-CH-GRP-REVOKE-BINDING-OK :: member-reads	NO-ASSERTIONS
iam	rbac-subject-channel-equivalence	IAM-CH-GRP-REVOKE-BINDING-OK :: member-reads	NO-ASSERTIONS
iam	rbac-subject-channel-equivalence	IAM-CH-GRP-REVOKE-BINDING-OK :: member-reads	NO-ASSERTIONS
iam	rbac-subject-channel-equivalence	IAM-CH-GRP-REVOKE-BINDING-OK :: member-reads	NO-ASSERTIONS
iam	rbac-subject-channel-equivalence	IAM-CH-GRP-REVOKE-BINDING-OK :: member-reads	NO-ASSERTIONS
iam	rbac-subject-channel-equivalence	IAM-CH-GRP-REVOKE-BINDING-OK :: member-reads	NO-ASSERTIONS
iam	rbac-subject-channel-equivalence	IAM-CH-GRP-REVOKE-BINDING-OK :: member-reads	NO-ASSERTIONS
iam	rbac-subject-channel-equivalence	IAM-CH-GRP-REVOKE-BINDING-OK :: member-reads	NO-ASSERTIONS
iam	rbac-subject-channel-equivalence	IAM-CH-GRP-REVOKE-BINDING-OK :: member-reads	NO-ASSERTIONS
iam	rbac-subject-channel-equivalence	IAM-CH-GRP-REVOKE-BINDING-OK :: member-reads	NO-ASSERTIONS
iam	rbac-subject-channel-equivalence	IAM-CH-GRP-REVOKE-BINDING-OK :: member-reads	NO-ASSERTIONS
iam	rbac-subject-channel-equivalence	IAM-CH-GRP-REVOKE-BINDING-OK :: member-reads	NO-ASSERTIONS
iam	rbac-subject-channel-equivalence	IAM-CH-GRP-REVOKE-BINDING-OK :: member-reads	NO-ASSERTIONS
iam	rbac-subject-channel-equivalence	IAM-CH-GRP-REVOKE-BINDING-OK :: member-reads	NO-ASSERTIONS
iam	rbac-subject-channel-equivalence	IAM-CH-GRP-REVOKE-BINDING-OK :: member-reads	NO-ASSERTIONS
iam	rbac-subject-channel-equivalence	IAM-CH-GRP-REVOKE-BINDING-OK :: member-reads	NO-ASSERTIONS
iam	rbac-subject-channel-equivalence	IAM-CH-GRP-REVOKE-BINDING-OK :: member-reads	NO-ASSERTIONS
iam	rbac-subject-channel-equivalence	IAM-CH-GRP-REVOKE-BINDING-OK :: member-reads	NO-ASSERTIONS
iam	rbac-subject-channel-equivalence	IAM-CH-GRP-REVOKE-BINDING-OK :: member-reads	NO-ASSERTIONS
iam	rbac-subject-channel-equivalence	IAM-CH-GRP-REVOKE-BINDING-OK :: member-reads	NO-ASSERTIONS
iam	rbac-subject-channel-equivalence	IAM-CH-GRP-REVOKE-BINDING-OK :: member-reads	NO-ASSERTIONS
iam	rbac-subject-channel-equivalence	IAM-CH-GRP-REVOKE-BINDING-OK :: member-reads	NO-ASSERTIONS
iam	rbac-subject-channel-equivalence	IAM-CH-GRP-REVOKE-BINDING-OK :: member-reads	NO-ASSERTIONS
iam	rbac-subject-channel-equivalence	IAM-CH-GRP-REVOKE-BINDING-OK :: member-reads	NO-ASSERTIONS
iam	rbac-subject-channel-equivalence	IAM-CH-GRP-REVOKE-BINDING-OK :: member-reads	NO-ASSERTIONS
iam	rbac-subject-channel-equivalence	IAM-CH-GRP-REVOKE-BINDING-OK :: member-reads	NO-ASSERTIONS
iam	rbac-subject-channel-equivalence	IAM-CH-GRP-REVOKE-BINDING-OK :: member-reads	NO-ASSERTIONS
iam	rbac-subject-channel-equivalence	IAM-CH-GRP-REVOKE-BINDING-OK :: member-reads	NO-ASSERTIONS
iam	rbac-subject-channel-equivalence	IAM-CH-GRP-REVOKE-BINDING-OK :: member-reads	NO-ASSERTIONS
iam	rbac-subject-channel-equivalence	IAM-CH-GRP-REVOKE-BINDING-OK :: member-reads	NO-ASSERTIONS
iam	rbac-subject-channel-equivalence	IAM-CH-GRP-REVOKE-BINDING-OK :: member-reads	NO-ASSERTIONS
iam	rbac-subject-channel-equivalence	IAM-CH-GRP-REVOKE-BINDING-OK :: member-reads	NO-ASSERTIONS
iam	rbac-subject-channel-equivalence	IAM-CH-GRP-REVOKE-BINDING-OK :: member-reads	NO-ASSERTIONS
iam	rbac-subject-channel-equivalence	IAM-CH-GRP-REVOKE-BINDING-OK :: member-reads	NO-ASSERTIONS
iam	rbac-subject-channel-equivalence	IAM-CH-GRP-REVOKE-BINDING-OK :: member-reads	NO-ASSERTIONS
iam	rbac-subject-channel-equivalence	IAM-CH-GRP-REVOKE-BINDING-OK :: member-reads	NO-ASSERTIONS
iam	rbac-subject-channel-equivalence	IAM-CH-GRP-REVOKE-BINDING-OK :: member-reads	NO-ASSERTIONS
iam	rbac-subject-channel-equivalence	IAM-CH-GRP-REVOKE-BINDING-OK :: member-reads	NO-ASSERTIONS
iam	rbac-subject-channel-equivalence	IAM-CH-GRP-REVOKE-BINDING-OK :: member-reads	NO-ASSERTIONS
iam	rbac-subject-channel-equivalence	IAM-CH-GRP-REVOKE-BINDING-OK :: member-reads	NO-ASSERTIONS
iam	rbac-subject-channel-equivalence	IAM-CH-GRP-REVOKE-BINDING-OK :: member-reads	NO-ASSERTIONS
iam	rbac-subject-channel-equivalence	IAM-CH-GRP-REVOKE-BINDING-OK :: member-reads	NO-ASSERTIONS
iam	rbac-subject-channel-equivalence	IAM-CH-GRP-REVOKE-BINDING-OK :: member-reads	NO-ASSERTIONS
iam	rbac-subject-channel-equivalence	IAM-CH-GRP-REVOKE-BINDING-OK :: member-reads	NO-ASSERTIONS
iam	rbac-subject-channel-equivalence	IAM-CH-GRP-REVOKE-BINDING-OK :: member-reads	NO-ASSERTIONS
iam	rbac-subject-channel-equivalence	IAM-CH-GRP-REVOKE-BINDING-OK :: member-reads	NO-ASSERTIONS
iam	rbac-subject-channel-equivalence	IAM-CH-GRP-REVOKE-BINDING-OK :: member-reads	NO-ASSERTIONS
iam	rbac-subject-channel-equivalence	IAM-CH-GRP-REVOKE-BINDING-OK :: member-reads	NO-ASSERTIONS
iam	rbac-subject-channel-equivalence	IAM-CH-GRP-REVOKE-BINDING-OK :: member-reads	NO-ASSERTIONS
iam	rbac-subject-channel-equivalence	IAM-CH-GRP-REVOKE-BINDING-OK :: member-reads	NO-ASSERTIONS
iam	rbac-subject-channel-equivalence	IAM-CH-GRP-REVOKE-BINDING-OK :: member-reads	NO-ASSERTIONS
iam	rbac-subject-channel-equivalence	IAM-CH-GRP-REVOKE-BINDING-OK :: member-reads	NO-ASSERTIONS
iam	rbac-subject-channel-equivalence	IAM-CH-GRP-REVOKE-BINDING-OK :: member-reads	NO-ASSERTIONS
iam	rbac-subject-channel-equivalence	IAM-CH-GRP-REVOKE-BINDING-OK :: member-reads	NO-ASSERTIONS
iam	rbac-subject-channel-equivalence	IAM-CH-GRP-REVOKE-BINDING-OK :: member-reads	NO-ASSERTIONS
iam	rbac-subject-channel-equivalence	IAM-CH-GRP-REVOKE-BINDING-OK :: member-reads	NO-ASSERTIONS
iam	rbac-subject-channel-equivalence	IAM-CH-GRP-REVOKE-BINDING-OK :: member-reads	NO-ASSERTIONS
iam	rbac-subject-channel-equivalence	IAM-CH-GRP-REVOKE-BINDING-OK :: member-reads	NO-ASSERTIONS
iam	rbac-subject-channel-equivalence	IAM-CH-GRP-REVOKE-BINDING-OK :: member-reads	NO-ASSERTIONS
iam	rbac-subject-channel-equivalence	IAM-CH-GRP-REVOKE-BINDING-OK :: member-reads	NO-ASSERTIONS
iam	rbac-subject-channel-equivalence	IAM-CH-GRP-REVOKE-BINDING-OK :: member-reads	NO-ASSERTIONS
iam	rbac-subject-channel-equivalence	IAM-CH-GRP-REVOKE-BINDING-OK :: member-reads	NO-ASSERTIONS
iam	rbac-subject-channel-equivalence	IAM-CH-GRP-REVOKE-BINDING-OK :: member-reads	NO-ASSERTIONS
iam	rbac-subject-channel-equivalence	IAM-CH-GRP-REVOKE-BINDING-OK :: member-reads	NO-ASSERTIONS
iam	rbac-subject-channel-equivalence	IAM-CH-GRP-REVOKE-BINDING-OK :: member-reads	NO-ASSERTIONS
iam	rbac-subject-channel-equivalence	IAM-CH-GRP-REVOKE-BINDING-OK :: member-reads	NO-ASSERTIONS
iam	rbac-subject-channel-equivalence	IAM-CH-GRP-REVOKE-BINDING-OK :: member-reads	NO-ASSERTIONS
iam	rbac-subject-channel-equivalence	IAM-CH-GRP-REVOKE-BINDING-OK :: member-reads	NO-ASSERTIONS
iam	rbac-subject-channel-equivalence	IAM-CH-GRP-REVOKE-BINDING-OK :: member-reads	NO-ASSERTIONS
iam	rbac-subject-channel-equivalence	IAM-CH-GRP-REVOKE-BINDING-OK :: member-reads	NO-ASSERTIONS
iam	rbac-subject-channel-equivalence	IAM-CH-GRP-REVOKE-BINDING-OK :: member-reads	NO-ASSERTIONS
iam	rbac-subject-channel-equivalence	IAM-CH-GRP-REVOKE-BINDING-OK :: member-reads	NO-ASSERTIONS
iam	rbac-subject-channel-equivalence	IAM-CH-GRP-REVOKE-BINDING-OK :: member-reads	NO-ASSERTIONS
iam	rbac-subject-channel-equivalence	IAM-CH-GRP-REVOKE-BINDING-OK :: member-reads	NO-ASSERTIONS
iam	rbac-subject-channel-equivalence	IAM-CH-GRP-REVOKE-BINDING-OK :: member-reads	NO-ASSERTIONS
iam	rbac-subject-channel-equivalence	IAM-CH-GRP-REVOKE-BINDING-OK :: member-reads	NO-ASSERTIONS
iam	rbac-subject-channel-equivalence	IAM-CH-GRP-REVOKE-BINDING-OK :: member-reads	NO-ASSERTIONS
iam	rbac-subject-channel-equivalence	IAM-CH-GRP-REVOKE-BINDING-OK :: member-reads	NO-ASSERTIONS
iam	rbac-subject-channel-equivalence	IAM-CH-GRP-REVOKE-BINDING-OK :: member-reads	NO-ASSERTIONS
iam	rbac-subject-channel-equivalence	IAM-CH-GRP-REVOKE-BINDING-OK :: member-reads	NO-ASSERTIONS
iam	rbac-subject-channel-equivalence	IAM-CH-GRP-REVOKE-BINDING-OK :: member-reads	NO-ASSERTIONS
iam	rbac-subject-channel-equivalence	IAM-CH-GRP-REVOKE-BINDING-OK :: member-reads	NO-ASSERTIONS
iam	rbac-subject-channel-equivalence	IAM-CH-GRP-REVOKE-BINDING-OK :: member-reads	NO-ASSERTIONS
iam	rbac-subject-channel-equivalence	IAM-CH-GRP-REVOKE-BINDING-OK :: member-reads	NO-ASSERTIONS
iam	rbac-subject-channel-equivalence	IAM-CH-GRP-REVOKE-BINDING-OK :: member-reads	NO-ASSERTIONS
iam	rbac-subject-channel-equivalence	IAM-CH-GRP-REVOKE-BINDING-OK :: member-reads	NO-ASSERTIONS
iam	rbac-subject-channel-equivalence	IAM-CH-GRP-REVOKE-BINDING-OK :: member-reads	NO-ASSERTIONS
iam	rbac-subject-channel-equivalence	IAM-CH-GRP-REVOKE-BINDING-OK :: member-reads	NO-ASSERTIONS
iam	rbac-subject-channel-equivalence	IAM-CH-GRP-REVOKE-BINDING-OK :: member-reads	NO-ASSERTIONS
iam	rbac-subject-channel-equivalence	IAM-CH-GRP-REVOKE-BINDING-OK :: member-reads	NO-ASSERTIONS
iam	rbac-subject-channel-equivalence	IAM-CH-GRP-REVOKE-BINDING-OK :: member-reads	NO-ASSERTIONS
iam	rbac-subject-channel-equivalence	IAM-CH-GRP-REVOKE-BINDING-OK :: member-reads	NO-ASSERTIONS
iam	rbac-subject-channel-equivalence	IAM-CH-GRP-REVOKE-BINDING-OK :: member-reads	NO-ASSERTIONS
iam	rbac-subject-channel-equivalence	IAM-CH-GRP-REVOKE-BINDING-OK :: member-reads	NO-ASSERTIONS
iam	rbac-subject-channel-equivalence	IAM-CH-GRP-REVOKE-BINDING-OK :: member-reads	NO-ASSERTIONS
iam	rbac-subject-channel-equivalence	IAM-CH-GRP-REVOKE-BINDING-OK :: member-reads	NO-ASSERTIONS
iam	rbac-subject-channel-equivalence	IAM-CH-GRP-REVOKE-BINDING-OK :: member-reads	NO-ASSERTIONS
iam	rbac-subject-channel-equivalence	IAM-CH-GRP-REVOKE-BINDING-OK :: member-reads	NO-ASSERTIONS
iam	rbac-subject-channel-equivalence	IAM-CH-GRP-REVOKE-BINDING-OK :: member-reads	NO-ASSERTIONS
iam	rbac-subject-channel-equivalence	IAM-CH-GRP-REVOKE-BINDING-OK :: member-reads	NO-ASSERTIONS
iam	rbac-subject-channel-equivalence	IAM-CH-GRP-REVOKE-BINDING-OK :: member-reads	NO-ASSERTIONS
iam	rbac-subject-channel-equivalence	IAM-CH-GRP-REVOKE-BINDING-OK :: member-reads	NO-ASSERTIONS
iam	rbac-subject-channel-equivalence	IAM-CH-GRP-REVOKE-BINDING-OK :: member-reads	NO-ASSERTIONS
iam	rbac-subject-channel-equivalence	IAM-CH-GRP-REVOKE-BINDING-OK :: member-reads	NO-ASSERTIONS
iam	rbac-subject-channel-equivalence	IAM-CH-GRP-REVOKE-BINDING-OK :: member-reads	NO-ASSERTIONS
iam	rbac-subject-channel-equivalence	IAM-CH-GRP-REVOKE-BINDING-OK :: member-reads	NO-ASSERTIONS
iam	rbac-subject-channel-equivalence	IAM-CH-GRP-REVOKE-BINDING-OK :: member-reads	NO-ASSERTIONS
iam	rbac-subject-channel-equivalence	IAM-CH-GRP-REVOKE-BINDING-OK :: member-reads	NO-ASSERTIONS
iam	rbac-subject-channel-equivalence	IAM-CH-GRP-REVOKE-BINDING-OK :: member-reads	NO-ASSERTIONS
iam	rbac-subject-channel-equivalence	IAM-CH-GRP-REVOKE-BINDING-OK :: member-reads	NO-ASSERTIONS
iam	rbac-subject-channel-equivalence	IAM-CH-GRP-REVOKE-BINDING-OK :: member-reads	NO-ASSERTIONS
iam	rbac-subject-channel-equivalence	IAM-CH-GRP-REVOKE-BINDING-OK :: member-reads	NO-ASSERTIONS
iam	rbac-subject-channel-equivalence	IAM-CH-GRP-REVOKE-BINDING-OK :: member-reads	NO-ASSERTIONS
iam	rbac-subject-channel-equivalence	IAM-CH-GRP-REVOKE-BINDING-OK :: member-reads	NO-ASSERTIONS
iam	rbac-subject-channel-equivalence	IAM-CH-GRP-REVOKE-BINDING-OK :: member-reads	NO-ASSERTIONS
iam	rbac-subject-channel-equivalence	IAM-CH-GRP-REVOKE-BINDING-OK :: member-reads	NO-ASSERTIONS
iam	rbac-subject-channel-equivalence	IAM-CH-GRP-REVOKE-BINDING-OK :: member-reads	NO-ASSERTIONS
iam	rbac-subject-channel-equivalence	IAM-CH-GRP-REVOKE-BINDING-OK :: member-reads	NO-ASSERTIONS
iam	rbac-subject-channel-equivalence	IAM-CH-GRP-REVOKE-BINDING-OK :: member-reads	NO-ASSERTIONS
iam	rbac-subject-channel-equivalence	IAM-CH-GRP-REVOKE-BINDING-OK :: member-reads	NO-ASSERTIONS
iam	rbac-subject-channel-equivalence	IAM-CH-GRP-REVOKE-BINDING-OK :: member-reads	NO-ASSERTIONS
iam	rbac-subject-channel-equivalence	IAM-CH-GRP-REVOKE-BINDING-OK :: member-reads	NO-ASSERTIONS
iam	rbac-subject-channel-equivalence	IAM-CH-GRP-REVOKE-BINDING-OK :: member-reads	NO-ASSERTIONS
iam	rbac-subject-channel-equivalence	IAM-CH-GRP-REVOKE-BINDING-OK :: member-reads	NO-ASSERTIONS
iam	rbac-subject-channel-equivalence	IAM-CH-GRP-REVOKE-BINDING-OK :: member-reads	NO-ASSERTIONS
iam	rbac-subject-channel-equivalence	IAM-CH-GRP-REVOKE-BINDING-OK :: member-reads	NO-ASSERTIONS
iam	rbac-subject-channel-equivalence	IAM-CH-GRP-REVOKE-BINDING-OK :: member-reads	NO-ASSERTIONS
iam	rbac-subject-channel-equivalence	IAM-CH-GRP-REVOKE-BINDING-OK :: member-reads	NO-ASSERTIONS
iam	rbac-subject-channel-equivalence	IAM-CH-GRP-REVOKE-BINDING-OK :: member-reads	NO-ASSERTIONS
iam	rbac-subject-channel-equivalence	IAM-CH-GRP-REVOKE-BINDING-OK :: member-reads	NO-ASSERTIONS
iam	rbac-subject-channel-equivalence	IAM-CH-GRP-REVOKE-BINDING-OK :: member-reads	NO-ASSERTIONS
iam	rbac-subject-channel-equivalence	IAM-CH-GRP-REVOKE-BINDING-OK :: member-reads	NO-ASSERTIONS
iam	rbac-subject-channel-equivalence	IAM-CH-GRP-REVOKE-BINDING-OK :: member-reads	NO-ASSERTIONS
iam	rbac-subject-channel-equivalence	IAM-CH-GRP-REVOKE-BINDING-OK :: member-reads	NO-ASSERTIONS
iam	rbac-subject-channel-equivalence	IAM-CH-GRP-REVOKE-BINDING-OK :: member-reads	NO-ASSERTIONS
iam	rbac-subject-channel-equivalence	IAM-CH-GRP-REVOKE-BINDING-OK :: member-reads	NO-ASSERTIONS
iam	rbac-subject-channel-equivalence	IAM-CH-GRP-REVOKE-BINDING-OK :: member-reads	NO-ASSERTIONS
iam	rbac-subject-channel-equivalence	IAM-CH-GRP-REVOKE-BINDING-OK :: member-reads	NO-ASSERTIONS
iam	rbac-subject-channel-equivalence	IAM-CH-GRP-REVOKE-BINDING-OK :: member-reads	NO-ASSERTIONS
iam	rbac-subject-channel-equivalence	IAM-CH-GRP-REVOKE-BINDING-OK :: member-reads	NO-ASSERTIONS
iam	rbac-subject-channel-equivalence	IAM-CH-GRP-REVOKE-BINDING-OK :: member-reads	NO-ASSERTIONS
iam	rbac-subject-channel-equivalence	IAM-CH-GRP-REVOKE-BINDING-OK :: member-reads	NO-ASSERTIONS
iam	rbac-subject-channel-equivalence	IAM-CH-GRP-REVOKE-BINDING-OK :: member-reads	NO-ASSERTIONS
iam	rbac-subject-channel-equivalence	IAM-CH-GRP-REVOKE-BINDING-OK :: member-reads	NO-ASSERTIONS
iam	rbac-subject-channel-equivalence	IAM-CH-GRP-REVOKE-BINDING-OK :: member-reads	NO-ASSERTIONS
iam	rbac-subject-channel-equivalence	IAM-CH-GRP-REVOKE-BINDING-OK :: member-reads	RED
iam	rbac-subject-channel-equivalence	IAM-CH-GRP-REVOKE-BINDING-OK :: poll-chgRvAddOp	GREEN
iam	rbac-subject-channel-equivalence	IAM-CH-GRP-REVOKE-BINDING-OK :: poll-chgRvBindOp	GREEN
iam	rbac-subject-channel-equivalence	IAM-CH-GRP-REVOKE-BINDING-OK :: poll-chgRvGrpOp	GREEN
iam	rbac-subject-channel-equivalence	IAM-CH-GRP-REVOKE-BINDING-OK :: poll-chgRvGrpOp	GREEN
iam	rbac-subject-channel-equivalence	IAM-CH-GRP-REVOKE-BINDING-OK :: revoke-binding-gone	GREEN
iam	rbac-subject-channel-equivalence	IAM-CH-GRP-REVOKE-BINDING-OK :: revoke-binding-revoke-await	NO-ASSERTIONS
iam	rbac-subject-channel-equivalence	IAM-CH-GRP-REVOKE-BINDING-OK :: revoke-binding-revoke-await	NO-ASSERTIONS
iam	rbac-subject-channel-equivalence	IAM-CH-GRP-REVOKE-BINDING-OK :: revoke-binding-revoke-await	NO-ASSERTIONS
iam	rbac-subject-channel-equivalence	IAM-CH-GRP-REVOKE-BINDING-OK :: revoke-binding-revoke-await	NO-ASSERTIONS
iam	rbac-subject-channel-equivalence	IAM-CH-GRP-REVOKE-BINDING-OK :: revoke-binding-revoke-await	NO-ASSERTIONS
iam	rbac-subject-channel-equivalence	IAM-CH-GRP-REVOKE-BINDING-OK :: revoke-binding-revoke-await	NO-ASSERTIONS
iam	rbac-subject-channel-equivalence	IAM-CH-GRP-REVOKE-BINDING-OK :: revoke-binding-revoke-await	NO-ASSERTIONS
iam	rbac-subject-channel-equivalence	IAM-CH-GRP-REVOKE-BINDING-OK :: revoke-binding-revoke-await	NO-ASSERTIONS
iam	rbac-subject-channel-equivalence	IAM-CH-GRP-REVOKE-BINDING-OK :: revoke-binding-revoke-await	NO-ASSERTIONS
iam	rbac-subject-channel-equivalence	IAM-CH-GRP-REVOKE-BINDING-OK :: revoke-binding-revoke-await	NO-ASSERTIONS
iam	rbac-subject-channel-equivalence	IAM-CH-GRP-REVOKE-BINDING-OK :: revoke-binding-revoke-await	NO-ASSERTIONS
iam	rbac-subject-channel-equivalence	IAM-CH-GRP-REVOKE-BINDING-OK :: revoke-binding-revoke-await	NO-ASSERTIONS
iam	rbac-subject-channel-equivalence	IAM-CH-GRP-REVOKE-BINDING-OK :: revoke-binding-revoke-await	NO-ASSERTIONS
iam	rbac-subject-channel-equivalence	IAM-CH-GRP-REVOKE-BINDING-OK :: revoke-binding-revoke-await	NO-ASSERTIONS
iam	rbac-subject-channel-equivalence	IAM-CH-GRP-REVOKE-BINDING-OK :: revoke-binding-revoke-await	NO-ASSERTIONS
iam	rbac-subject-channel-equivalence	IAM-CH-GRP-REVOKE-BINDING-OK :: revoke-binding-revoke	GREEN
iam	rbac-subject-channel-equivalence	IAM-CH-SA-EQUIV-OK :: chSa-preclean-list	GREEN
iam	rbac-subject-channel-equivalence	IAM-CH-SA-EQUIV-OK :: grant-sa	GREEN
iam	rbac-subject-channel-equivalence	IAM-CH-SA-EQUIV-OK :: poll-chSaOp	GREEN
iam	rbac-subject-channel-equivalence	IAM-CH-SA-EQUIV-OK :: read-acct-sa	GREEN
iam	rbac-subject-channel-equivalence	IAM-CH-SA-EQUIV-OK :: read-acct-sa	NO-ASSERTIONS
iam	rbac-subject-channel-equivalence	IAM-CH-SA-EQUIV-OK :: read-acct-sa	NO-ASSERTIONS
iam	rbac-subject-channel-equivalence	IAM-CH-SA-EQUIV-OK :: read-acct-sa	NO-ASSERTIONS
iam	rbac-subject-channel-equivalence	IAM-CH-SA-EQUIV-OK :: read-acct-sa	NO-ASSERTIONS
iam	rbac-subject-channel-equivalence	IAM-CH-SA-EQUIV-OK :: read-acct-sa	NO-ASSERTIONS
iam	rbac-subject-channel-equivalence	IAM-CH-SA-EQUIV-OK :: read-acct-sa	NO-ASSERTIONS
iam	rbac-subject-channel-equivalence	IAM-CH-SA-EQUIV-OK :: read-acct-sa	NO-ASSERTIONS
iam	rbac-subject-channel-equivalence	IAM-CH-SA-EQUIV-OK :: read-acct-sa	NO-ASSERTIONS
iam	rbac-subject-channel-equivalence	IAM-CH-SA-EQUIV-OK :: read-prj-sa	GREEN
iam	rbac-subject-channel-equivalence	IAM-CH-SA-EQUIV-OK :: teardown-sa-gone	GREEN
iam	rbac-subject-channel-equivalence	IAM-CH-SA-EQUIV-OK :: teardown-sa-revoke-await	NO-ASSERTIONS
iam	rbac-subject-channel-equivalence	IAM-CH-SA-EQUIV-OK :: teardown-sa-revoke-await	NO-ASSERTIONS
iam	rbac-subject-channel-equivalence	IAM-CH-SA-EQUIV-OK :: teardown-sa-revoke-await	NO-ASSERTIONS
iam	rbac-subject-channel-equivalence	IAM-CH-SA-EQUIV-OK :: teardown-sa-revoke-await	NO-ASSERTIONS
iam	rbac-subject-channel-equivalence	IAM-CH-SA-EQUIV-OK :: teardown-sa-revoke-await	NO-ASSERTIONS
iam	rbac-subject-channel-equivalence	IAM-CH-SA-EQUIV-OK :: teardown-sa-revoke-await	NO-ASSERTIONS
iam	rbac-subject-channel-equivalence	IAM-CH-SA-EQUIV-OK :: teardown-sa-revoke-await	NO-ASSERTIONS
iam	rbac-subject-channel-equivalence	IAM-CH-SA-EQUIV-OK :: teardown-sa-revoke-await	NO-ASSERTIONS
iam	rbac-subject-channel-equivalence	IAM-CH-SA-EQUIV-OK :: teardown-sa-revoke-await	NO-ASSERTIONS
iam	rbac-subject-channel-equivalence	IAM-CH-SA-EQUIV-OK :: teardown-sa-revoke-await	NO-ASSERTIONS
iam	rbac-subject-channel-equivalence	IAM-CH-SA-EQUIV-OK :: teardown-sa-revoke-await	NO-ASSERTIONS
iam	rbac-subject-channel-equivalence	IAM-CH-SA-EQUIV-OK :: teardown-sa-revoke-await	NO-ASSERTIONS
iam	rbac-subject-channel-equivalence	IAM-CH-SA-EQUIV-OK :: teardown-sa-revoke-await	NO-ASSERTIONS
iam	rbac-subject-channel-equivalence	IAM-CH-SA-EQUIV-OK :: teardown-sa-revoke-await	NO-ASSERTIONS
iam	rbac-subject-channel-equivalence	IAM-CH-SA-EQUIV-OK :: teardown-sa-revoke-await	NO-ASSERTIONS
iam	rbac-subject-channel-equivalence	IAM-CH-SA-EQUIV-OK :: teardown-sa-revoke-await	NO-ASSERTIONS
iam	rbac-subject-channel-equivalence	IAM-CH-SA-EQUIV-OK :: teardown-sa-revoke-await	NO-ASSERTIONS
iam	rbac-subject-channel-equivalence	IAM-CH-SA-EQUIV-OK :: teardown-sa-revoke-await	NO-ASSERTIONS
iam	rbac-subject-channel-equivalence	IAM-CH-SA-EQUIV-OK :: teardown-sa-revoke-await	NO-ASSERTIONS
iam	rbac-subject-channel-equivalence	IAM-CH-SA-EQUIV-OK :: teardown-sa-revoke	GREEN
iam	rbac-subject-channel-equivalence	IAM-CH-SA-USER-ISOLATION-DENY :: chSaIso-preclean-list	GREEN
iam	rbac-subject-channel-equivalence	IAM-CH-SA-USER-ISOLATION-DENY :: grant-sa	GREEN
iam	rbac-subject-channel-equivalence	IAM-CH-SA-USER-ISOLATION-DENY :: poll-chSaIsoOp	GREEN
iam	rbac-subject-channel-equivalence	IAM-CH-SA-USER-ISOLATION-DENY :: sa-reads	GREEN
iam	rbac-subject-channel-equivalence	IAM-CH-SA-USER-ISOLATION-DENY :: sa-reads	NO-ASSERTIONS
iam	rbac-subject-channel-equivalence	IAM-CH-SA-USER-ISOLATION-DENY :: sa-reads	NO-ASSERTIONS
iam	rbac-subject-channel-equivalence	IAM-CH-SA-USER-ISOLATION-DENY :: sa-reads	NO-ASSERTIONS
iam	rbac-subject-channel-equivalence	IAM-CH-SA-USER-ISOLATION-DENY :: sa-reads	NO-ASSERTIONS
iam	rbac-subject-channel-equivalence	IAM-CH-SA-USER-ISOLATION-DENY :: sa-reads	NO-ASSERTIONS
iam	rbac-subject-channel-equivalence	IAM-CH-SA-USER-ISOLATION-DENY :: sa-reads	NO-ASSERTIONS
iam	rbac-subject-channel-equivalence	IAM-CH-SA-USER-ISOLATION-DENY :: sa-reads	NO-ASSERTIONS
iam	rbac-subject-channel-equivalence	IAM-CH-SA-USER-ISOLATION-DENY :: sa-reads	NO-ASSERTIONS
iam	rbac-subject-channel-equivalence	IAM-CH-SA-USER-ISOLATION-DENY :: sa-reads	NO-ASSERTIONS
iam	rbac-subject-channel-equivalence	IAM-CH-SA-USER-ISOLATION-DENY :: sa-reads	NO-ASSERTIONS
iam	rbac-subject-channel-equivalence	IAM-CH-SA-USER-ISOLATION-DENY :: teardown-sa-iso-gone	GREEN
iam	rbac-subject-channel-equivalence	IAM-CH-SA-USER-ISOLATION-DENY :: teardown-sa-iso-revoke-await	NO-ASSERTIONS
iam	rbac-subject-channel-equivalence	IAM-CH-SA-USER-ISOLATION-DENY :: teardown-sa-iso-revoke-await	NO-ASSERTIONS
iam	rbac-subject-channel-equivalence	IAM-CH-SA-USER-ISOLATION-DENY :: teardown-sa-iso-revoke-await	NO-ASSERTIONS
iam	rbac-subject-channel-equivalence	IAM-CH-SA-USER-ISOLATION-DENY :: teardown-sa-iso-revoke-await	NO-ASSERTIONS
iam	rbac-subject-channel-equivalence	IAM-CH-SA-USER-ISOLATION-DENY :: teardown-sa-iso-revoke-await	NO-ASSERTIONS
iam	rbac-subject-channel-equivalence	IAM-CH-SA-USER-ISOLATION-DENY :: teardown-sa-iso-revoke-await	NO-ASSERTIONS
iam	rbac-subject-channel-equivalence	IAM-CH-SA-USER-ISOLATION-DENY :: teardown-sa-iso-revoke-await	NO-ASSERTIONS
iam	rbac-subject-channel-equivalence	IAM-CH-SA-USER-ISOLATION-DENY :: teardown-sa-iso-revoke-await	NO-ASSERTIONS
iam	rbac-subject-channel-equivalence	IAM-CH-SA-USER-ISOLATION-DENY :: teardown-sa-iso-revoke-await	NO-ASSERTIONS
iam	rbac-subject-channel-equivalence	IAM-CH-SA-USER-ISOLATION-DENY :: teardown-sa-iso-revoke-await	NO-ASSERTIONS
iam	rbac-subject-channel-equivalence	IAM-CH-SA-USER-ISOLATION-DENY :: teardown-sa-iso-revoke-await	NO-ASSERTIONS
iam	rbac-subject-channel-equivalence	IAM-CH-SA-USER-ISOLATION-DENY :: teardown-sa-iso-revoke-await	NO-ASSERTIONS
iam	rbac-subject-channel-equivalence	IAM-CH-SA-USER-ISOLATION-DENY :: teardown-sa-iso-revoke-await	NO-ASSERTIONS
iam	rbac-subject-channel-equivalence	IAM-CH-SA-USER-ISOLATION-DENY :: teardown-sa-iso-revoke-await	NO-ASSERTIONS
iam	rbac-subject-channel-equivalence	IAM-CH-SA-USER-ISOLATION-DENY :: teardown-sa-iso-revoke-await	NO-ASSERTIONS
iam	rbac-subject-channel-equivalence	IAM-CH-SA-USER-ISOLATION-DENY :: teardown-sa-iso-revoke	GREEN
iam	rbac-subject-channel-equivalence	IAM-CH-SA-USER-ISOLATION-DENY :: user-not-inherits	GREEN
iam	rbac-subject-channel-equivalence	IAM-CH-USER-EQUIV-OK :: chUser-preclean-list	GREEN
iam	rbac-subject-channel-equivalence	IAM-CH-USER-EQUIV-OK :: grant-user	GREEN
iam	rbac-subject-channel-equivalence	IAM-CH-USER-EQUIV-OK :: poll-chUserOp	GREEN
iam	rbac-subject-channel-equivalence	IAM-CH-USER-EQUIV-OK :: read-acct-user	NO-ASSERTIONS
iam	rbac-subject-channel-equivalence	IAM-CH-USER-EQUIV-OK :: read-acct-user	NO-ASSERTIONS
iam	rbac-subject-channel-equivalence	IAM-CH-USER-EQUIV-OK :: read-acct-user	NO-ASSERTIONS
iam	rbac-subject-channel-equivalence	IAM-CH-USER-EQUIV-OK :: read-acct-user	NO-ASSERTIONS
iam	rbac-subject-channel-equivalence	IAM-CH-USER-EQUIV-OK :: read-acct-user	NO-ASSERTIONS
iam	rbac-subject-channel-equivalence	IAM-CH-USER-EQUIV-OK :: read-acct-user	NO-ASSERTIONS
iam	rbac-subject-channel-equivalence	IAM-CH-USER-EQUIV-OK :: read-acct-user	NO-ASSERTIONS
iam	rbac-subject-channel-equivalence	IAM-CH-USER-EQUIV-OK :: read-acct-user	NO-ASSERTIONS
iam	rbac-subject-channel-equivalence	IAM-CH-USER-EQUIV-OK :: read-acct-user	NO-ASSERTIONS
iam	rbac-subject-channel-equivalence	IAM-CH-USER-EQUIV-OK :: read-acct-user	NO-ASSERTIONS
iam	rbac-subject-channel-equivalence	IAM-CH-USER-EQUIV-OK :: read-acct-user	NO-ASSERTIONS
iam	rbac-subject-channel-equivalence	IAM-CH-USER-EQUIV-OK :: read-acct-user	NO-ASSERTIONS
iam	rbac-subject-channel-equivalence	IAM-CH-USER-EQUIV-OK :: read-acct-user	NO-ASSERTIONS
iam	rbac-subject-channel-equivalence	IAM-CH-USER-EQUIV-OK :: read-acct-user	NO-ASSERTIONS
iam	rbac-subject-channel-equivalence	IAM-CH-USER-EQUIV-OK :: read-acct-user	NO-ASSERTIONS
iam	rbac-subject-channel-equivalence	IAM-CH-USER-EQUIV-OK :: read-acct-user	NO-ASSERTIONS
iam	rbac-subject-channel-equivalence	IAM-CH-USER-EQUIV-OK :: read-acct-user	NO-ASSERTIONS
iam	rbac-subject-channel-equivalence	IAM-CH-USER-EQUIV-OK :: read-acct-user	NO-ASSERTIONS
iam	rbac-subject-channel-equivalence	IAM-CH-USER-EQUIV-OK :: read-acct-user	NO-ASSERTIONS
iam	rbac-subject-channel-equivalence	IAM-CH-USER-EQUIV-OK :: read-acct-user	NO-ASSERTIONS
iam	rbac-subject-channel-equivalence	IAM-CH-USER-EQUIV-OK :: read-acct-user	NO-ASSERTIONS
iam	rbac-subject-channel-equivalence	IAM-CH-USER-EQUIV-OK :: read-acct-user	NO-ASSERTIONS
iam	rbac-subject-channel-equivalence	IAM-CH-USER-EQUIV-OK :: read-acct-user	NO-ASSERTIONS
iam	rbac-subject-channel-equivalence	IAM-CH-USER-EQUIV-OK :: read-acct-user	NO-ASSERTIONS
iam	rbac-subject-channel-equivalence	IAM-CH-USER-EQUIV-OK :: read-acct-user	NO-ASSERTIONS
iam	rbac-subject-channel-equivalence	IAM-CH-USER-EQUIV-OK :: read-acct-user	NO-ASSERTIONS
iam	rbac-subject-channel-equivalence	IAM-CH-USER-EQUIV-OK :: read-acct-user	NO-ASSERTIONS
iam	rbac-subject-channel-equivalence	IAM-CH-USER-EQUIV-OK :: read-acct-user	NO-ASSERTIONS
iam	rbac-subject-channel-equivalence	IAM-CH-USER-EQUIV-OK :: read-acct-user	NO-ASSERTIONS
iam	rbac-subject-channel-equivalence	IAM-CH-USER-EQUIV-OK :: read-acct-user	NO-ASSERTIONS
iam	rbac-subject-channel-equivalence	IAM-CH-USER-EQUIV-OK :: read-acct-user	NO-ASSERTIONS
iam	rbac-subject-channel-equivalence	IAM-CH-USER-EQUIV-OK :: read-acct-user	NO-ASSERTIONS
iam	rbac-subject-channel-equivalence	IAM-CH-USER-EQUIV-OK :: read-acct-user	NO-ASSERTIONS
iam	rbac-subject-channel-equivalence	IAM-CH-USER-EQUIV-OK :: read-acct-user	NO-ASSERTIONS
iam	rbac-subject-channel-equivalence	IAM-CH-USER-EQUIV-OK :: read-acct-user	NO-ASSERTIONS
iam	rbac-subject-channel-equivalence	IAM-CH-USER-EQUIV-OK :: read-acct-user	NO-ASSERTIONS
iam	rbac-subject-channel-equivalence	IAM-CH-USER-EQUIV-OK :: read-acct-user	NO-ASSERTIONS
iam	rbac-subject-channel-equivalence	IAM-CH-USER-EQUIV-OK :: read-acct-user	NO-ASSERTIONS
iam	rbac-subject-channel-equivalence	IAM-CH-USER-EQUIV-OK :: read-acct-user	NO-ASSERTIONS
iam	rbac-subject-channel-equivalence	IAM-CH-USER-EQUIV-OK :: read-acct-user	NO-ASSERTIONS
iam	rbac-subject-channel-equivalence	IAM-CH-USER-EQUIV-OK :: read-acct-user	NO-ASSERTIONS
iam	rbac-subject-channel-equivalence	IAM-CH-USER-EQUIV-OK :: read-acct-user	NO-ASSERTIONS
iam	rbac-subject-channel-equivalence	IAM-CH-USER-EQUIV-OK :: read-acct-user	NO-ASSERTIONS
iam	rbac-subject-channel-equivalence	IAM-CH-USER-EQUIV-OK :: read-acct-user	NO-ASSERTIONS
iam	rbac-subject-channel-equivalence	IAM-CH-USER-EQUIV-OK :: read-acct-user	NO-ASSERTIONS
iam	rbac-subject-channel-equivalence	IAM-CH-USER-EQUIV-OK :: read-acct-user	NO-ASSERTIONS
iam	rbac-subject-channel-equivalence	IAM-CH-USER-EQUIV-OK :: read-acct-user	NO-ASSERTIONS
iam	rbac-subject-channel-equivalence	IAM-CH-USER-EQUIV-OK :: read-acct-user	NO-ASSERTIONS
iam	rbac-subject-channel-equivalence	IAM-CH-USER-EQUIV-OK :: read-acct-user	NO-ASSERTIONS
iam	rbac-subject-channel-equivalence	IAM-CH-USER-EQUIV-OK :: read-acct-user	NO-ASSERTIONS
iam	rbac-subject-channel-equivalence	IAM-CH-USER-EQUIV-OK :: read-acct-user	NO-ASSERTIONS
iam	rbac-subject-channel-equivalence	IAM-CH-USER-EQUIV-OK :: read-acct-user	NO-ASSERTIONS
iam	rbac-subject-channel-equivalence	IAM-CH-USER-EQUIV-OK :: read-acct-user	NO-ASSERTIONS
iam	rbac-subject-channel-equivalence	IAM-CH-USER-EQUIV-OK :: read-acct-user	NO-ASSERTIONS
iam	rbac-subject-channel-equivalence	IAM-CH-USER-EQUIV-OK :: read-acct-user	NO-ASSERTIONS
iam	rbac-subject-channel-equivalence	IAM-CH-USER-EQUIV-OK :: read-acct-user	NO-ASSERTIONS
iam	rbac-subject-channel-equivalence	IAM-CH-USER-EQUIV-OK :: read-acct-user	NO-ASSERTIONS
iam	rbac-subject-channel-equivalence	IAM-CH-USER-EQUIV-OK :: read-acct-user	NO-ASSERTIONS
iam	rbac-subject-channel-equivalence	IAM-CH-USER-EQUIV-OK :: read-acct-user	NO-ASSERTIONS
iam	rbac-subject-channel-equivalence	IAM-CH-USER-EQUIV-OK :: read-acct-user	NO-ASSERTIONS
iam	rbac-subject-channel-equivalence	IAM-CH-USER-EQUIV-OK :: read-acct-user	NO-ASSERTIONS
iam	rbac-subject-channel-equivalence	IAM-CH-USER-EQUIV-OK :: read-acct-user	NO-ASSERTIONS
iam	rbac-subject-channel-equivalence	IAM-CH-USER-EQUIV-OK :: read-acct-user	NO-ASSERTIONS
iam	rbac-subject-channel-equivalence	IAM-CH-USER-EQUIV-OK :: read-acct-user	NO-ASSERTIONS
iam	rbac-subject-channel-equivalence	IAM-CH-USER-EQUIV-OK :: read-acct-user	NO-ASSERTIONS
iam	rbac-subject-channel-equivalence	IAM-CH-USER-EQUIV-OK :: read-acct-user	NO-ASSERTIONS
iam	rbac-subject-channel-equivalence	IAM-CH-USER-EQUIV-OK :: read-acct-user	NO-ASSERTIONS
iam	rbac-subject-channel-equivalence	IAM-CH-USER-EQUIV-OK :: read-acct-user	NO-ASSERTIONS
iam	rbac-subject-channel-equivalence	IAM-CH-USER-EQUIV-OK :: read-acct-user	NO-ASSERTIONS
iam	rbac-subject-channel-equivalence	IAM-CH-USER-EQUIV-OK :: read-acct-user	NO-ASSERTIONS
iam	rbac-subject-channel-equivalence	IAM-CH-USER-EQUIV-OK :: read-acct-user	NO-ASSERTIONS
iam	rbac-subject-channel-equivalence	IAM-CH-USER-EQUIV-OK :: read-acct-user	NO-ASSERTIONS
iam	rbac-subject-channel-equivalence	IAM-CH-USER-EQUIV-OK :: read-acct-user	NO-ASSERTIONS
iam	rbac-subject-channel-equivalence	IAM-CH-USER-EQUIV-OK :: read-acct-user	NO-ASSERTIONS
iam	rbac-subject-channel-equivalence	IAM-CH-USER-EQUIV-OK :: read-acct-user	NO-ASSERTIONS
iam	rbac-subject-channel-equivalence	IAM-CH-USER-EQUIV-OK :: read-acct-user	NO-ASSERTIONS
iam	rbac-subject-channel-equivalence	IAM-CH-USER-EQUIV-OK :: read-acct-user	NO-ASSERTIONS
iam	rbac-subject-channel-equivalence	IAM-CH-USER-EQUIV-OK :: read-acct-user	NO-ASSERTIONS
iam	rbac-subject-channel-equivalence	IAM-CH-USER-EQUIV-OK :: read-acct-user	NO-ASSERTIONS
iam	rbac-subject-channel-equivalence	IAM-CH-USER-EQUIV-OK :: read-acct-user	NO-ASSERTIONS
iam	rbac-subject-channel-equivalence	IAM-CH-USER-EQUIV-OK :: read-acct-user	NO-ASSERTIONS
iam	rbac-subject-channel-equivalence	IAM-CH-USER-EQUIV-OK :: read-acct-user	NO-ASSERTIONS
iam	rbac-subject-channel-equivalence	IAM-CH-USER-EQUIV-OK :: read-acct-user	NO-ASSERTIONS
iam	rbac-subject-channel-equivalence	IAM-CH-USER-EQUIV-OK :: read-acct-user	NO-ASSERTIONS
iam	rbac-subject-channel-equivalence	IAM-CH-USER-EQUIV-OK :: read-acct-user	NO-ASSERTIONS
iam	rbac-subject-channel-equivalence	IAM-CH-USER-EQUIV-OK :: read-acct-user	NO-ASSERTIONS
iam	rbac-subject-channel-equivalence	IAM-CH-USER-EQUIV-OK :: read-acct-user	NO-ASSERTIONS
iam	rbac-subject-channel-equivalence	IAM-CH-USER-EQUIV-OK :: read-acct-user	NO-ASSERTIONS
iam	rbac-subject-channel-equivalence	IAM-CH-USER-EQUIV-OK :: read-acct-user	NO-ASSERTIONS
iam	rbac-subject-channel-equivalence	IAM-CH-USER-EQUIV-OK :: read-acct-user	NO-ASSERTIONS
iam	rbac-subject-channel-equivalence	IAM-CH-USER-EQUIV-OK :: read-acct-user	NO-ASSERTIONS
iam	rbac-subject-channel-equivalence	IAM-CH-USER-EQUIV-OK :: read-acct-user	NO-ASSERTIONS
iam	rbac-subject-channel-equivalence	IAM-CH-USER-EQUIV-OK :: read-acct-user	NO-ASSERTIONS
iam	rbac-subject-channel-equivalence	IAM-CH-USER-EQUIV-OK :: read-acct-user	NO-ASSERTIONS
iam	rbac-subject-channel-equivalence	IAM-CH-USER-EQUIV-OK :: read-acct-user	NO-ASSERTIONS
iam	rbac-subject-channel-equivalence	IAM-CH-USER-EQUIV-OK :: read-acct-user	NO-ASSERTIONS
iam	rbac-subject-channel-equivalence	IAM-CH-USER-EQUIV-OK :: read-acct-user	NO-ASSERTIONS
iam	rbac-subject-channel-equivalence	IAM-CH-USER-EQUIV-OK :: read-acct-user	NO-ASSERTIONS
iam	rbac-subject-channel-equivalence	IAM-CH-USER-EQUIV-OK :: read-acct-user	NO-ASSERTIONS
iam	rbac-subject-channel-equivalence	IAM-CH-USER-EQUIV-OK :: read-acct-user	NO-ASSERTIONS
iam	rbac-subject-channel-equivalence	IAM-CH-USER-EQUIV-OK :: read-acct-user	NO-ASSERTIONS
iam	rbac-subject-channel-equivalence	IAM-CH-USER-EQUIV-OK :: read-acct-user	NO-ASSERTIONS
iam	rbac-subject-channel-equivalence	IAM-CH-USER-EQUIV-OK :: read-acct-user	NO-ASSERTIONS
iam	rbac-subject-channel-equivalence	IAM-CH-USER-EQUIV-OK :: read-acct-user	NO-ASSERTIONS
iam	rbac-subject-channel-equivalence	IAM-CH-USER-EQUIV-OK :: read-acct-user	NO-ASSERTIONS
iam	rbac-subject-channel-equivalence	IAM-CH-USER-EQUIV-OK :: read-acct-user	NO-ASSERTIONS
iam	rbac-subject-channel-equivalence	IAM-CH-USER-EQUIV-OK :: read-acct-user	NO-ASSERTIONS
iam	rbac-subject-channel-equivalence	IAM-CH-USER-EQUIV-OK :: read-acct-user	NO-ASSERTIONS
iam	rbac-subject-channel-equivalence	IAM-CH-USER-EQUIV-OK :: read-acct-user	NO-ASSERTIONS
iam	rbac-subject-channel-equivalence	IAM-CH-USER-EQUIV-OK :: read-acct-user	NO-ASSERTIONS
iam	rbac-subject-channel-equivalence	IAM-CH-USER-EQUIV-OK :: read-acct-user	NO-ASSERTIONS
iam	rbac-subject-channel-equivalence	IAM-CH-USER-EQUIV-OK :: read-acct-user	NO-ASSERTIONS
iam	rbac-subject-channel-equivalence	IAM-CH-USER-EQUIV-OK :: read-acct-user	NO-ASSERTIONS
iam	rbac-subject-channel-equivalence	IAM-CH-USER-EQUIV-OK :: read-acct-user	NO-ASSERTIONS
iam	rbac-subject-channel-equivalence	IAM-CH-USER-EQUIV-OK :: read-acct-user	NO-ASSERTIONS
iam	rbac-subject-channel-equivalence	IAM-CH-USER-EQUIV-OK :: read-acct-user	NO-ASSERTIONS
iam	rbac-subject-channel-equivalence	IAM-CH-USER-EQUIV-OK :: read-acct-user	NO-ASSERTIONS
iam	rbac-subject-channel-equivalence	IAM-CH-USER-EQUIV-OK :: read-acct-user	NO-ASSERTIONS
iam	rbac-subject-channel-equivalence	IAM-CH-USER-EQUIV-OK :: read-acct-user	NO-ASSERTIONS
iam	rbac-subject-channel-equivalence	IAM-CH-USER-EQUIV-OK :: read-acct-user	NO-ASSERTIONS
iam	rbac-subject-channel-equivalence	IAM-CH-USER-EQUIV-OK :: read-acct-user	NO-ASSERTIONS
iam	rbac-subject-channel-equivalence	IAM-CH-USER-EQUIV-OK :: read-acct-user	NO-ASSERTIONS
iam	rbac-subject-channel-equivalence	IAM-CH-USER-EQUIV-OK :: read-acct-user	NO-ASSERTIONS
iam	rbac-subject-channel-equivalence	IAM-CH-USER-EQUIV-OK :: read-acct-user	NO-ASSERTIONS
iam	rbac-subject-channel-equivalence	IAM-CH-USER-EQUIV-OK :: read-acct-user	NO-ASSERTIONS
iam	rbac-subject-channel-equivalence	IAM-CH-USER-EQUIV-OK :: read-acct-user	NO-ASSERTIONS
iam	rbac-subject-channel-equivalence	IAM-CH-USER-EQUIV-OK :: read-acct-user	NO-ASSERTIONS
iam	rbac-subject-channel-equivalence	IAM-CH-USER-EQUIV-OK :: read-acct-user	NO-ASSERTIONS
iam	rbac-subject-channel-equivalence	IAM-CH-USER-EQUIV-OK :: read-acct-user	NO-ASSERTIONS
iam	rbac-subject-channel-equivalence	IAM-CH-USER-EQUIV-OK :: read-acct-user	NO-ASSERTIONS
iam	rbac-subject-channel-equivalence	IAM-CH-USER-EQUIV-OK :: read-acct-user	NO-ASSERTIONS
iam	rbac-subject-channel-equivalence	IAM-CH-USER-EQUIV-OK :: read-acct-user	NO-ASSERTIONS
iam	rbac-subject-channel-equivalence	IAM-CH-USER-EQUIV-OK :: read-acct-user	NO-ASSERTIONS
iam	rbac-subject-channel-equivalence	IAM-CH-USER-EQUIV-OK :: read-acct-user	NO-ASSERTIONS
iam	rbac-subject-channel-equivalence	IAM-CH-USER-EQUIV-OK :: read-acct-user	NO-ASSERTIONS
iam	rbac-subject-channel-equivalence	IAM-CH-USER-EQUIV-OK :: read-acct-user	NO-ASSERTIONS
iam	rbac-subject-channel-equivalence	IAM-CH-USER-EQUIV-OK :: read-acct-user	NO-ASSERTIONS
iam	rbac-subject-channel-equivalence	IAM-CH-USER-EQUIV-OK :: read-acct-user	NO-ASSERTIONS
iam	rbac-subject-channel-equivalence	IAM-CH-USER-EQUIV-OK :: read-acct-user	NO-ASSERTIONS
iam	rbac-subject-channel-equivalence	IAM-CH-USER-EQUIV-OK :: read-acct-user	NO-ASSERTIONS
iam	rbac-subject-channel-equivalence	IAM-CH-USER-EQUIV-OK :: read-acct-user	NO-ASSERTIONS
iam	rbac-subject-channel-equivalence	IAM-CH-USER-EQUIV-OK :: read-acct-user	NO-ASSERTIONS
iam	rbac-subject-channel-equivalence	IAM-CH-USER-EQUIV-OK :: read-acct-user	NO-ASSERTIONS
iam	rbac-subject-channel-equivalence	IAM-CH-USER-EQUIV-OK :: read-acct-user	NO-ASSERTIONS
iam	rbac-subject-channel-equivalence	IAM-CH-USER-EQUIV-OK :: read-acct-user	NO-ASSERTIONS
iam	rbac-subject-channel-equivalence	IAM-CH-USER-EQUIV-OK :: read-acct-user	NO-ASSERTIONS
iam	rbac-subject-channel-equivalence	IAM-CH-USER-EQUIV-OK :: read-acct-user	NO-ASSERTIONS
iam	rbac-subject-channel-equivalence	IAM-CH-USER-EQUIV-OK :: read-acct-user	NO-ASSERTIONS
iam	rbac-subject-channel-equivalence	IAM-CH-USER-EQUIV-OK :: read-acct-user	NO-ASSERTIONS
iam	rbac-subject-channel-equivalence	IAM-CH-USER-EQUIV-OK :: read-acct-user	NO-ASSERTIONS
iam	rbac-subject-channel-equivalence	IAM-CH-USER-EQUIV-OK :: read-acct-user	NO-ASSERTIONS
iam	rbac-subject-channel-equivalence	IAM-CH-USER-EQUIV-OK :: read-acct-user	NO-ASSERTIONS
iam	rbac-subject-channel-equivalence	IAM-CH-USER-EQUIV-OK :: read-acct-user	NO-ASSERTIONS
iam	rbac-subject-channel-equivalence	IAM-CH-USER-EQUIV-OK :: read-acct-user	NO-ASSERTIONS
iam	rbac-subject-channel-equivalence	IAM-CH-USER-EQUIV-OK :: read-acct-user	NO-ASSERTIONS
iam	rbac-subject-channel-equivalence	IAM-CH-USER-EQUIV-OK :: read-acct-user	NO-ASSERTIONS
iam	rbac-subject-channel-equivalence	IAM-CH-USER-EQUIV-OK :: read-acct-user	NO-ASSERTIONS
iam	rbac-subject-channel-equivalence	IAM-CH-USER-EQUIV-OK :: read-acct-user	NO-ASSERTIONS
iam	rbac-subject-channel-equivalence	IAM-CH-USER-EQUIV-OK :: read-acct-user	NO-ASSERTIONS
iam	rbac-subject-channel-equivalence	IAM-CH-USER-EQUIV-OK :: read-acct-user	NO-ASSERTIONS
iam	rbac-subject-channel-equivalence	IAM-CH-USER-EQUIV-OK :: read-acct-user	NO-ASSERTIONS
iam	rbac-subject-channel-equivalence	IAM-CH-USER-EQUIV-OK :: read-acct-user	NO-ASSERTIONS
iam	rbac-subject-channel-equivalence	IAM-CH-USER-EQUIV-OK :: read-acct-user	NO-ASSERTIONS
iam	rbac-subject-channel-equivalence	IAM-CH-USER-EQUIV-OK :: read-acct-user	NO-ASSERTIONS
iam	rbac-subject-channel-equivalence	IAM-CH-USER-EQUIV-OK :: read-acct-user	NO-ASSERTIONS
iam	rbac-subject-channel-equivalence	IAM-CH-USER-EQUIV-OK :: read-acct-user	NO-ASSERTIONS
iam	rbac-subject-channel-equivalence	IAM-CH-USER-EQUIV-OK :: read-acct-user	NO-ASSERTIONS
iam	rbac-subject-channel-equivalence	IAM-CH-USER-EQUIV-OK :: read-acct-user	NO-ASSERTIONS
iam	rbac-subject-channel-equivalence	IAM-CH-USER-EQUIV-OK :: read-acct-user	NO-ASSERTIONS
iam	rbac-subject-channel-equivalence	IAM-CH-USER-EQUIV-OK :: read-acct-user	NO-ASSERTIONS
iam	rbac-subject-channel-equivalence	IAM-CH-USER-EQUIV-OK :: read-acct-user	NO-ASSERTIONS
iam	rbac-subject-channel-equivalence	IAM-CH-USER-EQUIV-OK :: read-acct-user	NO-ASSERTIONS
iam	rbac-subject-channel-equivalence	IAM-CH-USER-EQUIV-OK :: read-acct-user	NO-ASSERTIONS
iam	rbac-subject-channel-equivalence	IAM-CH-USER-EQUIV-OK :: read-acct-user	NO-ASSERTIONS
iam	rbac-subject-channel-equivalence	IAM-CH-USER-EQUIV-OK :: read-acct-user	NO-ASSERTIONS
iam	rbac-subject-channel-equivalence	IAM-CH-USER-EQUIV-OK :: read-acct-user	NO-ASSERTIONS
iam	rbac-subject-channel-equivalence	IAM-CH-USER-EQUIV-OK :: read-acct-user	NO-ASSERTIONS
iam	rbac-subject-channel-equivalence	IAM-CH-USER-EQUIV-OK :: read-acct-user	NO-ASSERTIONS
iam	rbac-subject-channel-equivalence	IAM-CH-USER-EQUIV-OK :: read-acct-user	NO-ASSERTIONS
iam	rbac-subject-channel-equivalence	IAM-CH-USER-EQUIV-OK :: read-acct-user	NO-ASSERTIONS
iam	rbac-subject-channel-equivalence	IAM-CH-USER-EQUIV-OK :: read-acct-user	NO-ASSERTIONS
iam	rbac-subject-channel-equivalence	IAM-CH-USER-EQUIV-OK :: read-acct-user	NO-ASSERTIONS
iam	rbac-subject-channel-equivalence	IAM-CH-USER-EQUIV-OK :: read-acct-user	NO-ASSERTIONS
iam	rbac-subject-channel-equivalence	IAM-CH-USER-EQUIV-OK :: read-acct-user	NO-ASSERTIONS
iam	rbac-subject-channel-equivalence	IAM-CH-USER-EQUIV-OK :: read-acct-user	NO-ASSERTIONS
iam	rbac-subject-channel-equivalence	IAM-CH-USER-EQUIV-OK :: read-acct-user	NO-ASSERTIONS
iam	rbac-subject-channel-equivalence	IAM-CH-USER-EQUIV-OK :: read-acct-user	NO-ASSERTIONS
iam	rbac-subject-channel-equivalence	IAM-CH-USER-EQUIV-OK :: read-acct-user	NO-ASSERTIONS
iam	rbac-subject-channel-equivalence	IAM-CH-USER-EQUIV-OK :: read-acct-user	NO-ASSERTIONS
iam	rbac-subject-channel-equivalence	IAM-CH-USER-EQUIV-OK :: read-acct-user	NO-ASSERTIONS
iam	rbac-subject-channel-equivalence	IAM-CH-USER-EQUIV-OK :: read-acct-user	NO-ASSERTIONS
iam	rbac-subject-channel-equivalence	IAM-CH-USER-EQUIV-OK :: read-acct-user	NO-ASSERTIONS
iam	rbac-subject-channel-equivalence	IAM-CH-USER-EQUIV-OK :: read-acct-user	NO-ASSERTIONS
iam	rbac-subject-channel-equivalence	IAM-CH-USER-EQUIV-OK :: read-acct-user	NO-ASSERTIONS
iam	rbac-subject-channel-equivalence	IAM-CH-USER-EQUIV-OK :: read-acct-user	NO-ASSERTIONS
iam	rbac-subject-channel-equivalence	IAM-CH-USER-EQUIV-OK :: read-acct-user	NO-ASSERTIONS
iam	rbac-subject-channel-equivalence	IAM-CH-USER-EQUIV-OK :: read-acct-user	NO-ASSERTIONS
iam	rbac-subject-channel-equivalence	IAM-CH-USER-EQUIV-OK :: read-acct-user	NO-ASSERTIONS
iam	rbac-subject-channel-equivalence	IAM-CH-USER-EQUIV-OK :: read-acct-user	NO-ASSERTIONS
iam	rbac-subject-channel-equivalence	IAM-CH-USER-EQUIV-OK :: read-acct-user	NO-ASSERTIONS
iam	rbac-subject-channel-equivalence	IAM-CH-USER-EQUIV-OK :: read-acct-user	NO-ASSERTIONS
iam	rbac-subject-channel-equivalence	IAM-CH-USER-EQUIV-OK :: read-acct-user	NO-ASSERTIONS
iam	rbac-subject-channel-equivalence	IAM-CH-USER-EQUIV-OK :: read-acct-user	NO-ASSERTIONS
iam	rbac-subject-channel-equivalence	IAM-CH-USER-EQUIV-OK :: read-acct-user	NO-ASSERTIONS
iam	rbac-subject-channel-equivalence	IAM-CH-USER-EQUIV-OK :: read-acct-user	NO-ASSERTIONS
iam	rbac-subject-channel-equivalence	IAM-CH-USER-EQUIV-OK :: read-acct-user	NO-ASSERTIONS
iam	rbac-subject-channel-equivalence	IAM-CH-USER-EQUIV-OK :: read-acct-user	NO-ASSERTIONS
iam	rbac-subject-channel-equivalence	IAM-CH-USER-EQUIV-OK :: read-acct-user	NO-ASSERTIONS
iam	rbac-subject-channel-equivalence	IAM-CH-USER-EQUIV-OK :: read-acct-user	NO-ASSERTIONS
iam	rbac-subject-channel-equivalence	IAM-CH-USER-EQUIV-OK :: read-acct-user	NO-ASSERTIONS
iam	rbac-subject-channel-equivalence	IAM-CH-USER-EQUIV-OK :: read-acct-user	NO-ASSERTIONS
iam	rbac-subject-channel-equivalence	IAM-CH-USER-EQUIV-OK :: read-acct-user	NO-ASSERTIONS
iam	rbac-subject-channel-equivalence	IAM-CH-USER-EQUIV-OK :: read-acct-user	NO-ASSERTIONS
iam	rbac-subject-channel-equivalence	IAM-CH-USER-EQUIV-OK :: read-acct-user	NO-ASSERTIONS
iam	rbac-subject-channel-equivalence	IAM-CH-USER-EQUIV-OK :: read-acct-user	NO-ASSERTIONS
iam	rbac-subject-channel-equivalence	IAM-CH-USER-EQUIV-OK :: read-acct-user	NO-ASSERTIONS
iam	rbac-subject-channel-equivalence	IAM-CH-USER-EQUIV-OK :: read-acct-user	NO-ASSERTIONS
iam	rbac-subject-channel-equivalence	IAM-CH-USER-EQUIV-OK :: read-acct-user	NO-ASSERTIONS
iam	rbac-subject-channel-equivalence	IAM-CH-USER-EQUIV-OK :: read-acct-user	NO-ASSERTIONS
iam	rbac-subject-channel-equivalence	IAM-CH-USER-EQUIV-OK :: read-acct-user	NO-ASSERTIONS
iam	rbac-subject-channel-equivalence	IAM-CH-USER-EQUIV-OK :: read-acct-user	NO-ASSERTIONS
iam	rbac-subject-channel-equivalence	IAM-CH-USER-EQUIV-OK :: read-acct-user	NO-ASSERTIONS
iam	rbac-subject-channel-equivalence	IAM-CH-USER-EQUIV-OK :: read-acct-user	NO-ASSERTIONS
iam	rbac-subject-channel-equivalence	IAM-CH-USER-EQUIV-OK :: read-acct-user	NO-ASSERTIONS
iam	rbac-subject-channel-equivalence	IAM-CH-USER-EQUIV-OK :: read-acct-user	NO-ASSERTIONS
iam	rbac-subject-channel-equivalence	IAM-CH-USER-EQUIV-OK :: read-acct-user	NO-ASSERTIONS
iam	rbac-subject-channel-equivalence	IAM-CH-USER-EQUIV-OK :: read-acct-user	NO-ASSERTIONS
iam	rbac-subject-channel-equivalence	IAM-CH-USER-EQUIV-OK :: read-acct-user	NO-ASSERTIONS
iam	rbac-subject-channel-equivalence	IAM-CH-USER-EQUIV-OK :: read-acct-user	NO-ASSERTIONS
iam	rbac-subject-channel-equivalence	IAM-CH-USER-EQUIV-OK :: read-acct-user	NO-ASSERTIONS
iam	rbac-subject-channel-equivalence	IAM-CH-USER-EQUIV-OK :: read-acct-user	NO-ASSERTIONS
iam	rbac-subject-channel-equivalence	IAM-CH-USER-EQUIV-OK :: read-acct-user	NO-ASSERTIONS
iam	rbac-subject-channel-equivalence	IAM-CH-USER-EQUIV-OK :: read-acct-user	NO-ASSERTIONS
iam	rbac-subject-channel-equivalence	IAM-CH-USER-EQUIV-OK :: read-acct-user	NO-ASSERTIONS
iam	rbac-subject-channel-equivalence	IAM-CH-USER-EQUIV-OK :: read-acct-user	NO-ASSERTIONS
iam	rbac-subject-channel-equivalence	IAM-CH-USER-EQUIV-OK :: read-acct-user	NO-ASSERTIONS
iam	rbac-subject-channel-equivalence	IAM-CH-USER-EQUIV-OK :: read-acct-user	NO-ASSERTIONS
iam	rbac-subject-channel-equivalence	IAM-CH-USER-EQUIV-OK :: read-acct-user	NO-ASSERTIONS
iam	rbac-subject-channel-equivalence	IAM-CH-USER-EQUIV-OK :: read-acct-user	NO-ASSERTIONS
iam	rbac-subject-channel-equivalence	IAM-CH-USER-EQUIV-OK :: read-acct-user	NO-ASSERTIONS
iam	rbac-subject-channel-equivalence	IAM-CH-USER-EQUIV-OK :: read-acct-user	NO-ASSERTIONS
iam	rbac-subject-channel-equivalence	IAM-CH-USER-EQUIV-OK :: read-acct-user	NO-ASSERTIONS
iam	rbac-subject-channel-equivalence	IAM-CH-USER-EQUIV-OK :: read-acct-user	NO-ASSERTIONS
iam	rbac-subject-channel-equivalence	IAM-CH-USER-EQUIV-OK :: read-acct-user	NO-ASSERTIONS
iam	rbac-subject-channel-equivalence	IAM-CH-USER-EQUIV-OK :: read-acct-user	NO-ASSERTIONS
iam	rbac-subject-channel-equivalence	IAM-CH-USER-EQUIV-OK :: read-acct-user	NO-ASSERTIONS
iam	rbac-subject-channel-equivalence	IAM-CH-USER-EQUIV-OK :: read-acct-user	NO-ASSERTIONS
iam	rbac-subject-channel-equivalence	IAM-CH-USER-EQUIV-OK :: read-acct-user	NO-ASSERTIONS
iam	rbac-subject-channel-equivalence	IAM-CH-USER-EQUIV-OK :: read-acct-user	NO-ASSERTIONS
iam	rbac-subject-channel-equivalence	IAM-CH-USER-EQUIV-OK :: read-acct-user	NO-ASSERTIONS
iam	rbac-subject-channel-equivalence	IAM-CH-USER-EQUIV-OK :: read-acct-user	NO-ASSERTIONS
iam	rbac-subject-channel-equivalence	IAM-CH-USER-EQUIV-OK :: read-acct-user	NO-ASSERTIONS
iam	rbac-subject-channel-equivalence	IAM-CH-USER-EQUIV-OK :: read-acct-user	NO-ASSERTIONS
iam	rbac-subject-channel-equivalence	IAM-CH-USER-EQUIV-OK :: read-acct-user	NO-ASSERTIONS
iam	rbac-subject-channel-equivalence	IAM-CH-USER-EQUIV-OK :: read-acct-user	NO-ASSERTIONS
iam	rbac-subject-channel-equivalence	IAM-CH-USER-EQUIV-OK :: read-acct-user	NO-ASSERTIONS
iam	rbac-subject-channel-equivalence	IAM-CH-USER-EQUIV-OK :: read-acct-user	NO-ASSERTIONS
iam	rbac-subject-channel-equivalence	IAM-CH-USER-EQUIV-OK :: read-acct-user	NO-ASSERTIONS
iam	rbac-subject-channel-equivalence	IAM-CH-USER-EQUIV-OK :: read-acct-user	NO-ASSERTIONS
iam	rbac-subject-channel-equivalence	IAM-CH-USER-EQUIV-OK :: read-acct-user	NO-ASSERTIONS
iam	rbac-subject-channel-equivalence	IAM-CH-USER-EQUIV-OK :: read-acct-user	NO-ASSERTIONS
iam	rbac-subject-channel-equivalence	IAM-CH-USER-EQUIV-OK :: read-acct-user	NO-ASSERTIONS
iam	rbac-subject-channel-equivalence	IAM-CH-USER-EQUIV-OK :: read-acct-user	NO-ASSERTIONS
iam	rbac-subject-channel-equivalence	IAM-CH-USER-EQUIV-OK :: read-acct-user	NO-ASSERTIONS
iam	rbac-subject-channel-equivalence	IAM-CH-USER-EQUIV-OK :: read-acct-user	NO-ASSERTIONS
iam	rbac-subject-channel-equivalence	IAM-CH-USER-EQUIV-OK :: read-acct-user	NO-ASSERTIONS
iam	rbac-subject-channel-equivalence	IAM-CH-USER-EQUIV-OK :: read-acct-user	NO-ASSERTIONS
iam	rbac-subject-channel-equivalence	IAM-CH-USER-EQUIV-OK :: read-acct-user	NO-ASSERTIONS
iam	rbac-subject-channel-equivalence	IAM-CH-USER-EQUIV-OK :: read-acct-user	NO-ASSERTIONS
iam	rbac-subject-channel-equivalence	IAM-CH-USER-EQUIV-OK :: read-acct-user	NO-ASSERTIONS
iam	rbac-subject-channel-equivalence	IAM-CH-USER-EQUIV-OK :: read-acct-user	NO-ASSERTIONS
iam	rbac-subject-channel-equivalence	IAM-CH-USER-EQUIV-OK :: read-acct-user	NO-ASSERTIONS
iam	rbac-subject-channel-equivalence	IAM-CH-USER-EQUIV-OK :: read-acct-user	NO-ASSERTIONS
iam	rbac-subject-channel-equivalence	IAM-CH-USER-EQUIV-OK :: read-acct-user	NO-ASSERTIONS
iam	rbac-subject-channel-equivalence	IAM-CH-USER-EQUIV-OK :: read-acct-user	NO-ASSERTIONS
iam	rbac-subject-channel-equivalence	IAM-CH-USER-EQUIV-OK :: read-acct-user	NO-ASSERTIONS
iam	rbac-subject-channel-equivalence	IAM-CH-USER-EQUIV-OK :: read-acct-user	NO-ASSERTIONS
iam	rbac-subject-channel-equivalence	IAM-CH-USER-EQUIV-OK :: read-acct-user	NO-ASSERTIONS
iam	rbac-subject-channel-equivalence	IAM-CH-USER-EQUIV-OK :: read-acct-user	NO-ASSERTIONS
iam	rbac-subject-channel-equivalence	IAM-CH-USER-EQUIV-OK :: read-acct-user	NO-ASSERTIONS
iam	rbac-subject-channel-equivalence	IAM-CH-USER-EQUIV-OK :: read-acct-user	NO-ASSERTIONS
iam	rbac-subject-channel-equivalence	IAM-CH-USER-EQUIV-OK :: read-acct-user	NO-ASSERTIONS
iam	rbac-subject-channel-equivalence	IAM-CH-USER-EQUIV-OK :: read-acct-user	NO-ASSERTIONS
iam	rbac-subject-channel-equivalence	IAM-CH-USER-EQUIV-OK :: read-acct-user	NO-ASSERTIONS
iam	rbac-subject-channel-equivalence	IAM-CH-USER-EQUIV-OK :: read-acct-user	NO-ASSERTIONS
iam	rbac-subject-channel-equivalence	IAM-CH-USER-EQUIV-OK :: read-acct-user	NO-ASSERTIONS
iam	rbac-subject-channel-equivalence	IAM-CH-USER-EQUIV-OK :: read-acct-user	NO-ASSERTIONS
iam	rbac-subject-channel-equivalence	IAM-CH-USER-EQUIV-OK :: read-acct-user	NO-ASSERTIONS
iam	rbac-subject-channel-equivalence	IAM-CH-USER-EQUIV-OK :: read-acct-user	NO-ASSERTIONS
iam	rbac-subject-channel-equivalence	IAM-CH-USER-EQUIV-OK :: read-acct-user	NO-ASSERTIONS
iam	rbac-subject-channel-equivalence	IAM-CH-USER-EQUIV-OK :: read-acct-user	NO-ASSERTIONS
iam	rbac-subject-channel-equivalence	IAM-CH-USER-EQUIV-OK :: read-acct-user	NO-ASSERTIONS
iam	rbac-subject-channel-equivalence	IAM-CH-USER-EQUIV-OK :: read-acct-user	NO-ASSERTIONS
iam	rbac-subject-channel-equivalence	IAM-CH-USER-EQUIV-OK :: read-acct-user	NO-ASSERTIONS
iam	rbac-subject-channel-equivalence	IAM-CH-USER-EQUIV-OK :: read-acct-user	NO-ASSERTIONS
iam	rbac-subject-channel-equivalence	IAM-CH-USER-EQUIV-OK :: read-acct-user	NO-ASSERTIONS
iam	rbac-subject-channel-equivalence	IAM-CH-USER-EQUIV-OK :: read-acct-user	NO-ASSERTIONS
iam	rbac-subject-channel-equivalence	IAM-CH-USER-EQUIV-OK :: read-acct-user	NO-ASSERTIONS
iam	rbac-subject-channel-equivalence	IAM-CH-USER-EQUIV-OK :: read-acct-user	NO-ASSERTIONS
iam	rbac-subject-channel-equivalence	IAM-CH-USER-EQUIV-OK :: read-acct-user	NO-ASSERTIONS
iam	rbac-subject-channel-equivalence	IAM-CH-USER-EQUIV-OK :: read-acct-user	RED
iam	rbac-subject-channel-equivalence	IAM-CH-USER-EQUIV-OK :: read-prj-user	GREEN
iam	rbac-subject-channel-equivalence	IAM-CH-USER-EQUIV-OK :: teardown-user-gone	GREEN
iam	rbac-subject-channel-equivalence	IAM-CH-USER-EQUIV-OK :: teardown-user-revoke-await	NO-ASSERTIONS
iam	rbac-subject-channel-equivalence	IAM-CH-USER-EQUIV-OK :: teardown-user-revoke-await	NO-ASSERTIONS
iam	rbac-subject-channel-equivalence	IAM-CH-USER-EQUIV-OK :: teardown-user-revoke-await	NO-ASSERTIONS
iam	rbac-subject-channel-equivalence	IAM-CH-USER-EQUIV-OK :: teardown-user-revoke-await	NO-ASSERTIONS
iam	rbac-subject-channel-equivalence	IAM-CH-USER-EQUIV-OK :: teardown-user-revoke-await	NO-ASSERTIONS
iam	rbac-subject-channel-equivalence	IAM-CH-USER-EQUIV-OK :: teardown-user-revoke-await	NO-ASSERTIONS
iam	rbac-subject-channel-equivalence	IAM-CH-USER-EQUIV-OK :: teardown-user-revoke-await	NO-ASSERTIONS
iam	rbac-subject-channel-equivalence	IAM-CH-USER-EQUIV-OK :: teardown-user-revoke-await	NO-ASSERTIONS
iam	rbac-subject-channel-equivalence	IAM-CH-USER-EQUIV-OK :: teardown-user-revoke-await	NO-ASSERTIONS
iam	rbac-subject-channel-equivalence	IAM-CH-USER-EQUIV-OK :: teardown-user-revoke-await	NO-ASSERTIONS
iam	rbac-subject-channel-equivalence	IAM-CH-USER-EQUIV-OK :: teardown-user-revoke	GREEN
iam	rbac-subject-channel-equivalence	IAM-CH-USER-SA-ISOLATION-DENY :: chUsrIso-preclean-list	GREEN
iam	rbac-subject-channel-equivalence	IAM-CH-USER-SA-ISOLATION-DENY :: grant-user	GREEN
iam	rbac-subject-channel-equivalence	IAM-CH-USER-SA-ISOLATION-DENY :: poll-chUsrIsoOp	GREEN
iam	rbac-subject-channel-equivalence	IAM-CH-USER-SA-ISOLATION-DENY :: sa-not-inherits	GREEN
iam	rbac-subject-channel-equivalence	IAM-CH-USER-SA-ISOLATION-DENY :: teardown-usr-iso-gone	GREEN
iam	rbac-subject-channel-equivalence	IAM-CH-USER-SA-ISOLATION-DENY :: teardown-usr-iso-revoke-await	NO-ASSERTIONS
iam	rbac-subject-channel-equivalence	IAM-CH-USER-SA-ISOLATION-DENY :: teardown-usr-iso-revoke-await	NO-ASSERTIONS
iam	rbac-subject-channel-equivalence	IAM-CH-USER-SA-ISOLATION-DENY :: teardown-usr-iso-revoke-await	NO-ASSERTIONS
iam	rbac-subject-channel-equivalence	IAM-CH-USER-SA-ISOLATION-DENY :: teardown-usr-iso-revoke-await	NO-ASSERTIONS
iam	rbac-subject-channel-equivalence	IAM-CH-USER-SA-ISOLATION-DENY :: teardown-usr-iso-revoke-await	NO-ASSERTIONS
iam	rbac-subject-channel-equivalence	IAM-CH-USER-SA-ISOLATION-DENY :: teardown-usr-iso-revoke-await	NO-ASSERTIONS
iam	rbac-subject-channel-equivalence	IAM-CH-USER-SA-ISOLATION-DENY :: teardown-usr-iso-revoke-await	NO-ASSERTIONS
iam	rbac-subject-channel-equivalence	IAM-CH-USER-SA-ISOLATION-DENY :: teardown-usr-iso-revoke-await	NO-ASSERTIONS
iam	rbac-subject-channel-equivalence	IAM-CH-USER-SA-ISOLATION-DENY :: teardown-usr-iso-revoke-await	NO-ASSERTIONS
iam	rbac-subject-channel-equivalence	IAM-CH-USER-SA-ISOLATION-DENY :: teardown-usr-iso-revoke-await	NO-ASSERTIONS
iam	rbac-subject-channel-equivalence	IAM-CH-USER-SA-ISOLATION-DENY :: teardown-usr-iso-revoke	GREEN
iam	rbac-subject-channel-equivalence	IAM-CH-USER-SA-ISOLATION-DENY :: user-reads	NO-ASSERTIONS
iam	rbac-subject-channel-equivalence	IAM-CH-USER-SA-ISOLATION-DENY :: user-reads	NO-ASSERTIONS
iam	rbac-subject-channel-equivalence	IAM-CH-USER-SA-ISOLATION-DENY :: user-reads	NO-ASSERTIONS
iam	rbac-subject-channel-equivalence	IAM-CH-USER-SA-ISOLATION-DENY :: user-reads	NO-ASSERTIONS
iam	rbac-subject-channel-equivalence	IAM-CH-USER-SA-ISOLATION-DENY :: user-reads	NO-ASSERTIONS
iam	rbac-subject-channel-equivalence	IAM-CH-USER-SA-ISOLATION-DENY :: user-reads	NO-ASSERTIONS
iam	rbac-subject-channel-equivalence	IAM-CH-USER-SA-ISOLATION-DENY :: user-reads	NO-ASSERTIONS
iam	rbac-subject-channel-equivalence	IAM-CH-USER-SA-ISOLATION-DENY :: user-reads	NO-ASSERTIONS
iam	rbac-subject-channel-equivalence	IAM-CH-USER-SA-ISOLATION-DENY :: user-reads	NO-ASSERTIONS
iam	rbac-subject-channel-equivalence	IAM-CH-USER-SA-ISOLATION-DENY :: user-reads	NO-ASSERTIONS
iam	rbac-subject-channel-equivalence	IAM-CH-USER-SA-ISOLATION-DENY :: user-reads	NO-ASSERTIONS
iam	rbac-subject-channel-equivalence	IAM-CH-USER-SA-ISOLATION-DENY :: user-reads	NO-ASSERTIONS
iam	rbac-subject-channel-equivalence	IAM-CH-USER-SA-ISOLATION-DENY :: user-reads	NO-ASSERTIONS
iam	rbac-subject-channel-equivalence	IAM-CH-USER-SA-ISOLATION-DENY :: user-reads	NO-ASSERTIONS
iam	rbac-subject-channel-equivalence	IAM-CH-USER-SA-ISOLATION-DENY :: user-reads	NO-ASSERTIONS
iam	rbac-subject-channel-equivalence	IAM-CH-USER-SA-ISOLATION-DENY :: user-reads	NO-ASSERTIONS
iam	rbac-subject-channel-equivalence	IAM-CH-USER-SA-ISOLATION-DENY :: user-reads	NO-ASSERTIONS
iam	rbac-subject-channel-equivalence	IAM-CH-USER-SA-ISOLATION-DENY :: user-reads	NO-ASSERTIONS
iam	rbac-subject-channel-equivalence	IAM-CH-USER-SA-ISOLATION-DENY :: user-reads	NO-ASSERTIONS
iam	rbac-subject-channel-equivalence	IAM-CH-USER-SA-ISOLATION-DENY :: user-reads	NO-ASSERTIONS
iam	rbac-subject-channel-equivalence	IAM-CH-USER-SA-ISOLATION-DENY :: user-reads	NO-ASSERTIONS
iam	rbac-subject-channel-equivalence	IAM-CH-USER-SA-ISOLATION-DENY :: user-reads	NO-ASSERTIONS
iam	rbac-subject-channel-equivalence	IAM-CH-USER-SA-ISOLATION-DENY :: user-reads	NO-ASSERTIONS
iam	rbac-subject-channel-equivalence	IAM-CH-USER-SA-ISOLATION-DENY :: user-reads	NO-ASSERTIONS
iam	rbac-subject-channel-equivalence	IAM-CH-USER-SA-ISOLATION-DENY :: user-reads	NO-ASSERTIONS
iam	rbac-subject-channel-equivalence	IAM-CH-USER-SA-ISOLATION-DENY :: user-reads	NO-ASSERTIONS
iam	rbac-subject-channel-equivalence	IAM-CH-USER-SA-ISOLATION-DENY :: user-reads	NO-ASSERTIONS
iam	rbac-subject-channel-equivalence	IAM-CH-USER-SA-ISOLATION-DENY :: user-reads	NO-ASSERTIONS
iam	rbac-subject-channel-equivalence	IAM-CH-USER-SA-ISOLATION-DENY :: user-reads	NO-ASSERTIONS
iam	rbac-subject-channel-equivalence	IAM-CH-USER-SA-ISOLATION-DENY :: user-reads	NO-ASSERTIONS
iam	rbac-subject-channel-equivalence	IAM-CH-USER-SA-ISOLATION-DENY :: user-reads	NO-ASSERTIONS
iam	rbac-subject-channel-equivalence	IAM-CH-USER-SA-ISOLATION-DENY :: user-reads	NO-ASSERTIONS
iam	rbac-subject-channel-equivalence	IAM-CH-USER-SA-ISOLATION-DENY :: user-reads	NO-ASSERTIONS
iam	rbac-subject-channel-equivalence	IAM-CH-USER-SA-ISOLATION-DENY :: user-reads	NO-ASSERTIONS
iam	rbac-subject-channel-equivalence	IAM-CH-USER-SA-ISOLATION-DENY :: user-reads	NO-ASSERTIONS
iam	rbac-subject-channel-equivalence	IAM-CH-USER-SA-ISOLATION-DENY :: user-reads	NO-ASSERTIONS
iam	rbac-subject-channel-equivalence	IAM-CH-USER-SA-ISOLATION-DENY :: user-reads	NO-ASSERTIONS
iam	rbac-subject-channel-equivalence	IAM-CH-USER-SA-ISOLATION-DENY :: user-reads	NO-ASSERTIONS
iam	rbac-subject-channel-equivalence	IAM-CH-USER-SA-ISOLATION-DENY :: user-reads	NO-ASSERTIONS
iam	rbac-subject-channel-equivalence	IAM-CH-USER-SA-ISOLATION-DENY :: user-reads	NO-ASSERTIONS
iam	rbac-subject-channel-equivalence	IAM-CH-USER-SA-ISOLATION-DENY :: user-reads	NO-ASSERTIONS
iam	rbac-subject-channel-equivalence	IAM-CH-USER-SA-ISOLATION-DENY :: user-reads	NO-ASSERTIONS
iam	rbac-subject-channel-equivalence	IAM-CH-USER-SA-ISOLATION-DENY :: user-reads	NO-ASSERTIONS
iam	rbac-subject-channel-equivalence	IAM-CH-USER-SA-ISOLATION-DENY :: user-reads	NO-ASSERTIONS
iam	rbac-subject-channel-equivalence	IAM-CH-USER-SA-ISOLATION-DENY :: user-reads	NO-ASSERTIONS
iam	rbac-subject-channel-equivalence	IAM-CH-USER-SA-ISOLATION-DENY :: user-reads	NO-ASSERTIONS
iam	rbac-subject-channel-equivalence	IAM-CH-USER-SA-ISOLATION-DENY :: user-reads	NO-ASSERTIONS
iam	rbac-subject-channel-equivalence	IAM-CH-USER-SA-ISOLATION-DENY :: user-reads	NO-ASSERTIONS
iam	rbac-subject-channel-equivalence	IAM-CH-USER-SA-ISOLATION-DENY :: user-reads	NO-ASSERTIONS
iam	rbac-subject-channel-equivalence	IAM-CH-USER-SA-ISOLATION-DENY :: user-reads	NO-ASSERTIONS
iam	rbac-subject-channel-equivalence	IAM-CH-USER-SA-ISOLATION-DENY :: user-reads	NO-ASSERTIONS
iam	rbac-subject-channel-equivalence	IAM-CH-USER-SA-ISOLATION-DENY :: user-reads	NO-ASSERTIONS
iam	rbac-subject-channel-equivalence	IAM-CH-USER-SA-ISOLATION-DENY :: user-reads	NO-ASSERTIONS
iam	rbac-subject-channel-equivalence	IAM-CH-USER-SA-ISOLATION-DENY :: user-reads	NO-ASSERTIONS
iam	rbac-subject-channel-equivalence	IAM-CH-USER-SA-ISOLATION-DENY :: user-reads	NO-ASSERTIONS
iam	rbac-subject-channel-equivalence	IAM-CH-USER-SA-ISOLATION-DENY :: user-reads	NO-ASSERTIONS
iam	rbac-subject-channel-equivalence	IAM-CH-USER-SA-ISOLATION-DENY :: user-reads	NO-ASSERTIONS
iam	rbac-subject-channel-equivalence	IAM-CH-USER-SA-ISOLATION-DENY :: user-reads	NO-ASSERTIONS
iam	rbac-subject-channel-equivalence	IAM-CH-USER-SA-ISOLATION-DENY :: user-reads	NO-ASSERTIONS
iam	rbac-subject-channel-equivalence	IAM-CH-USER-SA-ISOLATION-DENY :: user-reads	NO-ASSERTIONS
iam	rbac-subject-channel-equivalence	IAM-CH-USER-SA-ISOLATION-DENY :: user-reads	NO-ASSERTIONS
iam	rbac-subject-channel-equivalence	IAM-CH-USER-SA-ISOLATION-DENY :: user-reads	NO-ASSERTIONS
iam	rbac-subject-channel-equivalence	IAM-CH-USER-SA-ISOLATION-DENY :: user-reads	NO-ASSERTIONS
iam	rbac-subject-channel-equivalence	IAM-CH-USER-SA-ISOLATION-DENY :: user-reads	NO-ASSERTIONS
iam	rbac-subject-channel-equivalence	IAM-CH-USER-SA-ISOLATION-DENY :: user-reads	NO-ASSERTIONS
iam	rbac-subject-channel-equivalence	IAM-CH-USER-SA-ISOLATION-DENY :: user-reads	NO-ASSERTIONS
iam	rbac-subject-channel-equivalence	IAM-CH-USER-SA-ISOLATION-DENY :: user-reads	NO-ASSERTIONS
iam	rbac-subject-channel-equivalence	IAM-CH-USER-SA-ISOLATION-DENY :: user-reads	NO-ASSERTIONS
iam	rbac-subject-channel-equivalence	IAM-CH-USER-SA-ISOLATION-DENY :: user-reads	NO-ASSERTIONS
iam	rbac-subject-channel-equivalence	IAM-CH-USER-SA-ISOLATION-DENY :: user-reads	NO-ASSERTIONS
iam	rbac-subject-channel-equivalence	IAM-CH-USER-SA-ISOLATION-DENY :: user-reads	NO-ASSERTIONS
iam	rbac-subject-channel-equivalence	IAM-CH-USER-SA-ISOLATION-DENY :: user-reads	NO-ASSERTIONS
iam	rbac-subject-channel-equivalence	IAM-CH-USER-SA-ISOLATION-DENY :: user-reads	NO-ASSERTIONS
iam	rbac-subject-channel-equivalence	IAM-CH-USER-SA-ISOLATION-DENY :: user-reads	NO-ASSERTIONS
iam	rbac-subject-channel-equivalence	IAM-CH-USER-SA-ISOLATION-DENY :: user-reads	NO-ASSERTIONS
iam	rbac-subject-channel-equivalence	IAM-CH-USER-SA-ISOLATION-DENY :: user-reads	NO-ASSERTIONS
iam	rbac-subject-channel-equivalence	IAM-CH-USER-SA-ISOLATION-DENY :: user-reads	NO-ASSERTIONS
iam	rbac-subject-channel-equivalence	IAM-CH-USER-SA-ISOLATION-DENY :: user-reads	NO-ASSERTIONS
iam	rbac-subject-channel-equivalence	IAM-CH-USER-SA-ISOLATION-DENY :: user-reads	NO-ASSERTIONS
iam	rbac-subject-channel-equivalence	IAM-CH-USER-SA-ISOLATION-DENY :: user-reads	NO-ASSERTIONS
iam	rbac-subject-channel-equivalence	IAM-CH-USER-SA-ISOLATION-DENY :: user-reads	NO-ASSERTIONS
iam	rbac-subject-channel-equivalence	IAM-CH-USER-SA-ISOLATION-DENY :: user-reads	NO-ASSERTIONS
iam	rbac-subject-channel-equivalence	IAM-CH-USER-SA-ISOLATION-DENY :: user-reads	NO-ASSERTIONS
iam	rbac-subject-channel-equivalence	IAM-CH-USER-SA-ISOLATION-DENY :: user-reads	NO-ASSERTIONS
iam	rbac-subject-channel-equivalence	IAM-CH-USER-SA-ISOLATION-DENY :: user-reads	NO-ASSERTIONS
iam	rbac-subject-channel-equivalence	IAM-CH-USER-SA-ISOLATION-DENY :: user-reads	NO-ASSERTIONS
iam	rbac-subject-channel-equivalence	IAM-CH-USER-SA-ISOLATION-DENY :: user-reads	NO-ASSERTIONS
iam	rbac-subject-channel-equivalence	IAM-CH-USER-SA-ISOLATION-DENY :: user-reads	NO-ASSERTIONS
iam	rbac-subject-channel-equivalence	IAM-CH-USER-SA-ISOLATION-DENY :: user-reads	NO-ASSERTIONS
iam	rbac-subject-channel-equivalence	IAM-CH-USER-SA-ISOLATION-DENY :: user-reads	NO-ASSERTIONS
iam	rbac-subject-channel-equivalence	IAM-CH-USER-SA-ISOLATION-DENY :: user-reads	NO-ASSERTIONS
iam	rbac-subject-channel-equivalence	IAM-CH-USER-SA-ISOLATION-DENY :: user-reads	NO-ASSERTIONS
iam	rbac-subject-channel-equivalence	IAM-CH-USER-SA-ISOLATION-DENY :: user-reads	NO-ASSERTIONS
iam	rbac-subject-channel-equivalence	IAM-CH-USER-SA-ISOLATION-DENY :: user-reads	NO-ASSERTIONS
iam	rbac-subject-channel-equivalence	IAM-CH-USER-SA-ISOLATION-DENY :: user-reads	NO-ASSERTIONS
iam	rbac-subject-channel-equivalence	IAM-CH-USER-SA-ISOLATION-DENY :: user-reads	NO-ASSERTIONS
iam	rbac-subject-channel-equivalence	IAM-CH-USER-SA-ISOLATION-DENY :: user-reads	NO-ASSERTIONS
iam	rbac-subject-channel-equivalence	IAM-CH-USER-SA-ISOLATION-DENY :: user-reads	NO-ASSERTIONS
iam	rbac-subject-channel-equivalence	IAM-CH-USER-SA-ISOLATION-DENY :: user-reads	NO-ASSERTIONS
iam	rbac-subject-channel-equivalence	IAM-CH-USER-SA-ISOLATION-DENY :: user-reads	NO-ASSERTIONS
iam	rbac-subject-channel-equivalence	IAM-CH-USER-SA-ISOLATION-DENY :: user-reads	NO-ASSERTIONS
iam	rbac-subject-channel-equivalence	IAM-CH-USER-SA-ISOLATION-DENY :: user-reads	NO-ASSERTIONS
iam	rbac-subject-channel-equivalence	IAM-CH-USER-SA-ISOLATION-DENY :: user-reads	NO-ASSERTIONS
iam	rbac-subject-channel-equivalence	IAM-CH-USER-SA-ISOLATION-DENY :: user-reads	NO-ASSERTIONS
iam	rbac-subject-channel-equivalence	IAM-CH-USER-SA-ISOLATION-DENY :: user-reads	NO-ASSERTIONS
iam	rbac-subject-channel-equivalence	IAM-CH-USER-SA-ISOLATION-DENY :: user-reads	NO-ASSERTIONS
iam	rbac-subject-channel-equivalence	IAM-CH-USER-SA-ISOLATION-DENY :: user-reads	NO-ASSERTIONS
iam	rbac-subject-channel-equivalence	IAM-CH-USER-SA-ISOLATION-DENY :: user-reads	NO-ASSERTIONS
iam	rbac-subject-channel-equivalence	IAM-CH-USER-SA-ISOLATION-DENY :: user-reads	NO-ASSERTIONS
iam	rbac-subject-channel-equivalence	IAM-CH-USER-SA-ISOLATION-DENY :: user-reads	NO-ASSERTIONS
iam	rbac-subject-channel-equivalence	IAM-CH-USER-SA-ISOLATION-DENY :: user-reads	NO-ASSERTIONS
iam	rbac-subject-channel-equivalence	IAM-CH-USER-SA-ISOLATION-DENY :: user-reads	NO-ASSERTIONS
iam	rbac-subject-channel-equivalence	IAM-CH-USER-SA-ISOLATION-DENY :: user-reads	NO-ASSERTIONS
iam	rbac-subject-channel-equivalence	IAM-CH-USER-SA-ISOLATION-DENY :: user-reads	NO-ASSERTIONS
iam	rbac-subject-channel-equivalence	IAM-CH-USER-SA-ISOLATION-DENY :: user-reads	NO-ASSERTIONS
iam	rbac-subject-channel-equivalence	IAM-CH-USER-SA-ISOLATION-DENY :: user-reads	NO-ASSERTIONS
iam	rbac-subject-channel-equivalence	IAM-CH-USER-SA-ISOLATION-DENY :: user-reads	NO-ASSERTIONS
iam	rbac-subject-channel-equivalence	IAM-CH-USER-SA-ISOLATION-DENY :: user-reads	NO-ASSERTIONS
iam	rbac-subject-channel-equivalence	IAM-CH-USER-SA-ISOLATION-DENY :: user-reads	NO-ASSERTIONS
iam	rbac-subject-channel-equivalence	IAM-CH-USER-SA-ISOLATION-DENY :: user-reads	NO-ASSERTIONS
iam	rbac-subject-channel-equivalence	IAM-CH-USER-SA-ISOLATION-DENY :: user-reads	NO-ASSERTIONS
iam	rbac-subject-channel-equivalence	IAM-CH-USER-SA-ISOLATION-DENY :: user-reads	NO-ASSERTIONS
iam	rbac-subject-channel-equivalence	IAM-CH-USER-SA-ISOLATION-DENY :: user-reads	NO-ASSERTIONS
iam	rbac-subject-channel-equivalence	IAM-CH-USER-SA-ISOLATION-DENY :: user-reads	NO-ASSERTIONS
iam	rbac-subject-channel-equivalence	IAM-CH-USER-SA-ISOLATION-DENY :: user-reads	NO-ASSERTIONS
iam	rbac-subject-channel-equivalence	IAM-CH-USER-SA-ISOLATION-DENY :: user-reads	NO-ASSERTIONS
iam	rbac-subject-channel-equivalence	IAM-CH-USER-SA-ISOLATION-DENY :: user-reads	NO-ASSERTIONS
iam	rbac-subject-channel-equivalence	IAM-CH-USER-SA-ISOLATION-DENY :: user-reads	NO-ASSERTIONS
iam	rbac-subject-channel-equivalence	IAM-CH-USER-SA-ISOLATION-DENY :: user-reads	NO-ASSERTIONS
iam	rbac-subject-channel-equivalence	IAM-CH-USER-SA-ISOLATION-DENY :: user-reads	NO-ASSERTIONS
iam	rbac-subject-channel-equivalence	IAM-CH-USER-SA-ISOLATION-DENY :: user-reads	NO-ASSERTIONS
iam	rbac-subject-channel-equivalence	IAM-CH-USER-SA-ISOLATION-DENY :: user-reads	NO-ASSERTIONS
iam	rbac-subject-channel-equivalence	IAM-CH-USER-SA-ISOLATION-DENY :: user-reads	NO-ASSERTIONS
iam	rbac-subject-channel-equivalence	IAM-CH-USER-SA-ISOLATION-DENY :: user-reads	NO-ASSERTIONS
iam	rbac-subject-channel-equivalence	IAM-CH-USER-SA-ISOLATION-DENY :: user-reads	NO-ASSERTIONS
iam	rbac-subject-channel-equivalence	IAM-CH-USER-SA-ISOLATION-DENY :: user-reads	NO-ASSERTIONS
iam	rbac-subject-channel-equivalence	IAM-CH-USER-SA-ISOLATION-DENY :: user-reads	NO-ASSERTIONS
iam	rbac-subject-channel-equivalence	IAM-CH-USER-SA-ISOLATION-DENY :: user-reads	NO-ASSERTIONS
iam	rbac-subject-channel-equivalence	IAM-CH-USER-SA-ISOLATION-DENY :: user-reads	NO-ASSERTIONS
iam	rbac-subject-channel-equivalence	IAM-CH-USER-SA-ISOLATION-DENY :: user-reads	NO-ASSERTIONS
iam	rbac-subject-channel-equivalence	IAM-CH-USER-SA-ISOLATION-DENY :: user-reads	NO-ASSERTIONS
iam	rbac-subject-channel-equivalence	IAM-CH-USER-SA-ISOLATION-DENY :: user-reads	NO-ASSERTIONS
iam	rbac-subject-channel-equivalence	IAM-CH-USER-SA-ISOLATION-DENY :: user-reads	NO-ASSERTIONS
iam	rbac-subject-channel-equivalence	IAM-CH-USER-SA-ISOLATION-DENY :: user-reads	NO-ASSERTIONS
iam	rbac-subject-channel-equivalence	IAM-CH-USER-SA-ISOLATION-DENY :: user-reads	NO-ASSERTIONS
iam	rbac-subject-channel-equivalence	IAM-CH-USER-SA-ISOLATION-DENY :: user-reads	NO-ASSERTIONS
iam	rbac-subject-channel-equivalence	IAM-CH-USER-SA-ISOLATION-DENY :: user-reads	NO-ASSERTIONS
iam	rbac-subject-channel-equivalence	IAM-CH-USER-SA-ISOLATION-DENY :: user-reads	NO-ASSERTIONS
iam	rbac-subject-channel-equivalence	IAM-CH-USER-SA-ISOLATION-DENY :: user-reads	NO-ASSERTIONS
iam	rbac-subject-channel-equivalence	IAM-CH-USER-SA-ISOLATION-DENY :: user-reads	NO-ASSERTIONS
iam	rbac-subject-channel-equivalence	IAM-CH-USER-SA-ISOLATION-DENY :: user-reads	NO-ASSERTIONS
iam	rbac-subject-channel-equivalence	IAM-CH-USER-SA-ISOLATION-DENY :: user-reads	NO-ASSERTIONS
iam	rbac-subject-channel-equivalence	IAM-CH-USER-SA-ISOLATION-DENY :: user-reads	NO-ASSERTIONS
iam	rbac-subject-channel-equivalence	IAM-CH-USER-SA-ISOLATION-DENY :: user-reads	NO-ASSERTIONS
iam	rbac-subject-channel-equivalence	IAM-CH-USER-SA-ISOLATION-DENY :: user-reads	NO-ASSERTIONS
iam	rbac-subject-channel-equivalence	IAM-CH-USER-SA-ISOLATION-DENY :: user-reads	NO-ASSERTIONS
iam	rbac-subject-channel-equivalence	IAM-CH-USER-SA-ISOLATION-DENY :: user-reads	NO-ASSERTIONS
iam	rbac-subject-channel-equivalence	IAM-CH-USER-SA-ISOLATION-DENY :: user-reads	NO-ASSERTIONS
iam	rbac-subject-channel-equivalence	IAM-CH-USER-SA-ISOLATION-DENY :: user-reads	NO-ASSERTIONS
iam	rbac-subject-channel-equivalence	IAM-CH-USER-SA-ISOLATION-DENY :: user-reads	NO-ASSERTIONS
iam	rbac-subject-channel-equivalence	IAM-CH-USER-SA-ISOLATION-DENY :: user-reads	NO-ASSERTIONS
iam	rbac-subject-channel-equivalence	IAM-CH-USER-SA-ISOLATION-DENY :: user-reads	NO-ASSERTIONS
iam	rbac-subject-channel-equivalence	IAM-CH-USER-SA-ISOLATION-DENY :: user-reads	NO-ASSERTIONS
iam	rbac-subject-channel-equivalence	IAM-CH-USER-SA-ISOLATION-DENY :: user-reads	NO-ASSERTIONS
iam	rbac-subject-channel-equivalence	IAM-CH-USER-SA-ISOLATION-DENY :: user-reads	NO-ASSERTIONS
iam	rbac-subject-channel-equivalence	IAM-CH-USER-SA-ISOLATION-DENY :: user-reads	NO-ASSERTIONS
iam	rbac-subject-channel-equivalence	IAM-CH-USER-SA-ISOLATION-DENY :: user-reads	NO-ASSERTIONS
iam	rbac-subject-channel-equivalence	IAM-CH-USER-SA-ISOLATION-DENY :: user-reads	NO-ASSERTIONS
iam	rbac-subject-channel-equivalence	IAM-CH-USER-SA-ISOLATION-DENY :: user-reads	NO-ASSERTIONS
iam	rbac-subject-channel-equivalence	IAM-CH-USER-SA-ISOLATION-DENY :: user-reads	NO-ASSERTIONS
iam	rbac-subject-channel-equivalence	IAM-CH-USER-SA-ISOLATION-DENY :: user-reads	NO-ASSERTIONS
iam	rbac-subject-channel-equivalence	IAM-CH-USER-SA-ISOLATION-DENY :: user-reads	NO-ASSERTIONS
iam	rbac-subject-channel-equivalence	IAM-CH-USER-SA-ISOLATION-DENY :: user-reads	NO-ASSERTIONS
iam	rbac-subject-channel-equivalence	IAM-CH-USER-SA-ISOLATION-DENY :: user-reads	NO-ASSERTIONS
iam	rbac-subject-channel-equivalence	IAM-CH-USER-SA-ISOLATION-DENY :: user-reads	NO-ASSERTIONS
iam	rbac-subject-channel-equivalence	IAM-CH-USER-SA-ISOLATION-DENY :: user-reads	NO-ASSERTIONS
iam	rbac-subject-channel-equivalence	IAM-CH-USER-SA-ISOLATION-DENY :: user-reads	NO-ASSERTIONS
iam	rbac-subject-channel-equivalence	IAM-CH-USER-SA-ISOLATION-DENY :: user-reads	NO-ASSERTIONS
iam	rbac-subject-channel-equivalence	IAM-CH-USER-SA-ISOLATION-DENY :: user-reads	NO-ASSERTIONS
iam	rbac-subject-channel-equivalence	IAM-CH-USER-SA-ISOLATION-DENY :: user-reads	NO-ASSERTIONS
iam	rbac-subject-channel-equivalence	IAM-CH-USER-SA-ISOLATION-DENY :: user-reads	NO-ASSERTIONS
iam	rbac-subject-channel-equivalence	IAM-CH-USER-SA-ISOLATION-DENY :: user-reads	NO-ASSERTIONS
iam	rbac-subject-channel-equivalence	IAM-CH-USER-SA-ISOLATION-DENY :: user-reads	NO-ASSERTIONS
iam	rbac-subject-channel-equivalence	IAM-CH-USER-SA-ISOLATION-DENY :: user-reads	NO-ASSERTIONS
iam	rbac-subject-channel-equivalence	IAM-CH-USER-SA-ISOLATION-DENY :: user-reads	NO-ASSERTIONS
iam	rbac-subject-channel-equivalence	IAM-CH-USER-SA-ISOLATION-DENY :: user-reads	NO-ASSERTIONS
iam	rbac-subject-channel-equivalence	IAM-CH-USER-SA-ISOLATION-DENY :: user-reads	NO-ASSERTIONS
iam	rbac-subject-channel-equivalence	IAM-CH-USER-SA-ISOLATION-DENY :: user-reads	NO-ASSERTIONS
iam	rbac-subject-channel-equivalence	IAM-CH-USER-SA-ISOLATION-DENY :: user-reads	NO-ASSERTIONS
iam	rbac-subject-channel-equivalence	IAM-CH-USER-SA-ISOLATION-DENY :: user-reads	NO-ASSERTIONS
iam	rbac-subject-channel-equivalence	IAM-CH-USER-SA-ISOLATION-DENY :: user-reads	NO-ASSERTIONS
iam	rbac-subject-channel-equivalence	IAM-CH-USER-SA-ISOLATION-DENY :: user-reads	NO-ASSERTIONS
iam	rbac-subject-channel-equivalence	IAM-CH-USER-SA-ISOLATION-DENY :: user-reads	NO-ASSERTIONS
iam	rbac-subject-channel-equivalence	IAM-CH-USER-SA-ISOLATION-DENY :: user-reads	NO-ASSERTIONS
iam	rbac-subject-channel-equivalence	IAM-CH-USER-SA-ISOLATION-DENY :: user-reads	NO-ASSERTIONS
iam	rbac-subject-channel-equivalence	IAM-CH-USER-SA-ISOLATION-DENY :: user-reads	NO-ASSERTIONS
iam	rbac-subject-channel-equivalence	IAM-CH-USER-SA-ISOLATION-DENY :: user-reads	NO-ASSERTIONS
iam	rbac-subject-channel-equivalence	IAM-CH-USER-SA-ISOLATION-DENY :: user-reads	NO-ASSERTIONS
iam	rbac-subject-channel-equivalence	IAM-CH-USER-SA-ISOLATION-DENY :: user-reads	NO-ASSERTIONS
iam	rbac-subject-channel-equivalence	IAM-CH-USER-SA-ISOLATION-DENY :: user-reads	NO-ASSERTIONS
iam	rbac-subject-channel-equivalence	IAM-CH-USER-SA-ISOLATION-DENY :: user-reads	NO-ASSERTIONS
iam	rbac-subject-channel-equivalence	IAM-CH-USER-SA-ISOLATION-DENY :: user-reads	NO-ASSERTIONS
iam	rbac-subject-channel-equivalence	IAM-CH-USER-SA-ISOLATION-DENY :: user-reads	NO-ASSERTIONS
iam	rbac-subject-channel-equivalence	IAM-CH-USER-SA-ISOLATION-DENY :: user-reads	NO-ASSERTIONS
iam	rbac-subject-channel-equivalence	IAM-CH-USER-SA-ISOLATION-DENY :: user-reads	NO-ASSERTIONS
iam	rbac-subject-channel-equivalence	IAM-CH-USER-SA-ISOLATION-DENY :: user-reads	NO-ASSERTIONS
iam	rbac-subject-channel-equivalence	IAM-CH-USER-SA-ISOLATION-DENY :: user-reads	NO-ASSERTIONS
iam	rbac-subject-channel-equivalence	IAM-CH-USER-SA-ISOLATION-DENY :: user-reads	NO-ASSERTIONS
iam	rbac-subject-channel-equivalence	IAM-CH-USER-SA-ISOLATION-DENY :: user-reads	NO-ASSERTIONS
iam	rbac-subject-channel-equivalence	IAM-CH-USER-SA-ISOLATION-DENY :: user-reads	NO-ASSERTIONS
iam	rbac-subject-channel-equivalence	IAM-CH-USER-SA-ISOLATION-DENY :: user-reads	NO-ASSERTIONS
iam	rbac-subject-channel-equivalence	IAM-CH-USER-SA-ISOLATION-DENY :: user-reads	NO-ASSERTIONS
iam	rbac-subject-channel-equivalence	IAM-CH-USER-SA-ISOLATION-DENY :: user-reads	NO-ASSERTIONS
iam	rbac-subject-channel-equivalence	IAM-CH-USER-SA-ISOLATION-DENY :: user-reads	NO-ASSERTIONS
iam	rbac-subject-channel-equivalence	IAM-CH-USER-SA-ISOLATION-DENY :: user-reads	NO-ASSERTIONS
iam	rbac-subject-channel-equivalence	IAM-CH-USER-SA-ISOLATION-DENY :: user-reads	NO-ASSERTIONS
iam	rbac-subject-channel-equivalence	IAM-CH-USER-SA-ISOLATION-DENY :: user-reads	NO-ASSERTIONS
iam	rbac-subject-channel-equivalence	IAM-CH-USER-SA-ISOLATION-DENY :: user-reads	NO-ASSERTIONS
iam	rbac-subject-channel-equivalence	IAM-CH-USER-SA-ISOLATION-DENY :: user-reads	NO-ASSERTIONS
iam	rbac-subject-channel-equivalence	IAM-CH-USER-SA-ISOLATION-DENY :: user-reads	NO-ASSERTIONS
iam	rbac-subject-channel-equivalence	IAM-CH-USER-SA-ISOLATION-DENY :: user-reads	NO-ASSERTIONS
iam	rbac-subject-channel-equivalence	IAM-CH-USER-SA-ISOLATION-DENY :: user-reads	NO-ASSERTIONS
iam	rbac-subject-channel-equivalence	IAM-CH-USER-SA-ISOLATION-DENY :: user-reads	NO-ASSERTIONS
iam	rbac-subject-channel-equivalence	IAM-CH-USER-SA-ISOLATION-DENY :: user-reads	NO-ASSERTIONS
iam	rbac-subject-channel-equivalence	IAM-CH-USER-SA-ISOLATION-DENY :: user-reads	NO-ASSERTIONS
iam	rbac-subject-channel-equivalence	IAM-CH-USER-SA-ISOLATION-DENY :: user-reads	NO-ASSERTIONS
iam	rbac-subject-channel-equivalence	IAM-CH-USER-SA-ISOLATION-DENY :: user-reads	NO-ASSERTIONS
iam	rbac-subject-channel-equivalence	IAM-CH-USER-SA-ISOLATION-DENY :: user-reads	NO-ASSERTIONS
iam	rbac-subject-channel-equivalence	IAM-CH-USER-SA-ISOLATION-DENY :: user-reads	NO-ASSERTIONS
iam	rbac-subject-channel-equivalence	IAM-CH-USER-SA-ISOLATION-DENY :: user-reads	NO-ASSERTIONS
iam	rbac-subject-channel-equivalence	IAM-CH-USER-SA-ISOLATION-DENY :: user-reads	NO-ASSERTIONS
iam	rbac-subject-channel-equivalence	IAM-CH-USER-SA-ISOLATION-DENY :: user-reads	NO-ASSERTIONS
iam	rbac-subject-channel-equivalence	IAM-CH-USER-SA-ISOLATION-DENY :: user-reads	NO-ASSERTIONS
iam	rbac-subject-channel-equivalence	IAM-CH-USER-SA-ISOLATION-DENY :: user-reads	NO-ASSERTIONS
iam	rbac-subject-channel-equivalence	IAM-CH-USER-SA-ISOLATION-DENY :: user-reads	NO-ASSERTIONS
iam	rbac-subject-channel-equivalence	IAM-CH-USER-SA-ISOLATION-DENY :: user-reads	NO-ASSERTIONS
iam	rbac-subject-channel-equivalence	IAM-CH-USER-SA-ISOLATION-DENY :: user-reads	NO-ASSERTIONS
iam	rbac-subject-channel-equivalence	IAM-CH-USER-SA-ISOLATION-DENY :: user-reads	NO-ASSERTIONS
iam	rbac-subject-channel-equivalence	IAM-CH-USER-SA-ISOLATION-DENY :: user-reads	NO-ASSERTIONS
iam	rbac-subject-channel-equivalence	IAM-CH-USER-SA-ISOLATION-DENY :: user-reads	NO-ASSERTIONS
iam	rbac-subject-channel-equivalence	IAM-CH-USER-SA-ISOLATION-DENY :: user-reads	NO-ASSERTIONS
iam	rbac-subject-channel-equivalence	IAM-CH-USER-SA-ISOLATION-DENY :: user-reads	NO-ASSERTIONS
iam	rbac-subject-channel-equivalence	IAM-CH-USER-SA-ISOLATION-DENY :: user-reads	NO-ASSERTIONS
iam	rbac-subject-channel-equivalence	IAM-CH-USER-SA-ISOLATION-DENY :: user-reads	NO-ASSERTIONS
iam	rbac-subject-channel-equivalence	IAM-CH-USER-SA-ISOLATION-DENY :: user-reads	NO-ASSERTIONS
iam	rbac-subject-channel-equivalence	IAM-CH-USER-SA-ISOLATION-DENY :: user-reads	NO-ASSERTIONS
iam	rbac-subject-channel-equivalence	IAM-CH-USER-SA-ISOLATION-DENY :: user-reads	NO-ASSERTIONS
iam	rbac-subject-channel-equivalence	IAM-CH-USER-SA-ISOLATION-DENY :: user-reads	NO-ASSERTIONS
iam	rbac-subject-channel-equivalence	IAM-CH-USER-SA-ISOLATION-DENY :: user-reads	NO-ASSERTIONS
iam	rbac-subject-channel-equivalence	IAM-CH-USER-SA-ISOLATION-DENY :: user-reads	NO-ASSERTIONS
iam	rbac-subject-channel-equivalence	IAM-CH-USER-SA-ISOLATION-DENY :: user-reads	NO-ASSERTIONS
iam	rbac-subject-channel-equivalence	IAM-CH-USER-SA-ISOLATION-DENY :: user-reads	NO-ASSERTIONS
iam	rbac-subject-channel-equivalence	IAM-CH-USER-SA-ISOLATION-DENY :: user-reads	NO-ASSERTIONS
iam	rbac-subject-channel-equivalence	IAM-CH-USER-SA-ISOLATION-DENY :: user-reads	NO-ASSERTIONS
iam	rbac-subject-channel-equivalence	IAM-CH-USER-SA-ISOLATION-DENY :: user-reads	NO-ASSERTIONS
iam	rbac-subject-channel-equivalence	IAM-CH-USER-SA-ISOLATION-DENY :: user-reads	NO-ASSERTIONS
iam	rbac-subject-channel-equivalence	IAM-CH-USER-SA-ISOLATION-DENY :: user-reads	NO-ASSERTIONS
iam	rbac-subject-channel-equivalence	IAM-CH-USER-SA-ISOLATION-DENY :: user-reads	NO-ASSERTIONS
iam	rbac-subject-channel-equivalence	IAM-CH-USER-SA-ISOLATION-DENY :: user-reads	NO-ASSERTIONS
iam	rbac-subject-channel-equivalence	IAM-CH-USER-SA-ISOLATION-DENY :: user-reads	NO-ASSERTIONS
iam	rbac-subject-channel-equivalence	IAM-CH-USER-SA-ISOLATION-DENY :: user-reads	NO-ASSERTIONS
iam	rbac-subject-channel-equivalence	IAM-CH-USER-SA-ISOLATION-DENY :: user-reads	NO-ASSERTIONS
iam	rbac-subject-channel-equivalence	IAM-CH-USER-SA-ISOLATION-DENY :: user-reads	NO-ASSERTIONS
iam	rbac-subject-channel-equivalence	IAM-CH-USER-SA-ISOLATION-DENY :: user-reads	NO-ASSERTIONS
iam	rbac-subject-channel-equivalence	IAM-CH-USER-SA-ISOLATION-DENY :: user-reads	NO-ASSERTIONS
iam	rbac-subject-channel-equivalence	IAM-CH-USER-SA-ISOLATION-DENY :: user-reads	NO-ASSERTIONS
iam	rbac-subject-channel-equivalence	IAM-CH-USER-SA-ISOLATION-DENY :: user-reads	NO-ASSERTIONS
iam	rbac-subject-channel-equivalence	IAM-CH-USER-SA-ISOLATION-DENY :: user-reads	NO-ASSERTIONS
iam	rbac-subject-channel-equivalence	IAM-CH-USER-SA-ISOLATION-DENY :: user-reads	NO-ASSERTIONS
iam	rbac-subject-channel-equivalence	IAM-CH-USER-SA-ISOLATION-DENY :: user-reads	NO-ASSERTIONS
iam	rbac-subject-channel-equivalence	IAM-CH-USER-SA-ISOLATION-DENY :: user-reads	NO-ASSERTIONS
iam	rbac-subject-channel-equivalence	IAM-CH-USER-SA-ISOLATION-DENY :: user-reads	NO-ASSERTIONS
iam	rbac-subject-channel-equivalence	IAM-CH-USER-SA-ISOLATION-DENY :: user-reads	NO-ASSERTIONS
iam	rbac-subject-channel-equivalence	IAM-CH-USER-SA-ISOLATION-DENY :: user-reads	NO-ASSERTIONS
iam	rbac-subject-channel-equivalence	IAM-CH-USER-SA-ISOLATION-DENY :: user-reads	NO-ASSERTIONS
iam	rbac-subject-channel-equivalence	IAM-CH-USER-SA-ISOLATION-DENY :: user-reads	NO-ASSERTIONS
iam	rbac-subject-channel-equivalence	IAM-CH-USER-SA-ISOLATION-DENY :: user-reads	NO-ASSERTIONS
iam	rbac-subject-channel-equivalence	IAM-CH-USER-SA-ISOLATION-DENY :: user-reads	NO-ASSERTIONS
iam	rbac-subject-channel-equivalence	IAM-CH-USER-SA-ISOLATION-DENY :: user-reads	NO-ASSERTIONS
iam	rbac-subject-channel-equivalence	IAM-CH-USER-SA-ISOLATION-DENY :: user-reads	NO-ASSERTIONS
iam	rbac-subject-channel-equivalence	IAM-CH-USER-SA-ISOLATION-DENY :: user-reads	NO-ASSERTIONS
iam	rbac-subject-channel-equivalence	IAM-CH-USER-SA-ISOLATION-DENY :: user-reads	NO-ASSERTIONS
iam	rbac-subject-channel-equivalence	IAM-CH-USER-SA-ISOLATION-DENY :: user-reads	NO-ASSERTIONS
iam	rbac-subject-channel-equivalence	IAM-CH-USER-SA-ISOLATION-DENY :: user-reads	NO-ASSERTIONS
iam	rbac-subject-channel-equivalence	IAM-CH-USER-SA-ISOLATION-DENY :: user-reads	NO-ASSERTIONS
iam	rbac-subject-channel-equivalence	IAM-CH-USER-SA-ISOLATION-DENY :: user-reads	NO-ASSERTIONS
iam	rbac-subject-channel-equivalence	IAM-CH-USER-SA-ISOLATION-DENY :: user-reads	NO-ASSERTIONS
iam	rbac-subject-channel-equivalence	IAM-CH-USER-SA-ISOLATION-DENY :: user-reads	NO-ASSERTIONS
iam	rbac-subject-channel-equivalence	IAM-CH-USER-SA-ISOLATION-DENY :: user-reads	NO-ASSERTIONS
iam	rbac-subject-channel-equivalence	IAM-CH-USER-SA-ISOLATION-DENY :: user-reads	NO-ASSERTIONS
iam	rbac-subject-channel-equivalence	IAM-CH-USER-SA-ISOLATION-DENY :: user-reads	NO-ASSERTIONS
iam	rbac-subject-channel-equivalence	IAM-CH-USER-SA-ISOLATION-DENY :: user-reads	NO-ASSERTIONS
iam	rbac-subject-channel-equivalence	IAM-CH-USER-SA-ISOLATION-DENY :: user-reads	NO-ASSERTIONS
iam	rbac-subject-channel-equivalence	IAM-CH-USER-SA-ISOLATION-DENY :: user-reads	NO-ASSERTIONS
iam	rbac-subject-channel-equivalence	IAM-CH-USER-SA-ISOLATION-DENY :: user-reads	NO-ASSERTIONS
iam	rbac-subject-channel-equivalence	IAM-CH-USER-SA-ISOLATION-DENY :: user-reads	NO-ASSERTIONS
iam	rbac-subject-channel-equivalence	IAM-CH-USER-SA-ISOLATION-DENY :: user-reads	NO-ASSERTIONS
iam	rbac-subject-channel-equivalence	IAM-CH-USER-SA-ISOLATION-DENY :: user-reads	NO-ASSERTIONS
iam	rbac-subject-channel-equivalence	IAM-CH-USER-SA-ISOLATION-DENY :: user-reads	NO-ASSERTIONS
iam	rbac-subject-channel-equivalence	IAM-CH-USER-SA-ISOLATION-DENY :: user-reads	NO-ASSERTIONS
iam	rbac-subject-channel-equivalence	IAM-CH-USER-SA-ISOLATION-DENY :: user-reads	RED
iam	rbac-visibility-set	IAM-SET-GRP-LABEL-EXACT-OK :: create-role	GREEN
iam	rbac-visibility-set	IAM-SET-GRP-LABEL-EXACT-OK :: create-stgrb1	GREEN
iam	rbac-visibility-set	IAM-SET-GRP-LABEL-EXACT-OK :: create-stgrb2	GREEN
iam	rbac-visibility-set	IAM-SET-GRP-LABEL-EXACT-OK :: create-stgrm1	GREEN
iam	rbac-visibility-set	IAM-SET-GRP-LABEL-EXACT-OK :: create-stgrm2	GREEN
iam	rbac-visibility-set	IAM-SET-GRP-LABEL-EXACT-OK :: create-stgrm3	GREEN
iam	rbac-visibility-set	IAM-SET-GRP-LABEL-EXACT-OK :: create-stgrp1	GREEN
iam	rbac-visibility-set	IAM-SET-GRP-LABEL-EXACT-OK :: create-stgrp2	GREEN
iam	rbac-visibility-set	IAM-SET-GRP-LABEL-EXACT-OK :: create-stgrp3	GREEN
iam	rbac-visibility-set	IAM-SET-GRP-LABEL-EXACT-OK :: grant-bylabel	GREEN
iam	rbac-visibility-set	IAM-SET-GRP-LABEL-EXACT-OK :: poll-setGrpBindOp	GREEN
iam	rbac-visibility-set	IAM-SET-GRP-LABEL-EXACT-OK :: poll-setGrpBQ1Op	GREEN
iam	rbac-visibility-set	IAM-SET-GRP-LABEL-EXACT-OK :: poll-setGrpBQ1Op	GREEN
iam	rbac-visibility-set	IAM-SET-GRP-LABEL-EXACT-OK :: poll-setGrpBQ2Op	GREEN
iam	rbac-visibility-set	IAM-SET-GRP-LABEL-EXACT-OK :: poll-setGrpBQ2Op	GREEN
iam	rbac-visibility-set	IAM-SET-GRP-LABEL-EXACT-OK :: poll-setGrpPM1Op	GREEN
iam	rbac-visibility-set	IAM-SET-GRP-LABEL-EXACT-OK :: poll-setGrpPM1Op	GREEN
iam	rbac-visibility-set	IAM-SET-GRP-LABEL-EXACT-OK :: poll-setGrpPM2Op	GREEN
iam	rbac-visibility-set	IAM-SET-GRP-LABEL-EXACT-OK :: poll-setGrpPM2Op	GREEN
iam	rbac-visibility-set	IAM-SET-GRP-LABEL-EXACT-OK :: poll-setGrpPM3Op	GREEN
iam	rbac-visibility-set	IAM-SET-GRP-LABEL-EXACT-OK :: poll-setGrpPM3Op	GREEN
iam	rbac-visibility-set	IAM-SET-GRP-LABEL-EXACT-OK :: poll-setGrpPP1Op	GREEN
iam	rbac-visibility-set	IAM-SET-GRP-LABEL-EXACT-OK :: poll-setGrpPP1Op	GREEN
iam	rbac-visibility-set	IAM-SET-GRP-LABEL-EXACT-OK :: poll-setGrpPP2Op	GREEN
iam	rbac-visibility-set	IAM-SET-GRP-LABEL-EXACT-OK :: poll-setGrpPP2Op	GREEN
iam	rbac-visibility-set	IAM-SET-GRP-LABEL-EXACT-OK :: poll-setGrpPP3Op	GREEN
iam	rbac-visibility-set	IAM-SET-GRP-LABEL-EXACT-OK :: poll-setGrpPP3Op	GREEN
iam	rbac-visibility-set	IAM-SET-GRP-LABEL-EXACT-OK :: poll-setGrpRoleOp	GREEN
iam	rbac-visibility-set	IAM-SET-GRP-LABEL-EXACT-OK :: poll-setGrpRoleOp	GREEN
iam	rbac-visibility-set	IAM-SET-GRP-LABEL-EXACT-OK :: read-exact-set	NO-ASSERTIONS
iam	rbac-visibility-set	IAM-SET-GRP-LABEL-EXACT-OK :: read-exact-set	NO-ASSERTIONS
iam	rbac-visibility-set	IAM-SET-GRP-LABEL-EXACT-OK :: read-exact-set	NO-ASSERTIONS
iam	rbac-visibility-set	IAM-SET-GRP-LABEL-EXACT-OK :: read-exact-set	NO-ASSERTIONS
iam	rbac-visibility-set	IAM-SET-GRP-LABEL-EXACT-OK :: read-exact-set	NO-ASSERTIONS
iam	rbac-visibility-set	IAM-SET-GRP-LABEL-EXACT-OK :: read-exact-set	NO-ASSERTIONS
iam	rbac-visibility-set	IAM-SET-GRP-LABEL-EXACT-OK :: read-exact-set	NO-ASSERTIONS
iam	rbac-visibility-set	IAM-SET-GRP-LABEL-EXACT-OK :: read-exact-set	NO-ASSERTIONS
iam	rbac-visibility-set	IAM-SET-GRP-LABEL-EXACT-OK :: read-exact-set	NO-ASSERTIONS
iam	rbac-visibility-set	IAM-SET-GRP-LABEL-EXACT-OK :: read-exact-set	NO-ASSERTIONS
iam	rbac-visibility-set	IAM-SET-GRP-LABEL-EXACT-OK :: read-exact-set	NO-ASSERTIONS
iam	rbac-visibility-set	IAM-SET-GRP-LABEL-EXACT-OK :: read-exact-set	NO-ASSERTIONS
iam	rbac-visibility-set	IAM-SET-GRP-LABEL-EXACT-OK :: read-exact-set	NO-ASSERTIONS
iam	rbac-visibility-set	IAM-SET-GRP-LABEL-EXACT-OK :: read-exact-set	NO-ASSERTIONS
iam	rbac-visibility-set	IAM-SET-GRP-LABEL-EXACT-OK :: read-exact-set	NO-ASSERTIONS
iam	rbac-visibility-set	IAM-SET-GRP-LABEL-EXACT-OK :: read-exact-set	NO-ASSERTIONS
iam	rbac-visibility-set	IAM-SET-GRP-LABEL-EXACT-OK :: read-exact-set	NO-ASSERTIONS
iam	rbac-visibility-set	IAM-SET-GRP-LABEL-EXACT-OK :: read-exact-set	NO-ASSERTIONS
iam	rbac-visibility-set	IAM-SET-GRP-LABEL-EXACT-OK :: read-exact-set	NO-ASSERTIONS
iam	rbac-visibility-set	IAM-SET-GRP-LABEL-EXACT-OK :: read-exact-set	NO-ASSERTIONS
iam	rbac-visibility-set	IAM-SET-GRP-LABEL-EXACT-OK :: read-exact-set	NO-ASSERTIONS
iam	rbac-visibility-set	IAM-SET-GRP-LABEL-EXACT-OK :: read-exact-set	NO-ASSERTIONS
iam	rbac-visibility-set	IAM-SET-GRP-LABEL-EXACT-OK :: read-exact-set	NO-ASSERTIONS
iam	rbac-visibility-set	IAM-SET-GRP-LABEL-EXACT-OK :: read-exact-set	NO-ASSERTIONS
iam	rbac-visibility-set	IAM-SET-GRP-LABEL-EXACT-OK :: read-exact-set	NO-ASSERTIONS
iam	rbac-visibility-set	IAM-SET-GRP-LABEL-EXACT-OK :: read-exact-set	NO-ASSERTIONS
iam	rbac-visibility-set	IAM-SET-GRP-LABEL-EXACT-OK :: read-exact-set	NO-ASSERTIONS
iam	rbac-visibility-set	IAM-SET-GRP-LABEL-EXACT-OK :: read-exact-set	NO-ASSERTIONS
iam	rbac-visibility-set	IAM-SET-GRP-LABEL-EXACT-OK :: read-exact-set	NO-ASSERTIONS
iam	rbac-visibility-set	IAM-SET-GRP-LABEL-EXACT-OK :: read-exact-set	NO-ASSERTIONS
iam	rbac-visibility-set	IAM-SET-GRP-LABEL-EXACT-OK :: read-exact-set	NO-ASSERTIONS
iam	rbac-visibility-set	IAM-SET-GRP-LABEL-EXACT-OK :: read-exact-set	NO-ASSERTIONS
iam	rbac-visibility-set	IAM-SET-GRP-LABEL-EXACT-OK :: read-exact-set	NO-ASSERTIONS
iam	rbac-visibility-set	IAM-SET-GRP-LABEL-EXACT-OK :: read-exact-set	NO-ASSERTIONS
iam	rbac-visibility-set	IAM-SET-GRP-LABEL-EXACT-OK :: read-exact-set	NO-ASSERTIONS
iam	rbac-visibility-set	IAM-SET-GRP-LABEL-EXACT-OK :: read-exact-set	NO-ASSERTIONS
iam	rbac-visibility-set	IAM-SET-GRP-LABEL-EXACT-OK :: read-exact-set	NO-ASSERTIONS
iam	rbac-visibility-set	IAM-SET-GRP-LABEL-EXACT-OK :: read-exact-set	NO-ASSERTIONS
iam	rbac-visibility-set	IAM-SET-GRP-LABEL-EXACT-OK :: read-exact-set	NO-ASSERTIONS
iam	rbac-visibility-set	IAM-SET-GRP-LABEL-EXACT-OK :: read-exact-set	NO-ASSERTIONS
iam	rbac-visibility-set	IAM-SET-GRP-LABEL-EXACT-OK :: read-exact-set	NO-ASSERTIONS
iam	rbac-visibility-set	IAM-SET-GRP-LABEL-EXACT-OK :: read-exact-set	NO-ASSERTIONS
iam	rbac-visibility-set	IAM-SET-GRP-LABEL-EXACT-OK :: read-exact-set	NO-ASSERTIONS
iam	rbac-visibility-set	IAM-SET-GRP-LABEL-EXACT-OK :: read-exact-set	NO-ASSERTIONS
iam	rbac-visibility-set	IAM-SET-GRP-LABEL-EXACT-OK :: read-exact-set	NO-ASSERTIONS
iam	rbac-visibility-set	IAM-SET-GRP-LABEL-EXACT-OK :: read-exact-set	NO-ASSERTIONS
iam	rbac-visibility-set	IAM-SET-GRP-LABEL-EXACT-OK :: read-exact-set	NO-ASSERTIONS
iam	rbac-visibility-set	IAM-SET-GRP-LABEL-EXACT-OK :: read-exact-set	NO-ASSERTIONS
iam	rbac-visibility-set	IAM-SET-GRP-LABEL-EXACT-OK :: read-exact-set	NO-ASSERTIONS
iam	rbac-visibility-set	IAM-SET-GRP-LABEL-EXACT-OK :: read-exact-set	NO-ASSERTIONS
iam	rbac-visibility-set	IAM-SET-GRP-LABEL-EXACT-OK :: read-exact-set	RED
iam	rbac-visibility-set	IAM-SET-GRP-LABEL-EXACT-OK :: setGrpSet-preclean-list	GREEN
iam	rbac-visibility-set	IAM-SET-GRP-LABEL-EXACT-OK :: teardown-binding	GREEN
iam	rbac-visibility-set	IAM-SET-GRP-LABEL-EXACT-OK :: teardown-role-await	GREEN
iam	rbac-visibility-set	IAM-SET-GRP-LABEL-EXACT-OK :: teardown-role	GREEN
iam	rbac-visibility-set	IAM-SET-GRP-LABEL-EXACT-OK :: teardown-setGrpBQ1-await	GREEN
iam	rbac-visibility-set	IAM-SET-GRP-LABEL-EXACT-OK :: teardown-setGrpBQ1	GREEN
iam	rbac-visibility-set	IAM-SET-GRP-LABEL-EXACT-OK :: teardown-setGrpBQ2-await	GREEN
iam	rbac-visibility-set	IAM-SET-GRP-LABEL-EXACT-OK :: teardown-setGrpBQ2	GREEN
iam	rbac-visibility-set	IAM-SET-GRP-LABEL-EXACT-OK :: teardown-setGrpPM1-await	GREEN
iam	rbac-visibility-set	IAM-SET-GRP-LABEL-EXACT-OK :: teardown-setGrpPM1	GREEN
iam	rbac-visibility-set	IAM-SET-GRP-LABEL-EXACT-OK :: teardown-setGrpPM2-await	GREEN
iam	rbac-visibility-set	IAM-SET-GRP-LABEL-EXACT-OK :: teardown-setGrpPM2	GREEN
iam	rbac-visibility-set	IAM-SET-GRP-LABEL-EXACT-OK :: teardown-setGrpPM3-await	GREEN
iam	rbac-visibility-set	IAM-SET-GRP-LABEL-EXACT-OK :: teardown-setGrpPM3	GREEN
iam	rbac-visibility-set	IAM-SET-GRP-LABEL-EXACT-OK :: teardown-setGrpPP1-await	GREEN
iam	rbac-visibility-set	IAM-SET-GRP-LABEL-EXACT-OK :: teardown-setGrpPP1	GREEN
iam	rbac-visibility-set	IAM-SET-GRP-LABEL-EXACT-OK :: teardown-setGrpPP2-await	GREEN
iam	rbac-visibility-set	IAM-SET-GRP-LABEL-EXACT-OK :: teardown-setGrpPP2	GREEN
iam	rbac-visibility-set	IAM-SET-GRP-LABEL-EXACT-OK :: teardown-setGrpPP3-await	GREEN
iam	rbac-visibility-set	IAM-SET-GRP-LABEL-EXACT-OK :: teardown-setGrpPP3	GREEN
iam	rbac-visibility-set	IAM-SET-GRP-VLIST-ONLY-DETAIL-404 :: create-role	GREEN
iam	rbac-visibility-set	IAM-SET-GRP-VLIST-ONLY-DETAIL-404 :: create-stgrvl	GREEN
iam	rbac-visibility-set	IAM-SET-GRP-VLIST-ONLY-DETAIL-404 :: detail-get-closed	GREEN
iam	rbac-visibility-set	IAM-SET-GRP-VLIST-ONLY-DETAIL-404 :: grant-bylabel	GREEN
iam	rbac-visibility-set	IAM-SET-GRP-VLIST-ONLY-DETAIL-404 :: poll-setGrpVlBindOp	GREEN
iam	rbac-visibility-set	IAM-SET-GRP-VLIST-ONLY-DETAIL-404 :: poll-setGrpVlOp	GREEN
iam	rbac-visibility-set	IAM-SET-GRP-VLIST-ONLY-DETAIL-404 :: poll-setGrpVlOp	GREEN
iam	rbac-visibility-set	IAM-SET-GRP-VLIST-ONLY-DETAIL-404 :: poll-setGrpVlRoleOp	GREEN
iam	rbac-visibility-set	IAM-SET-GRP-VLIST-ONLY-DETAIL-404 :: poll-setGrpVlRoleOp	GREEN
iam	rbac-visibility-set	IAM-SET-GRP-VLIST-ONLY-DETAIL-404 :: read-list-visible	NO-ASSERTIONS
iam	rbac-visibility-set	IAM-SET-GRP-VLIST-ONLY-DETAIL-404 :: read-list-visible	NO-ASSERTIONS
iam	rbac-visibility-set	IAM-SET-GRP-VLIST-ONLY-DETAIL-404 :: read-list-visible	NO-ASSERTIONS
iam	rbac-visibility-set	IAM-SET-GRP-VLIST-ONLY-DETAIL-404 :: read-list-visible	NO-ASSERTIONS
iam	rbac-visibility-set	IAM-SET-GRP-VLIST-ONLY-DETAIL-404 :: read-list-visible	NO-ASSERTIONS
iam	rbac-visibility-set	IAM-SET-GRP-VLIST-ONLY-DETAIL-404 :: read-list-visible	NO-ASSERTIONS
iam	rbac-visibility-set	IAM-SET-GRP-VLIST-ONLY-DETAIL-404 :: read-list-visible	NO-ASSERTIONS
iam	rbac-visibility-set	IAM-SET-GRP-VLIST-ONLY-DETAIL-404 :: read-list-visible	NO-ASSERTIONS
iam	rbac-visibility-set	IAM-SET-GRP-VLIST-ONLY-DETAIL-404 :: read-list-visible	NO-ASSERTIONS
iam	rbac-visibility-set	IAM-SET-GRP-VLIST-ONLY-DETAIL-404 :: read-list-visible	NO-ASSERTIONS
iam	rbac-visibility-set	IAM-SET-GRP-VLIST-ONLY-DETAIL-404 :: read-list-visible	NO-ASSERTIONS
iam	rbac-visibility-set	IAM-SET-GRP-VLIST-ONLY-DETAIL-404 :: read-list-visible	NO-ASSERTIONS
iam	rbac-visibility-set	IAM-SET-GRP-VLIST-ONLY-DETAIL-404 :: read-list-visible	NO-ASSERTIONS
iam	rbac-visibility-set	IAM-SET-GRP-VLIST-ONLY-DETAIL-404 :: read-list-visible	NO-ASSERTIONS
iam	rbac-visibility-set	IAM-SET-GRP-VLIST-ONLY-DETAIL-404 :: read-list-visible	NO-ASSERTIONS
iam	rbac-visibility-set	IAM-SET-GRP-VLIST-ONLY-DETAIL-404 :: read-list-visible	NO-ASSERTIONS
iam	rbac-visibility-set	IAM-SET-GRP-VLIST-ONLY-DETAIL-404 :: read-list-visible	NO-ASSERTIONS
iam	rbac-visibility-set	IAM-SET-GRP-VLIST-ONLY-DETAIL-404 :: read-list-visible	NO-ASSERTIONS
iam	rbac-visibility-set	IAM-SET-GRP-VLIST-ONLY-DETAIL-404 :: read-list-visible	NO-ASSERTIONS
iam	rbac-visibility-set	IAM-SET-GRP-VLIST-ONLY-DETAIL-404 :: read-list-visible	NO-ASSERTIONS
iam	rbac-visibility-set	IAM-SET-GRP-VLIST-ONLY-DETAIL-404 :: read-list-visible	NO-ASSERTIONS
iam	rbac-visibility-set	IAM-SET-GRP-VLIST-ONLY-DETAIL-404 :: read-list-visible	NO-ASSERTIONS
iam	rbac-visibility-set	IAM-SET-GRP-VLIST-ONLY-DETAIL-404 :: read-list-visible	NO-ASSERTIONS
iam	rbac-visibility-set	IAM-SET-GRP-VLIST-ONLY-DETAIL-404 :: read-list-visible	NO-ASSERTIONS
iam	rbac-visibility-set	IAM-SET-GRP-VLIST-ONLY-DETAIL-404 :: read-list-visible	NO-ASSERTIONS
iam	rbac-visibility-set	IAM-SET-GRP-VLIST-ONLY-DETAIL-404 :: read-list-visible	NO-ASSERTIONS
iam	rbac-visibility-set	IAM-SET-GRP-VLIST-ONLY-DETAIL-404 :: read-list-visible	NO-ASSERTIONS
iam	rbac-visibility-set	IAM-SET-GRP-VLIST-ONLY-DETAIL-404 :: read-list-visible	NO-ASSERTIONS
iam	rbac-visibility-set	IAM-SET-GRP-VLIST-ONLY-DETAIL-404 :: read-list-visible	NO-ASSERTIONS
iam	rbac-visibility-set	IAM-SET-GRP-VLIST-ONLY-DETAIL-404 :: read-list-visible	NO-ASSERTIONS
iam	rbac-visibility-set	IAM-SET-GRP-VLIST-ONLY-DETAIL-404 :: read-list-visible	NO-ASSERTIONS
iam	rbac-visibility-set	IAM-SET-GRP-VLIST-ONLY-DETAIL-404 :: read-list-visible	NO-ASSERTIONS
iam	rbac-visibility-set	IAM-SET-GRP-VLIST-ONLY-DETAIL-404 :: read-list-visible	NO-ASSERTIONS
iam	rbac-visibility-set	IAM-SET-GRP-VLIST-ONLY-DETAIL-404 :: read-list-visible	NO-ASSERTIONS
iam	rbac-visibility-set	IAM-SET-GRP-VLIST-ONLY-DETAIL-404 :: read-list-visible	NO-ASSERTIONS
iam	rbac-visibility-set	IAM-SET-GRP-VLIST-ONLY-DETAIL-404 :: read-list-visible	NO-ASSERTIONS
iam	rbac-visibility-set	IAM-SET-GRP-VLIST-ONLY-DETAIL-404 :: read-list-visible	NO-ASSERTIONS
iam	rbac-visibility-set	IAM-SET-GRP-VLIST-ONLY-DETAIL-404 :: read-list-visible	NO-ASSERTIONS
iam	rbac-visibility-set	IAM-SET-GRP-VLIST-ONLY-DETAIL-404 :: read-list-visible	NO-ASSERTIONS
iam	rbac-visibility-set	IAM-SET-GRP-VLIST-ONLY-DETAIL-404 :: read-list-visible	NO-ASSERTIONS
iam	rbac-visibility-set	IAM-SET-GRP-VLIST-ONLY-DETAIL-404 :: read-list-visible	NO-ASSERTIONS
iam	rbac-visibility-set	IAM-SET-GRP-VLIST-ONLY-DETAIL-404 :: read-list-visible	NO-ASSERTIONS
iam	rbac-visibility-set	IAM-SET-GRP-VLIST-ONLY-DETAIL-404 :: read-list-visible	NO-ASSERTIONS
iam	rbac-visibility-set	IAM-SET-GRP-VLIST-ONLY-DETAIL-404 :: read-list-visible	NO-ASSERTIONS
iam	rbac-visibility-set	IAM-SET-GRP-VLIST-ONLY-DETAIL-404 :: read-list-visible	NO-ASSERTIONS
iam	rbac-visibility-set	IAM-SET-GRP-VLIST-ONLY-DETAIL-404 :: read-list-visible	NO-ASSERTIONS
iam	rbac-visibility-set	IAM-SET-GRP-VLIST-ONLY-DETAIL-404 :: read-list-visible	NO-ASSERTIONS
iam	rbac-visibility-set	IAM-SET-GRP-VLIST-ONLY-DETAIL-404 :: read-list-visible	NO-ASSERTIONS
iam	rbac-visibility-set	IAM-SET-GRP-VLIST-ONLY-DETAIL-404 :: read-list-visible	NO-ASSERTIONS
iam	rbac-visibility-set	IAM-SET-GRP-VLIST-ONLY-DETAIL-404 :: read-list-visible	NO-ASSERTIONS
iam	rbac-visibility-set	IAM-SET-GRP-VLIST-ONLY-DETAIL-404 :: read-list-visible	RED
iam	rbac-visibility-set	IAM-SET-GRP-VLIST-ONLY-DETAIL-404 :: setGrpVl-preclean-list	GREEN
iam	rbac-visibility-set	IAM-SET-GRP-VLIST-ONLY-DETAIL-404 :: teardown-binding	GREEN
iam	rbac-visibility-set	IAM-SET-GRP-VLIST-ONLY-DETAIL-404 :: teardown-obj-await	GREEN
iam	rbac-visibility-set	IAM-SET-GRP-VLIST-ONLY-DETAIL-404 :: teardown-obj	GREEN
iam	rbac-visibility-set	IAM-SET-GRP-VLIST-ONLY-DETAIL-404 :: teardown-role-await	GREEN
iam	rbac-visibility-set	IAM-SET-GRP-VLIST-ONLY-DETAIL-404 :: teardown-role	GREEN
iam	rbac-visibility-set	IAM-SET-PRJ-LABEL-EXACT-OK :: create-role	RED
iam	rbac-visibility-set	IAM-SET-PRJ-LABEL-EXACT-OK :: create-setbq1	RED
iam	rbac-visibility-set	IAM-SET-PRJ-LABEL-EXACT-OK :: create-setbq2	RED
iam	rbac-visibility-set	IAM-SET-PRJ-LABEL-EXACT-OK :: create-setpm1	RED
iam	rbac-visibility-set	IAM-SET-PRJ-LABEL-EXACT-OK :: create-setpm2	RED
iam	rbac-visibility-set	IAM-SET-PRJ-LABEL-EXACT-OK :: create-setpm3	RED
iam	rbac-visibility-set	IAM-SET-PRJ-LABEL-EXACT-OK :: create-setpp1	RED
iam	rbac-visibility-set	IAM-SET-PRJ-LABEL-EXACT-OK :: create-setpp2	RED
iam	rbac-visibility-set	IAM-SET-PRJ-LABEL-EXACT-OK :: create-setpp3	RED
iam	rbac-visibility-set	IAM-SET-PRJ-LABEL-EXACT-OK :: create-suite-account	RED
iam	rbac-visibility-set	IAM-SET-PRJ-LABEL-EXACT-OK :: grant-bylabel	RED
iam	rbac-visibility-set	IAM-SET-PRJ-VLIST-ONLY-DETAIL-404 :: create-role	GREEN
iam	rbac-visibility-set	IAM-SET-PRJ-VLIST-ONLY-DETAIL-404 :: create-setvl	GREEN
iam	rbac-visibility-set	IAM-SET-PRJ-VLIST-ONLY-DETAIL-404 :: detail-get-closed	GREEN
iam	rbac-visibility-set	IAM-SET-PRJ-VLIST-ONLY-DETAIL-404 :: grant-bylabel	GREEN
iam	rbac-visibility-set	IAM-SET-PRJ-VLIST-ONLY-DETAIL-404 :: poll-visVlBindOp	GREEN
iam	rbac-visibility-set	IAM-SET-PRJ-VLIST-ONLY-DETAIL-404 :: poll-visVlProjOp	GREEN
iam	rbac-visibility-set	IAM-SET-PRJ-VLIST-ONLY-DETAIL-404 :: poll-visVlProjOp	GREEN
iam	rbac-visibility-set	IAM-SET-PRJ-VLIST-ONLY-DETAIL-404 :: poll-visVlRoleOp	GREEN
iam	rbac-visibility-set	IAM-SET-PRJ-VLIST-ONLY-DETAIL-404 :: poll-visVlRoleOp	GREEN
iam	rbac-visibility-set	IAM-SET-PRJ-VLIST-ONLY-DETAIL-404 :: read-list-visible	NO-ASSERTIONS
iam	rbac-visibility-set	IAM-SET-PRJ-VLIST-ONLY-DETAIL-404 :: read-list-visible	NO-ASSERTIONS
iam	rbac-visibility-set	IAM-SET-PRJ-VLIST-ONLY-DETAIL-404 :: read-list-visible	NO-ASSERTIONS
iam	rbac-visibility-set	IAM-SET-PRJ-VLIST-ONLY-DETAIL-404 :: read-list-visible	NO-ASSERTIONS
iam	rbac-visibility-set	IAM-SET-PRJ-VLIST-ONLY-DETAIL-404 :: read-list-visible	NO-ASSERTIONS
iam	rbac-visibility-set	IAM-SET-PRJ-VLIST-ONLY-DETAIL-404 :: read-list-visible	NO-ASSERTIONS
iam	rbac-visibility-set	IAM-SET-PRJ-VLIST-ONLY-DETAIL-404 :: read-list-visible	NO-ASSERTIONS
iam	rbac-visibility-set	IAM-SET-PRJ-VLIST-ONLY-DETAIL-404 :: read-list-visible	NO-ASSERTIONS
iam	rbac-visibility-set	IAM-SET-PRJ-VLIST-ONLY-DETAIL-404 :: read-list-visible	NO-ASSERTIONS
iam	rbac-visibility-set	IAM-SET-PRJ-VLIST-ONLY-DETAIL-404 :: read-list-visible	NO-ASSERTIONS
iam	rbac-visibility-set	IAM-SET-PRJ-VLIST-ONLY-DETAIL-404 :: read-list-visible	NO-ASSERTIONS
iam	rbac-visibility-set	IAM-SET-PRJ-VLIST-ONLY-DETAIL-404 :: read-list-visible	NO-ASSERTIONS
iam	rbac-visibility-set	IAM-SET-PRJ-VLIST-ONLY-DETAIL-404 :: read-list-visible	NO-ASSERTIONS
iam	rbac-visibility-set	IAM-SET-PRJ-VLIST-ONLY-DETAIL-404 :: read-list-visible	NO-ASSERTIONS
iam	rbac-visibility-set	IAM-SET-PRJ-VLIST-ONLY-DETAIL-404 :: read-list-visible	NO-ASSERTIONS
iam	rbac-visibility-set	IAM-SET-PRJ-VLIST-ONLY-DETAIL-404 :: read-list-visible	NO-ASSERTIONS
iam	rbac-visibility-set	IAM-SET-PRJ-VLIST-ONLY-DETAIL-404 :: read-list-visible	NO-ASSERTIONS
iam	rbac-visibility-set	IAM-SET-PRJ-VLIST-ONLY-DETAIL-404 :: read-list-visible	NO-ASSERTIONS
iam	rbac-visibility-set	IAM-SET-PRJ-VLIST-ONLY-DETAIL-404 :: read-list-visible	NO-ASSERTIONS
iam	rbac-visibility-set	IAM-SET-PRJ-VLIST-ONLY-DETAIL-404 :: read-list-visible	NO-ASSERTIONS
iam	rbac-visibility-set	IAM-SET-PRJ-VLIST-ONLY-DETAIL-404 :: read-list-visible	NO-ASSERTIONS
iam	rbac-visibility-set	IAM-SET-PRJ-VLIST-ONLY-DETAIL-404 :: read-list-visible	NO-ASSERTIONS
iam	rbac-visibility-set	IAM-SET-PRJ-VLIST-ONLY-DETAIL-404 :: read-list-visible	NO-ASSERTIONS
iam	rbac-visibility-set	IAM-SET-PRJ-VLIST-ONLY-DETAIL-404 :: read-list-visible	NO-ASSERTIONS
iam	rbac-visibility-set	IAM-SET-PRJ-VLIST-ONLY-DETAIL-404 :: read-list-visible	NO-ASSERTIONS
iam	rbac-visibility-set	IAM-SET-PRJ-VLIST-ONLY-DETAIL-404 :: read-list-visible	NO-ASSERTIONS
iam	rbac-visibility-set	IAM-SET-PRJ-VLIST-ONLY-DETAIL-404 :: read-list-visible	NO-ASSERTIONS
iam	rbac-visibility-set	IAM-SET-PRJ-VLIST-ONLY-DETAIL-404 :: read-list-visible	NO-ASSERTIONS
iam	rbac-visibility-set	IAM-SET-PRJ-VLIST-ONLY-DETAIL-404 :: read-list-visible	NO-ASSERTIONS
iam	rbac-visibility-set	IAM-SET-PRJ-VLIST-ONLY-DETAIL-404 :: read-list-visible	NO-ASSERTIONS
iam	rbac-visibility-set	IAM-SET-PRJ-VLIST-ONLY-DETAIL-404 :: read-list-visible	NO-ASSERTIONS
iam	rbac-visibility-set	IAM-SET-PRJ-VLIST-ONLY-DETAIL-404 :: read-list-visible	NO-ASSERTIONS
iam	rbac-visibility-set	IAM-SET-PRJ-VLIST-ONLY-DETAIL-404 :: read-list-visible	NO-ASSERTIONS
iam	rbac-visibility-set	IAM-SET-PRJ-VLIST-ONLY-DETAIL-404 :: read-list-visible	NO-ASSERTIONS
iam	rbac-visibility-set	IAM-SET-PRJ-VLIST-ONLY-DETAIL-404 :: read-list-visible	NO-ASSERTIONS
iam	rbac-visibility-set	IAM-SET-PRJ-VLIST-ONLY-DETAIL-404 :: read-list-visible	NO-ASSERTIONS
iam	rbac-visibility-set	IAM-SET-PRJ-VLIST-ONLY-DETAIL-404 :: read-list-visible	NO-ASSERTIONS
iam	rbac-visibility-set	IAM-SET-PRJ-VLIST-ONLY-DETAIL-404 :: read-list-visible	NO-ASSERTIONS
iam	rbac-visibility-set	IAM-SET-PRJ-VLIST-ONLY-DETAIL-404 :: read-list-visible	NO-ASSERTIONS
iam	rbac-visibility-set	IAM-SET-PRJ-VLIST-ONLY-DETAIL-404 :: read-list-visible	NO-ASSERTIONS
iam	rbac-visibility-set	IAM-SET-PRJ-VLIST-ONLY-DETAIL-404 :: read-list-visible	NO-ASSERTIONS
iam	rbac-visibility-set	IAM-SET-PRJ-VLIST-ONLY-DETAIL-404 :: read-list-visible	NO-ASSERTIONS
iam	rbac-visibility-set	IAM-SET-PRJ-VLIST-ONLY-DETAIL-404 :: read-list-visible	NO-ASSERTIONS
iam	rbac-visibility-set	IAM-SET-PRJ-VLIST-ONLY-DETAIL-404 :: read-list-visible	NO-ASSERTIONS
iam	rbac-visibility-set	IAM-SET-PRJ-VLIST-ONLY-DETAIL-404 :: read-list-visible	NO-ASSERTIONS
iam	rbac-visibility-set	IAM-SET-PRJ-VLIST-ONLY-DETAIL-404 :: read-list-visible	NO-ASSERTIONS
iam	rbac-visibility-set	IAM-SET-PRJ-VLIST-ONLY-DETAIL-404 :: read-list-visible	NO-ASSERTIONS
iam	rbac-visibility-set	IAM-SET-PRJ-VLIST-ONLY-DETAIL-404 :: read-list-visible	NO-ASSERTIONS
iam	rbac-visibility-set	IAM-SET-PRJ-VLIST-ONLY-DETAIL-404 :: read-list-visible	NO-ASSERTIONS
iam	rbac-visibility-set	IAM-SET-PRJ-VLIST-ONLY-DETAIL-404 :: read-list-visible	NO-ASSERTIONS
iam	rbac-visibility-set	IAM-SET-PRJ-VLIST-ONLY-DETAIL-404 :: read-list-visible	RED
iam	rbac-visibility-set	IAM-SET-PRJ-VLIST-ONLY-DETAIL-404 :: teardown-binding	GREEN
iam	rbac-visibility-set	IAM-SET-PRJ-VLIST-ONLY-DETAIL-404 :: teardown-proj-await	GREEN
iam	rbac-visibility-set	IAM-SET-PRJ-VLIST-ONLY-DETAIL-404 :: teardown-proj	GREEN
iam	rbac-visibility-set	IAM-SET-PRJ-VLIST-ONLY-DETAIL-404 :: teardown-role-await	GREEN
iam	rbac-visibility-set	IAM-SET-PRJ-VLIST-ONLY-DETAIL-404 :: teardown-role	GREEN
iam	rbac-visibility-set	IAM-SET-PRJ-VLIST-ONLY-DETAIL-404 :: visVl-preclean-list	GREEN
iam	rbac-visibility-set	IAM-SET-ROL-LABEL-EXACT-OK :: create-role	GREEN
iam	rbac-visibility-set	IAM-SET-ROL-LABEL-EXACT-OK :: create-strlb1	GREEN
iam	rbac-visibility-set	IAM-SET-ROL-LABEL-EXACT-OK :: create-strlb2	GREEN
iam	rbac-visibility-set	IAM-SET-ROL-LABEL-EXACT-OK :: create-strlm1	GREEN
iam	rbac-visibility-set	IAM-SET-ROL-LABEL-EXACT-OK :: create-strlm2	GREEN
iam	rbac-visibility-set	IAM-SET-ROL-LABEL-EXACT-OK :: create-strlm3	GREEN
iam	rbac-visibility-set	IAM-SET-ROL-LABEL-EXACT-OK :: create-strlp1	GREEN
iam	rbac-visibility-set	IAM-SET-ROL-LABEL-EXACT-OK :: create-strlp2	GREEN
iam	rbac-visibility-set	IAM-SET-ROL-LABEL-EXACT-OK :: create-strlp3	GREEN
iam	rbac-visibility-set	IAM-SET-ROL-LABEL-EXACT-OK :: grant-bylabel	GREEN
iam	rbac-visibility-set	IAM-SET-ROL-LABEL-EXACT-OK :: poll-setRolBindOp	GREEN
iam	rbac-visibility-set	IAM-SET-ROL-LABEL-EXACT-OK :: poll-setRolBQ1Op	GREEN
iam	rbac-visibility-set	IAM-SET-ROL-LABEL-EXACT-OK :: poll-setRolBQ1Op	GREEN
iam	rbac-visibility-set	IAM-SET-ROL-LABEL-EXACT-OK :: poll-setRolBQ2Op	GREEN
iam	rbac-visibility-set	IAM-SET-ROL-LABEL-EXACT-OK :: poll-setRolBQ2Op	GREEN
iam	rbac-visibility-set	IAM-SET-ROL-LABEL-EXACT-OK :: poll-setRolPM1Op	GREEN
iam	rbac-visibility-set	IAM-SET-ROL-LABEL-EXACT-OK :: poll-setRolPM1Op	GREEN
iam	rbac-visibility-set	IAM-SET-ROL-LABEL-EXACT-OK :: poll-setRolPM2Op	GREEN
iam	rbac-visibility-set	IAM-SET-ROL-LABEL-EXACT-OK :: poll-setRolPM2Op	GREEN
iam	rbac-visibility-set	IAM-SET-ROL-LABEL-EXACT-OK :: poll-setRolPM3Op	GREEN
iam	rbac-visibility-set	IAM-SET-ROL-LABEL-EXACT-OK :: poll-setRolPM3Op	GREEN
iam	rbac-visibility-set	IAM-SET-ROL-LABEL-EXACT-OK :: poll-setRolPP1Op	GREEN
iam	rbac-visibility-set	IAM-SET-ROL-LABEL-EXACT-OK :: poll-setRolPP1Op	GREEN
iam	rbac-visibility-set	IAM-SET-ROL-LABEL-EXACT-OK :: poll-setRolPP2Op	GREEN
iam	rbac-visibility-set	IAM-SET-ROL-LABEL-EXACT-OK :: poll-setRolPP2Op	GREEN
iam	rbac-visibility-set	IAM-SET-ROL-LABEL-EXACT-OK :: poll-setRolPP3Op	GREEN
iam	rbac-visibility-set	IAM-SET-ROL-LABEL-EXACT-OK :: poll-setRolPP3Op	GREEN
iam	rbac-visibility-set	IAM-SET-ROL-LABEL-EXACT-OK :: poll-setRolRoleOp	GREEN
iam	rbac-visibility-set	IAM-SET-ROL-LABEL-EXACT-OK :: poll-setRolRoleOp	GREEN
iam	rbac-visibility-set	IAM-SET-ROL-LABEL-EXACT-OK :: read-exact-set	NO-ASSERTIONS
iam	rbac-visibility-set	IAM-SET-ROL-LABEL-EXACT-OK :: read-exact-set	NO-ASSERTIONS
iam	rbac-visibility-set	IAM-SET-ROL-LABEL-EXACT-OK :: read-exact-set	NO-ASSERTIONS
iam	rbac-visibility-set	IAM-SET-ROL-LABEL-EXACT-OK :: read-exact-set	NO-ASSERTIONS
iam	rbac-visibility-set	IAM-SET-ROL-LABEL-EXACT-OK :: read-exact-set	NO-ASSERTIONS
iam	rbac-visibility-set	IAM-SET-ROL-LABEL-EXACT-OK :: read-exact-set	NO-ASSERTIONS
iam	rbac-visibility-set	IAM-SET-ROL-LABEL-EXACT-OK :: read-exact-set	NO-ASSERTIONS
iam	rbac-visibility-set	IAM-SET-ROL-LABEL-EXACT-OK :: read-exact-set	NO-ASSERTIONS
iam	rbac-visibility-set	IAM-SET-ROL-LABEL-EXACT-OK :: read-exact-set	NO-ASSERTIONS
iam	rbac-visibility-set	IAM-SET-ROL-LABEL-EXACT-OK :: read-exact-set	NO-ASSERTIONS
iam	rbac-visibility-set	IAM-SET-ROL-LABEL-EXACT-OK :: read-exact-set	NO-ASSERTIONS
iam	rbac-visibility-set	IAM-SET-ROL-LABEL-EXACT-OK :: read-exact-set	NO-ASSERTIONS
iam	rbac-visibility-set	IAM-SET-ROL-LABEL-EXACT-OK :: read-exact-set	NO-ASSERTIONS
iam	rbac-visibility-set	IAM-SET-ROL-LABEL-EXACT-OK :: read-exact-set	NO-ASSERTIONS
iam	rbac-visibility-set	IAM-SET-ROL-LABEL-EXACT-OK :: read-exact-set	NO-ASSERTIONS
iam	rbac-visibility-set	IAM-SET-ROL-LABEL-EXACT-OK :: read-exact-set	NO-ASSERTIONS
iam	rbac-visibility-set	IAM-SET-ROL-LABEL-EXACT-OK :: read-exact-set	NO-ASSERTIONS
iam	rbac-visibility-set	IAM-SET-ROL-LABEL-EXACT-OK :: read-exact-set	NO-ASSERTIONS
iam	rbac-visibility-set	IAM-SET-ROL-LABEL-EXACT-OK :: read-exact-set	NO-ASSERTIONS
iam	rbac-visibility-set	IAM-SET-ROL-LABEL-EXACT-OK :: read-exact-set	NO-ASSERTIONS
iam	rbac-visibility-set	IAM-SET-ROL-LABEL-EXACT-OK :: read-exact-set	NO-ASSERTIONS
iam	rbac-visibility-set	IAM-SET-ROL-LABEL-EXACT-OK :: read-exact-set	NO-ASSERTIONS
iam	rbac-visibility-set	IAM-SET-ROL-LABEL-EXACT-OK :: read-exact-set	NO-ASSERTIONS
iam	rbac-visibility-set	IAM-SET-ROL-LABEL-EXACT-OK :: read-exact-set	NO-ASSERTIONS
iam	rbac-visibility-set	IAM-SET-ROL-LABEL-EXACT-OK :: read-exact-set	NO-ASSERTIONS
iam	rbac-visibility-set	IAM-SET-ROL-LABEL-EXACT-OK :: read-exact-set	NO-ASSERTIONS
iam	rbac-visibility-set	IAM-SET-ROL-LABEL-EXACT-OK :: read-exact-set	NO-ASSERTIONS
iam	rbac-visibility-set	IAM-SET-ROL-LABEL-EXACT-OK :: read-exact-set	NO-ASSERTIONS
iam	rbac-visibility-set	IAM-SET-ROL-LABEL-EXACT-OK :: read-exact-set	NO-ASSERTIONS
iam	rbac-visibility-set	IAM-SET-ROL-LABEL-EXACT-OK :: read-exact-set	NO-ASSERTIONS
iam	rbac-visibility-set	IAM-SET-ROL-LABEL-EXACT-OK :: read-exact-set	NO-ASSERTIONS
iam	rbac-visibility-set	IAM-SET-ROL-LABEL-EXACT-OK :: read-exact-set	NO-ASSERTIONS
iam	rbac-visibility-set	IAM-SET-ROL-LABEL-EXACT-OK :: read-exact-set	NO-ASSERTIONS
iam	rbac-visibility-set	IAM-SET-ROL-LABEL-EXACT-OK :: read-exact-set	NO-ASSERTIONS
iam	rbac-visibility-set	IAM-SET-ROL-LABEL-EXACT-OK :: read-exact-set	NO-ASSERTIONS
iam	rbac-visibility-set	IAM-SET-ROL-LABEL-EXACT-OK :: read-exact-set	NO-ASSERTIONS
iam	rbac-visibility-set	IAM-SET-ROL-LABEL-EXACT-OK :: read-exact-set	NO-ASSERTIONS
iam	rbac-visibility-set	IAM-SET-ROL-LABEL-EXACT-OK :: read-exact-set	NO-ASSERTIONS
iam	rbac-visibility-set	IAM-SET-ROL-LABEL-EXACT-OK :: read-exact-set	NO-ASSERTIONS
iam	rbac-visibility-set	IAM-SET-ROL-LABEL-EXACT-OK :: read-exact-set	NO-ASSERTIONS
iam	rbac-visibility-set	IAM-SET-ROL-LABEL-EXACT-OK :: read-exact-set	NO-ASSERTIONS
iam	rbac-visibility-set	IAM-SET-ROL-LABEL-EXACT-OK :: read-exact-set	NO-ASSERTIONS
iam	rbac-visibility-set	IAM-SET-ROL-LABEL-EXACT-OK :: read-exact-set	NO-ASSERTIONS
iam	rbac-visibility-set	IAM-SET-ROL-LABEL-EXACT-OK :: read-exact-set	NO-ASSERTIONS
iam	rbac-visibility-set	IAM-SET-ROL-LABEL-EXACT-OK :: read-exact-set	NO-ASSERTIONS
iam	rbac-visibility-set	IAM-SET-ROL-LABEL-EXACT-OK :: read-exact-set	NO-ASSERTIONS
iam	rbac-visibility-set	IAM-SET-ROL-LABEL-EXACT-OK :: read-exact-set	NO-ASSERTIONS
iam	rbac-visibility-set	IAM-SET-ROL-LABEL-EXACT-OK :: read-exact-set	NO-ASSERTIONS
iam	rbac-visibility-set	IAM-SET-ROL-LABEL-EXACT-OK :: read-exact-set	NO-ASSERTIONS
iam	rbac-visibility-set	IAM-SET-ROL-LABEL-EXACT-OK :: read-exact-set	NO-ASSERTIONS
iam	rbac-visibility-set	IAM-SET-ROL-LABEL-EXACT-OK :: read-exact-set	RED
iam	rbac-visibility-set	IAM-SET-ROL-LABEL-EXACT-OK :: setRolSet-preclean-list	GREEN
iam	rbac-visibility-set	IAM-SET-ROL-LABEL-EXACT-OK :: teardown-binding	GREEN
iam	rbac-visibility-set	IAM-SET-ROL-LABEL-EXACT-OK :: teardown-role-await	GREEN
iam	rbac-visibility-set	IAM-SET-ROL-LABEL-EXACT-OK :: teardown-role	GREEN
iam	rbac-visibility-set	IAM-SET-ROL-LABEL-EXACT-OK :: teardown-setRolBQ1-await	GREEN
iam	rbac-visibility-set	IAM-SET-ROL-LABEL-EXACT-OK :: teardown-setRolBQ1	GREEN
iam	rbac-visibility-set	IAM-SET-ROL-LABEL-EXACT-OK :: teardown-setRolBQ2-await	GREEN
iam	rbac-visibility-set	IAM-SET-ROL-LABEL-EXACT-OK :: teardown-setRolBQ2	GREEN
iam	rbac-visibility-set	IAM-SET-ROL-LABEL-EXACT-OK :: teardown-setRolPM1-await	GREEN
iam	rbac-visibility-set	IAM-SET-ROL-LABEL-EXACT-OK :: teardown-setRolPM1	GREEN
iam	rbac-visibility-set	IAM-SET-ROL-LABEL-EXACT-OK :: teardown-setRolPM2-await	GREEN
iam	rbac-visibility-set	IAM-SET-ROL-LABEL-EXACT-OK :: teardown-setRolPM2	GREEN
iam	rbac-visibility-set	IAM-SET-ROL-LABEL-EXACT-OK :: teardown-setRolPM3-await	GREEN
iam	rbac-visibility-set	IAM-SET-ROL-LABEL-EXACT-OK :: teardown-setRolPM3	GREEN
iam	rbac-visibility-set	IAM-SET-ROL-LABEL-EXACT-OK :: teardown-setRolPP1-await	GREEN
iam	rbac-visibility-set	IAM-SET-ROL-LABEL-EXACT-OK :: teardown-setRolPP1	GREEN
iam	rbac-visibility-set	IAM-SET-ROL-LABEL-EXACT-OK :: teardown-setRolPP2-await	GREEN
iam	rbac-visibility-set	IAM-SET-ROL-LABEL-EXACT-OK :: teardown-setRolPP2	GREEN
iam	rbac-visibility-set	IAM-SET-ROL-LABEL-EXACT-OK :: teardown-setRolPP3-await	GREEN
iam	rbac-visibility-set	IAM-SET-ROL-LABEL-EXACT-OK :: teardown-setRolPP3	GREEN
iam	rbac-visibility-set	IAM-SET-SVA-LABEL-EXACT-OK :: create-role	GREEN
iam	rbac-visibility-set	IAM-SET-SVA-LABEL-EXACT-OK :: create-stsab1	GREEN
iam	rbac-visibility-set	IAM-SET-SVA-LABEL-EXACT-OK :: create-stsab2	GREEN
iam	rbac-visibility-set	IAM-SET-SVA-LABEL-EXACT-OK :: create-stsam1	GREEN
iam	rbac-visibility-set	IAM-SET-SVA-LABEL-EXACT-OK :: create-stsam2	GREEN
iam	rbac-visibility-set	IAM-SET-SVA-LABEL-EXACT-OK :: create-stsam3	GREEN
iam	rbac-visibility-set	IAM-SET-SVA-LABEL-EXACT-OK :: create-stsap1	GREEN
iam	rbac-visibility-set	IAM-SET-SVA-LABEL-EXACT-OK :: create-stsap2	GREEN
iam	rbac-visibility-set	IAM-SET-SVA-LABEL-EXACT-OK :: create-stsap3	GREEN
iam	rbac-visibility-set	IAM-SET-SVA-LABEL-EXACT-OK :: grant-bylabel	GREEN
iam	rbac-visibility-set	IAM-SET-SVA-LABEL-EXACT-OK :: poll-setSvaBindOp	GREEN
iam	rbac-visibility-set	IAM-SET-SVA-LABEL-EXACT-OK :: poll-setSvaBQ1Op	GREEN
iam	rbac-visibility-set	IAM-SET-SVA-LABEL-EXACT-OK :: poll-setSvaBQ1Op	GREEN
iam	rbac-visibility-set	IAM-SET-SVA-LABEL-EXACT-OK :: poll-setSvaBQ2Op	GREEN
iam	rbac-visibility-set	IAM-SET-SVA-LABEL-EXACT-OK :: poll-setSvaBQ2Op	GREEN
iam	rbac-visibility-set	IAM-SET-SVA-LABEL-EXACT-OK :: poll-setSvaPM1Op	GREEN
iam	rbac-visibility-set	IAM-SET-SVA-LABEL-EXACT-OK :: poll-setSvaPM1Op	GREEN
iam	rbac-visibility-set	IAM-SET-SVA-LABEL-EXACT-OK :: poll-setSvaPM2Op	GREEN
iam	rbac-visibility-set	IAM-SET-SVA-LABEL-EXACT-OK :: poll-setSvaPM2Op	GREEN
iam	rbac-visibility-set	IAM-SET-SVA-LABEL-EXACT-OK :: poll-setSvaPM3Op	GREEN
iam	rbac-visibility-set	IAM-SET-SVA-LABEL-EXACT-OK :: poll-setSvaPM3Op	GREEN
iam	rbac-visibility-set	IAM-SET-SVA-LABEL-EXACT-OK :: poll-setSvaPP1Op	GREEN
iam	rbac-visibility-set	IAM-SET-SVA-LABEL-EXACT-OK :: poll-setSvaPP1Op	GREEN
iam	rbac-visibility-set	IAM-SET-SVA-LABEL-EXACT-OK :: poll-setSvaPP2Op	GREEN
iam	rbac-visibility-set	IAM-SET-SVA-LABEL-EXACT-OK :: poll-setSvaPP2Op	GREEN
iam	rbac-visibility-set	IAM-SET-SVA-LABEL-EXACT-OK :: poll-setSvaPP3Op	GREEN
iam	rbac-visibility-set	IAM-SET-SVA-LABEL-EXACT-OK :: poll-setSvaPP3Op	GREEN
iam	rbac-visibility-set	IAM-SET-SVA-LABEL-EXACT-OK :: poll-setSvaRoleOp	GREEN
iam	rbac-visibility-set	IAM-SET-SVA-LABEL-EXACT-OK :: poll-setSvaRoleOp	GREEN
iam	rbac-visibility-set	IAM-SET-SVA-LABEL-EXACT-OK :: read-exact-set	NO-ASSERTIONS
iam	rbac-visibility-set	IAM-SET-SVA-LABEL-EXACT-OK :: read-exact-set	NO-ASSERTIONS
iam	rbac-visibility-set	IAM-SET-SVA-LABEL-EXACT-OK :: read-exact-set	NO-ASSERTIONS
iam	rbac-visibility-set	IAM-SET-SVA-LABEL-EXACT-OK :: read-exact-set	NO-ASSERTIONS
iam	rbac-visibility-set	IAM-SET-SVA-LABEL-EXACT-OK :: read-exact-set	NO-ASSERTIONS
iam	rbac-visibility-set	IAM-SET-SVA-LABEL-EXACT-OK :: read-exact-set	NO-ASSERTIONS
iam	rbac-visibility-set	IAM-SET-SVA-LABEL-EXACT-OK :: read-exact-set	NO-ASSERTIONS
iam	rbac-visibility-set	IAM-SET-SVA-LABEL-EXACT-OK :: read-exact-set	NO-ASSERTIONS
iam	rbac-visibility-set	IAM-SET-SVA-LABEL-EXACT-OK :: read-exact-set	NO-ASSERTIONS
iam	rbac-visibility-set	IAM-SET-SVA-LABEL-EXACT-OK :: read-exact-set	NO-ASSERTIONS
iam	rbac-visibility-set	IAM-SET-SVA-LABEL-EXACT-OK :: read-exact-set	NO-ASSERTIONS
iam	rbac-visibility-set	IAM-SET-SVA-LABEL-EXACT-OK :: read-exact-set	NO-ASSERTIONS
iam	rbac-visibility-set	IAM-SET-SVA-LABEL-EXACT-OK :: read-exact-set	NO-ASSERTIONS
iam	rbac-visibility-set	IAM-SET-SVA-LABEL-EXACT-OK :: read-exact-set	NO-ASSERTIONS
iam	rbac-visibility-set	IAM-SET-SVA-LABEL-EXACT-OK :: read-exact-set	NO-ASSERTIONS
iam	rbac-visibility-set	IAM-SET-SVA-LABEL-EXACT-OK :: read-exact-set	NO-ASSERTIONS
iam	rbac-visibility-set	IAM-SET-SVA-LABEL-EXACT-OK :: read-exact-set	NO-ASSERTIONS
iam	rbac-visibility-set	IAM-SET-SVA-LABEL-EXACT-OK :: read-exact-set	NO-ASSERTIONS
iam	rbac-visibility-set	IAM-SET-SVA-LABEL-EXACT-OK :: read-exact-set	NO-ASSERTIONS
iam	rbac-visibility-set	IAM-SET-SVA-LABEL-EXACT-OK :: read-exact-set	NO-ASSERTIONS
iam	rbac-visibility-set	IAM-SET-SVA-LABEL-EXACT-OK :: read-exact-set	NO-ASSERTIONS
iam	rbac-visibility-set	IAM-SET-SVA-LABEL-EXACT-OK :: read-exact-set	NO-ASSERTIONS
iam	rbac-visibility-set	IAM-SET-SVA-LABEL-EXACT-OK :: read-exact-set	NO-ASSERTIONS
iam	rbac-visibility-set	IAM-SET-SVA-LABEL-EXACT-OK :: read-exact-set	NO-ASSERTIONS
iam	rbac-visibility-set	IAM-SET-SVA-LABEL-EXACT-OK :: read-exact-set	NO-ASSERTIONS
iam	rbac-visibility-set	IAM-SET-SVA-LABEL-EXACT-OK :: read-exact-set	NO-ASSERTIONS
iam	rbac-visibility-set	IAM-SET-SVA-LABEL-EXACT-OK :: read-exact-set	NO-ASSERTIONS
iam	rbac-visibility-set	IAM-SET-SVA-LABEL-EXACT-OK :: read-exact-set	NO-ASSERTIONS
iam	rbac-visibility-set	IAM-SET-SVA-LABEL-EXACT-OK :: read-exact-set	NO-ASSERTIONS
iam	rbac-visibility-set	IAM-SET-SVA-LABEL-EXACT-OK :: read-exact-set	NO-ASSERTIONS
iam	rbac-visibility-set	IAM-SET-SVA-LABEL-EXACT-OK :: read-exact-set	NO-ASSERTIONS
iam	rbac-visibility-set	IAM-SET-SVA-LABEL-EXACT-OK :: read-exact-set	NO-ASSERTIONS
iam	rbac-visibility-set	IAM-SET-SVA-LABEL-EXACT-OK :: read-exact-set	NO-ASSERTIONS
iam	rbac-visibility-set	IAM-SET-SVA-LABEL-EXACT-OK :: read-exact-set	NO-ASSERTIONS
iam	rbac-visibility-set	IAM-SET-SVA-LABEL-EXACT-OK :: read-exact-set	NO-ASSERTIONS
iam	rbac-visibility-set	IAM-SET-SVA-LABEL-EXACT-OK :: read-exact-set	NO-ASSERTIONS
iam	rbac-visibility-set	IAM-SET-SVA-LABEL-EXACT-OK :: read-exact-set	NO-ASSERTIONS
iam	rbac-visibility-set	IAM-SET-SVA-LABEL-EXACT-OK :: read-exact-set	NO-ASSERTIONS
iam	rbac-visibility-set	IAM-SET-SVA-LABEL-EXACT-OK :: read-exact-set	NO-ASSERTIONS
iam	rbac-visibility-set	IAM-SET-SVA-LABEL-EXACT-OK :: read-exact-set	NO-ASSERTIONS
iam	rbac-visibility-set	IAM-SET-SVA-LABEL-EXACT-OK :: read-exact-set	NO-ASSERTIONS
iam	rbac-visibility-set	IAM-SET-SVA-LABEL-EXACT-OK :: read-exact-set	NO-ASSERTIONS
iam	rbac-visibility-set	IAM-SET-SVA-LABEL-EXACT-OK :: read-exact-set	NO-ASSERTIONS
iam	rbac-visibility-set	IAM-SET-SVA-LABEL-EXACT-OK :: read-exact-set	NO-ASSERTIONS
iam	rbac-visibility-set	IAM-SET-SVA-LABEL-EXACT-OK :: read-exact-set	NO-ASSERTIONS
iam	rbac-visibility-set	IAM-SET-SVA-LABEL-EXACT-OK :: read-exact-set	NO-ASSERTIONS
iam	rbac-visibility-set	IAM-SET-SVA-LABEL-EXACT-OK :: read-exact-set	NO-ASSERTIONS
iam	rbac-visibility-set	IAM-SET-SVA-LABEL-EXACT-OK :: read-exact-set	NO-ASSERTIONS
iam	rbac-visibility-set	IAM-SET-SVA-LABEL-EXACT-OK :: read-exact-set	NO-ASSERTIONS
iam	rbac-visibility-set	IAM-SET-SVA-LABEL-EXACT-OK :: read-exact-set	NO-ASSERTIONS
iam	rbac-visibility-set	IAM-SET-SVA-LABEL-EXACT-OK :: read-exact-set	RED
iam	rbac-visibility-set	IAM-SET-SVA-LABEL-EXACT-OK :: setSvaSet-preclean-list	GREEN
iam	rbac-visibility-set	IAM-SET-SVA-LABEL-EXACT-OK :: teardown-binding	GREEN
iam	rbac-visibility-set	IAM-SET-SVA-LABEL-EXACT-OK :: teardown-role-await	GREEN
iam	rbac-visibility-set	IAM-SET-SVA-LABEL-EXACT-OK :: teardown-role	GREEN
iam	rbac-visibility-set	IAM-SET-SVA-LABEL-EXACT-OK :: teardown-setSvaBQ1-await	GREEN
iam	rbac-visibility-set	IAM-SET-SVA-LABEL-EXACT-OK :: teardown-setSvaBQ1	GREEN
iam	rbac-visibility-set	IAM-SET-SVA-LABEL-EXACT-OK :: teardown-setSvaBQ2-await	GREEN
iam	rbac-visibility-set	IAM-SET-SVA-LABEL-EXACT-OK :: teardown-setSvaBQ2	GREEN
iam	rbac-visibility-set	IAM-SET-SVA-LABEL-EXACT-OK :: teardown-setSvaPM1-await	GREEN
iam	rbac-visibility-set	IAM-SET-SVA-LABEL-EXACT-OK :: teardown-setSvaPM1	GREEN
iam	rbac-visibility-set	IAM-SET-SVA-LABEL-EXACT-OK :: teardown-setSvaPM2-await	GREEN
iam	rbac-visibility-set	IAM-SET-SVA-LABEL-EXACT-OK :: teardown-setSvaPM2	GREEN
iam	rbac-visibility-set	IAM-SET-SVA-LABEL-EXACT-OK :: teardown-setSvaPM3-await	GREEN
iam	rbac-visibility-set	IAM-SET-SVA-LABEL-EXACT-OK :: teardown-setSvaPM3	GREEN
iam	rbac-visibility-set	IAM-SET-SVA-LABEL-EXACT-OK :: teardown-setSvaPP1-await	GREEN
iam	rbac-visibility-set	IAM-SET-SVA-LABEL-EXACT-OK :: teardown-setSvaPP1	GREEN
iam	rbac-visibility-set	IAM-SET-SVA-LABEL-EXACT-OK :: teardown-setSvaPP2-await	GREEN
iam	rbac-visibility-set	IAM-SET-SVA-LABEL-EXACT-OK :: teardown-setSvaPP2	GREEN
iam	rbac-visibility-set	IAM-SET-SVA-LABEL-EXACT-OK :: teardown-setSvaPP3-await	GREEN
iam	rbac-visibility-set	IAM-SET-SVA-LABEL-EXACT-OK :: teardown-setSvaPP3	GREEN
iam	rbac-visibility-set	IAM-SET-SVA-VLIST-ONLY-DETAIL-404 :: create-role	GREEN
iam	rbac-visibility-set	IAM-SET-SVA-VLIST-ONLY-DETAIL-404 :: create-stsavl	GREEN
iam	rbac-visibility-set	IAM-SET-SVA-VLIST-ONLY-DETAIL-404 :: detail-get-closed	GREEN
iam	rbac-visibility-set	IAM-SET-SVA-VLIST-ONLY-DETAIL-404 :: grant-bylabel	GREEN
iam	rbac-visibility-set	IAM-SET-SVA-VLIST-ONLY-DETAIL-404 :: poll-setSvaVlBindOp	GREEN
iam	rbac-visibility-set	IAM-SET-SVA-VLIST-ONLY-DETAIL-404 :: poll-setSvaVlOp	GREEN
iam	rbac-visibility-set	IAM-SET-SVA-VLIST-ONLY-DETAIL-404 :: poll-setSvaVlOp	GREEN
iam	rbac-visibility-set	IAM-SET-SVA-VLIST-ONLY-DETAIL-404 :: poll-setSvaVlRoleOp	GREEN
iam	rbac-visibility-set	IAM-SET-SVA-VLIST-ONLY-DETAIL-404 :: poll-setSvaVlRoleOp	GREEN
iam	rbac-visibility-set	IAM-SET-SVA-VLIST-ONLY-DETAIL-404 :: read-list-visible	NO-ASSERTIONS
iam	rbac-visibility-set	IAM-SET-SVA-VLIST-ONLY-DETAIL-404 :: read-list-visible	NO-ASSERTIONS
iam	rbac-visibility-set	IAM-SET-SVA-VLIST-ONLY-DETAIL-404 :: read-list-visible	NO-ASSERTIONS
iam	rbac-visibility-set	IAM-SET-SVA-VLIST-ONLY-DETAIL-404 :: read-list-visible	NO-ASSERTIONS
iam	rbac-visibility-set	IAM-SET-SVA-VLIST-ONLY-DETAIL-404 :: read-list-visible	NO-ASSERTIONS
iam	rbac-visibility-set	IAM-SET-SVA-VLIST-ONLY-DETAIL-404 :: read-list-visible	NO-ASSERTIONS
iam	rbac-visibility-set	IAM-SET-SVA-VLIST-ONLY-DETAIL-404 :: read-list-visible	NO-ASSERTIONS
iam	rbac-visibility-set	IAM-SET-SVA-VLIST-ONLY-DETAIL-404 :: read-list-visible	NO-ASSERTIONS
iam	rbac-visibility-set	IAM-SET-SVA-VLIST-ONLY-DETAIL-404 :: read-list-visible	NO-ASSERTIONS
iam	rbac-visibility-set	IAM-SET-SVA-VLIST-ONLY-DETAIL-404 :: read-list-visible	NO-ASSERTIONS
iam	rbac-visibility-set	IAM-SET-SVA-VLIST-ONLY-DETAIL-404 :: read-list-visible	NO-ASSERTIONS
iam	rbac-visibility-set	IAM-SET-SVA-VLIST-ONLY-DETAIL-404 :: read-list-visible	NO-ASSERTIONS
iam	rbac-visibility-set	IAM-SET-SVA-VLIST-ONLY-DETAIL-404 :: read-list-visible	NO-ASSERTIONS
iam	rbac-visibility-set	IAM-SET-SVA-VLIST-ONLY-DETAIL-404 :: read-list-visible	NO-ASSERTIONS
iam	rbac-visibility-set	IAM-SET-SVA-VLIST-ONLY-DETAIL-404 :: read-list-visible	NO-ASSERTIONS
iam	rbac-visibility-set	IAM-SET-SVA-VLIST-ONLY-DETAIL-404 :: read-list-visible	NO-ASSERTIONS
iam	rbac-visibility-set	IAM-SET-SVA-VLIST-ONLY-DETAIL-404 :: read-list-visible	NO-ASSERTIONS
iam	rbac-visibility-set	IAM-SET-SVA-VLIST-ONLY-DETAIL-404 :: read-list-visible	NO-ASSERTIONS
iam	rbac-visibility-set	IAM-SET-SVA-VLIST-ONLY-DETAIL-404 :: read-list-visible	NO-ASSERTIONS
iam	rbac-visibility-set	IAM-SET-SVA-VLIST-ONLY-DETAIL-404 :: read-list-visible	NO-ASSERTIONS
iam	rbac-visibility-set	IAM-SET-SVA-VLIST-ONLY-DETAIL-404 :: read-list-visible	NO-ASSERTIONS
iam	rbac-visibility-set	IAM-SET-SVA-VLIST-ONLY-DETAIL-404 :: read-list-visible	NO-ASSERTIONS
iam	rbac-visibility-set	IAM-SET-SVA-VLIST-ONLY-DETAIL-404 :: read-list-visible	NO-ASSERTIONS
iam	rbac-visibility-set	IAM-SET-SVA-VLIST-ONLY-DETAIL-404 :: read-list-visible	NO-ASSERTIONS
iam	rbac-visibility-set	IAM-SET-SVA-VLIST-ONLY-DETAIL-404 :: read-list-visible	NO-ASSERTIONS
iam	rbac-visibility-set	IAM-SET-SVA-VLIST-ONLY-DETAIL-404 :: read-list-visible	NO-ASSERTIONS
iam	rbac-visibility-set	IAM-SET-SVA-VLIST-ONLY-DETAIL-404 :: read-list-visible	NO-ASSERTIONS
iam	rbac-visibility-set	IAM-SET-SVA-VLIST-ONLY-DETAIL-404 :: read-list-visible	NO-ASSERTIONS
iam	rbac-visibility-set	IAM-SET-SVA-VLIST-ONLY-DETAIL-404 :: read-list-visible	NO-ASSERTIONS
iam	rbac-visibility-set	IAM-SET-SVA-VLIST-ONLY-DETAIL-404 :: read-list-visible	NO-ASSERTIONS
iam	rbac-visibility-set	IAM-SET-SVA-VLIST-ONLY-DETAIL-404 :: read-list-visible	NO-ASSERTIONS
iam	rbac-visibility-set	IAM-SET-SVA-VLIST-ONLY-DETAIL-404 :: read-list-visible	NO-ASSERTIONS
iam	rbac-visibility-set	IAM-SET-SVA-VLIST-ONLY-DETAIL-404 :: read-list-visible	NO-ASSERTIONS
iam	rbac-visibility-set	IAM-SET-SVA-VLIST-ONLY-DETAIL-404 :: read-list-visible	NO-ASSERTIONS
iam	rbac-visibility-set	IAM-SET-SVA-VLIST-ONLY-DETAIL-404 :: read-list-visible	NO-ASSERTIONS
iam	rbac-visibility-set	IAM-SET-SVA-VLIST-ONLY-DETAIL-404 :: read-list-visible	NO-ASSERTIONS
iam	rbac-visibility-set	IAM-SET-SVA-VLIST-ONLY-DETAIL-404 :: read-list-visible	NO-ASSERTIONS
iam	rbac-visibility-set	IAM-SET-SVA-VLIST-ONLY-DETAIL-404 :: read-list-visible	NO-ASSERTIONS
iam	rbac-visibility-set	IAM-SET-SVA-VLIST-ONLY-DETAIL-404 :: read-list-visible	NO-ASSERTIONS
iam	rbac-visibility-set	IAM-SET-SVA-VLIST-ONLY-DETAIL-404 :: read-list-visible	NO-ASSERTIONS
iam	rbac-visibility-set	IAM-SET-SVA-VLIST-ONLY-DETAIL-404 :: read-list-visible	NO-ASSERTIONS
iam	rbac-visibility-set	IAM-SET-SVA-VLIST-ONLY-DETAIL-404 :: read-list-visible	NO-ASSERTIONS
iam	rbac-visibility-set	IAM-SET-SVA-VLIST-ONLY-DETAIL-404 :: read-list-visible	NO-ASSERTIONS
iam	rbac-visibility-set	IAM-SET-SVA-VLIST-ONLY-DETAIL-404 :: read-list-visible	NO-ASSERTIONS
iam	rbac-visibility-set	IAM-SET-SVA-VLIST-ONLY-DETAIL-404 :: read-list-visible	NO-ASSERTIONS
iam	rbac-visibility-set	IAM-SET-SVA-VLIST-ONLY-DETAIL-404 :: read-list-visible	NO-ASSERTIONS
iam	rbac-visibility-set	IAM-SET-SVA-VLIST-ONLY-DETAIL-404 :: read-list-visible	NO-ASSERTIONS
iam	rbac-visibility-set	IAM-SET-SVA-VLIST-ONLY-DETAIL-404 :: read-list-visible	NO-ASSERTIONS
iam	rbac-visibility-set	IAM-SET-SVA-VLIST-ONLY-DETAIL-404 :: read-list-visible	NO-ASSERTIONS
iam	rbac-visibility-set	IAM-SET-SVA-VLIST-ONLY-DETAIL-404 :: read-list-visible	NO-ASSERTIONS
iam	rbac-visibility-set	IAM-SET-SVA-VLIST-ONLY-DETAIL-404 :: read-list-visible	RED
iam	rbac-visibility-set	IAM-SET-SVA-VLIST-ONLY-DETAIL-404 :: setSvaVl-preclean-list	GREEN
iam	rbac-visibility-set	IAM-SET-SVA-VLIST-ONLY-DETAIL-404 :: teardown-binding	GREEN
iam	rbac-visibility-set	IAM-SET-SVA-VLIST-ONLY-DETAIL-404 :: teardown-obj-await	GREEN
iam	rbac-visibility-set	IAM-SET-SVA-VLIST-ONLY-DETAIL-404 :: teardown-obj	GREEN
iam	rbac-visibility-set	IAM-SET-SVA-VLIST-ONLY-DETAIL-404 :: teardown-role-await	GREEN
iam	rbac-visibility-set	IAM-SET-SVA-VLIST-ONLY-DETAIL-404 :: teardown-role	GREEN
nlb	authz-deny	add-as-tm-rya317	NO-ASSERTIONS
nlb	authz-deny	add-as-tm-rya317	NO-ASSERTIONS
nlb	authz-deny	add-as-tm-rya317	NO-ASSERTIONS
nlb	authz-deny	add-as-tm-rya317	NO-ASSERTIONS
nlb	authz-deny	add-as-tm-rya317	NO-ASSERTIONS
nlb	authz-deny	add-as-tm-rya317	NO-ASSERTIONS
nlb	authz-deny	add-as-tm-rya317	NO-ASSERTIONS
nlb	authz-deny	add-as-tm-rya317	NO-ASSERTIONS
nlb	authz-deny	add-as-tm-rya317	NO-ASSERTIONS
nlb	authz-deny	add-as-tm-rya317	NO-ASSERTIONS
nlb	authz-deny	add-as-tm-rya317	NO-ASSERTIONS
nlb	authz-deny	add-as-tm-rya317	NO-ASSERTIONS
nlb	authz-deny	add-as-tm-rya317	NO-ASSERTIONS
nlb	authz-deny	add-as-tm-rya317	NO-ASSERTIONS
nlb	authz-deny	add-as-tm-rya317	NO-ASSERTIONS
nlb	authz-deny	add-as-tm-rya317	NO-ASSERTIONS
nlb	authz-deny	add-as-tm-rya317	NO-ASSERTIONS
nlb	authz-deny	add-as-tm-rya317	NO-ASSERTIONS
nlb	authz-deny	add-as-tm-rya317	NO-ASSERTIONS
nlb	authz-deny	add-as-tm-rya317	NO-ASSERTIONS
nlb	authz-deny	add-as-tm-rya317	NO-ASSERTIONS
nlb	authz-deny	add-as-tm-rya317	NO-ASSERTIONS
nlb	authz-deny	add-as-tm-rya317	NO-ASSERTIONS
nlb	authz-deny	add-as-tm-rya317	NO-ASSERTIONS
nlb	authz-deny	add-as-tm-rya317	NO-ASSERTIONS
nlb	authz-deny	add-as-tm-rya317	RED
nlb	authz-deny	add-viewer	GREEN
nlb	authz-deny	cancel-as-B	GREEN
nlb	authz-deny	cleanup	NO-ASSERTIONS
nlb	authz-deny	cleanup	NO-ASSERTIONS
nlb	authz-deny	cleanup	NO-ASSERTIONS
nlb	authz-deny	cleanup	NO-ASSERTIONS
nlb	authz-deny	cleanup	NO-ASSERTIONS
nlb	authz-deny	cleanup	NO-ASSERTIONS
nlb	authz-deny	cr-anon	GREEN
nlb	authz-deny	cr-anon	GREEN
nlb	authz-deny	cr-anon	GREEN
nlb	authz-deny	cr-as-A	GREEN
nlb	authz-deny	cr-as-A	GREEN
nlb	authz-deny	cr-as-group-member-rya321	GREEN
nlb	authz-deny	cr-as-sa	GREEN
nlb	authz-deny	cr-stranger	GREEN
nlb	authz-deny	cr-stranger	GREEN
nlb	authz-deny	cr-viewer	GREEN
nlb	authz-deny	cr-viewer	GREEN
nlb	authz-deny	cr-viewer	GREEN
nlb	authz-deny	del-by-creator-rya320	GREEN
nlb	authz-deny	del-rya319	GREEN
nlb	authz-deny	get-after-delete	GREEN
nlb	authz-deny	get-as-stranger-passthrough	GREEN
nlb	authz-deny	get-out-scope	GREEN
nlb	authz-deny	get-stranger	GREEN
nlb	authz-deny	get-stranger	GREEN
nlb	authz-deny	get-stranger	GREEN
nlb	authz-deny	get-viewer-rya316	GREEN
nlb	authz-deny	lops-stranger	GREEN
nlb	authz-deny	lops-stranger	GREEN
nlb	authz-deny	lst-stranger	GREEN
nlb	authz-deny	lst-stranger	GREEN
nlb	authz-deny	lst-stranger-ops	GREEN
nlb	authz-deny	mv-as-src-editor-only	GREEN
nlb	authz-deny	mv-no-dst-editor	GREEN
nlb	authz-deny	poll-op-11	GREEN
nlb	authz-deny	poll-op-12	GREEN
nlb	authz-deny	poll-op-13	GREEN
nlb	authz-deny	poll-op-14	GREEN
nlb	authz-deny	poll-op-14	GREEN
nlb	authz-deny	poll-op-15	GREEN
nlb	authz-deny	poll-op-15	GREEN
nlb	authz-deny	poll-op-16	GREEN
nlb	authz-deny	poll-op-16	GREEN
nlb	authz-deny	poll-op-17	GREEN
nlb	authz-deny	poll-op-17	GREEN
nlb	authz-deny	poll-op-18	GREEN
nlb	authz-deny	poll-op-18	GREEN
nlb	authz-deny	poll-op-19	GREEN
nlb	authz-deny	poll-op-19	GREEN
nlb	authz-deny	poll-op-1	GREEN
nlb	authz-deny	poll-op-1	GREEN
nlb	authz-deny	poll-op-20	GREEN
nlb	authz-deny	poll-op-20	GREEN
nlb	authz-deny	poll-op-21	GREEN
nlb	authz-deny	poll-op-21	GREEN
nlb	authz-deny	poll-op-2	GREEN
nlb	authz-deny	poll-op-2	GREEN
nlb	authz-deny	poll-op-3	GREEN
nlb	authz-deny	poll-op-3	GREEN
nlb	authz-deny	poll-op-4	GREEN
nlb	authz-deny	poll-op-4	GREEN
nlb	authz-deny	poll-op-5	GREEN
nlb	authz-deny	poll-op-5	GREEN
nlb	authz-deny	poll-op-6	GREEN
nlb	authz-deny	poll-op-7	GREEN
nlb	authz-deny	poll-op-7	GREEN
nlb	authz-deny	poll-op-8	GREEN
nlb	authz-deny	poll-op-8	GREEN
nlb	authz-deny	poll-op-9	GREEN
nlb	authz-deny	poll-op-9	GREEN
nlb	authz-deny	precond-editorA-denied-on-dst	GREEN
nlb	authz-deny	precond-editorA-denied-on-dst	GREEN
nlb	authz-deny	probe-internal-public	GREEN
nlb	authz-deny	probe-unknown-perm	GREEN
nlb	authz-deny	read-catalog	GREEN
nlb	authz-deny	rm-viewer	GREEN
nlb	authz-deny	setup-cr-cr318	GREEN
nlb	authz-deny	setup-cr	GREEN
nlb	authz-deny	setup-cr	GREEN
nlb	authz-deny	setup-subnet	NO-ASSERTIONS
nlb	authz-deny	setup-tg	GREEN
nlb	authz-deny	stranger-create	GREEN
nlb	authz-deny	tm-cleanup-tg	NO-ASSERTIONS
nlb	authz-deny	tm-rm-target	NO-ASSERTIONS
nlb	authz-deny	tm-setup-tg	GREEN
nlb	authz-deny	upd-as-tm-denied	GREEN
nlb	authz-deny	upd-stranger	GREEN
nlb	authz-deny	viewer	GREEN
nlb	authz-deny	viewer	GREEN
nlb	authz-deny	viewer	GREEN
nlb	authz-deny	viewer	GREEN
nlb	authz-deny	viewer	GREEN
nlb	authz-deny	viewer	GREEN
nlb	authz-deny	viewer	GREEN
nlb	authz-deny	viewer	GREEN
nlb	authz-deny	viewer	GREEN
nlb	authz-deny	viewer-write-denied	GREEN
nlb	cross-resource	add-external-target-rya348	GREEN
nlb	cross-resource	add-instance-target-rya328	GREEN
nlb	cross-resource	add-instance-target-rya355	GREEN
nlb	cross-resource	cleanup-int-listener	NO-ASSERTIONS
nlb	cross-resource	cleanup-int-subnet	NO-ASSERTIONS
nlb	cross-resource	cleanup-lb	NO-ASSERTIONS
nlb	cross-resource	cleanup-lb	NO-ASSERTIONS
nlb	cross-resource	cleanup-lb	NO-ASSERTIONS
nlb	cross-resource	cleanup-lb	NO-ASSERTIONS
nlb	cross-resource	cleanup-lb	NO-ASSERTIONS
nlb	cross-resource	cleanup-lb	NO-ASSERTIONS
nlb	cross-resource	cleanup-lb	NO-ASSERTIONS
nlb	cross-resource	cleanup-lb	NO-ASSERTIONS
nlb	cross-resource	cleanup-lst	NO-ASSERTIONS
nlb	cross-resource	cleanup-lst	NO-ASSERTIONS
nlb	cross-resource	cleanup-lst	NO-ASSERTIONS
nlb	cross-resource	cleanup-tg	NO-ASSERTIONS
nlb	cross-resource	cleanup-tg	NO-ASSERTIONS
nlb	cross-resource	cleanup-tg	NO-ASSERTIONS
nlb	cross-resource	clear-default	GREEN
nlb	cross-resource	clear-default-tg	NO-ASSERTIONS
nlb	cross-resource	create-external-public-vip	GREEN
nlb	cross-resource	create-internal-bare	GREEN
nlb	cross-resource	create-internal-lb-cr338	GREEN
nlb	cross-resource	create-internal-listener-rya340	GREEN
nlb	cross-resource	create-lb-cr322	GREEN
nlb	cross-resource	create-lb-cr334	GREEN
nlb	cross-resource	create-lb-cr344	GREEN
nlb	cross-resource	create-lb-cr349	GREEN
nlb	cross-resource	create-lb-cr352	GREEN
nlb	cross-resource	create-lb-cr356	GREEN
nlb	cross-resource	create-lb-v6-cr332	GREEN
nlb	cross-resource	create-listener-rya325	GREEN
nlb	cross-resource	create-listener-rya336	GREEN
nlb	cross-resource	create-listener-rya346	GREEN
nlb	cross-resource	create-listener-rya351	GREEN
nlb	cross-resource	create-tg	GREEN
nlb	cross-resource	create-tg	GREEN
nlb	cross-resource	create-tg	GREEN
nlb	cross-resource	create-tg	GREEN
nlb	cross-resource	create-with-removed-sg	GREEN
nlb	cross-resource	cr-lb-v4-slot-v6-address	GREEN
nlb	cross-resource	delete-blocked	GREEN
nlb	cross-resource	delete-lb-empty	GREEN
nlb	cross-resource	delete-lb-not-empty	GREEN
nlb	cross-resource	delete-listener	GREEN
nlb	cross-resource	delete-tg	GREEN
nlb	cross-resource	get-internal-lb-rya339	GREEN
nlb	cross-resource	get-internal-listener-status-rya341	GREEN
nlb	cross-resource	get-internal-target-states	GREEN
nlb	cross-resource	get-lb-after-attach-rya330	GREEN
nlb	cross-resource	get-lb-inactive-rya324	GREEN
nlb	cross-resource	get-lb-v6-vip-rya333	GREEN
nlb	cross-resource	get-listener-vip-rya326	GREEN
nlb	cross-resource	get-no-network-rya343	GREEN
nlb	cross-resource	get-states-survives	GREEN
nlb	cross-resource	get-states-unknown-tg	GREEN
nlb	cross-resource	get-target-states-rya331	GREEN
nlb	cross-resource	get-tg-survives	GREEN
nlb	cross-resource	lb-gone	GREEN
nlb	cross-resource	lb-still-exists	GREEN
nlb	cross-resource	lb-survived-the-refusal	GREEN
nlb	cross-resource	listener-gone	GREEN
nlb	cross-resource	materialize-lb-rya323	NO-ASSERTIONS
nlb	cross-resource	materialize-lb-rya335	NO-ASSERTIONS
nlb	cross-resource	materialize-lb-rya345	NO-ASSERTIONS
nlb	cross-resource	materialize-lb-rya350	NO-ASSERTIONS
nlb	cross-resource	materialize-lb-rya353	NO-ASSERTIONS
nlb	cross-resource	materialize-lb-rya357	NO-ASSERTIONS
nlb	cross-resource	materialize-tg-rya327	NO-ASSERTIONS
nlb	cross-resource	materialize-tg-rya342	NO-ASSERTIONS
nlb	cross-resource	materialize-tg-rya347	NO-ASSERTIONS
nlb	cross-resource	materialize-tg-rya354	NO-ASSERTIONS
nlb	cross-resource	poll-op-10	GREEN
nlb	cross-resource	poll-op-11	GREEN
nlb	cross-resource	poll-op-11	GREEN
nlb	cross-resource	poll-op-12	GREEN
nlb	cross-resource	poll-op-12	GREEN
nlb	cross-resource	poll-op-13	GREEN
nlb	cross-resource	poll-op-13	GREEN
nlb	cross-resource	poll-op-14	GREEN
nlb	cross-resource	poll-op-14	GREEN
nlb	cross-resource	poll-op-15	GREEN
nlb	cross-resource	poll-op-15	GREEN
nlb	cross-resource	poll-op-16	GREEN
nlb	cross-resource	poll-op-16	GREEN
nlb	cross-resource	poll-op-17	GREEN
nlb	cross-resource	poll-op-18	GREEN
nlb	cross-resource	poll-op-18	GREEN
nlb	cross-resource	poll-op-19	GREEN
nlb	cross-resource	poll-op-19	GREEN
nlb	cross-resource	poll-op-1	GREEN
nlb	cross-resource	poll-op-1	GREEN
nlb	cross-resource	poll-op-20	GREEN
nlb	cross-resource	poll-op-20	GREEN
nlb	cross-resource	poll-op-21	GREEN
nlb	cross-resource	poll-op-22	GREEN
nlb	cross-resource	poll-op-22	GREEN
nlb	cross-resource	poll-op-23	GREEN
nlb	cross-resource	poll-op-24	GREEN
nlb	cross-resource	poll-op-25	GREEN
nlb	cross-resource	poll-op-25	GREEN
nlb	cross-resource	poll-op-26	GREEN
nlb	cross-resource	poll-op-26	GREEN
nlb	cross-resource	poll-op-27	GREEN
nlb	cross-resource	poll-op-27	GREEN
nlb	cross-resource	poll-op-28	GREEN
nlb	cross-resource	poll-op-28	GREEN
nlb	cross-resource	poll-op-29	GREEN
nlb	cross-resource	poll-op-29	GREEN
nlb	cross-resource	poll-op-2	GREEN
nlb	cross-resource	poll-op-2	GREEN
nlb	cross-resource	poll-op-30	GREEN
nlb	cross-resource	poll-op-31	GREEN
nlb	cross-resource	poll-op-32	GREEN
nlb	cross-resource	poll-op-33	GREEN
nlb	cross-resource	poll-op-34	GREEN
nlb	cross-resource	poll-op-35	GREEN
nlb	cross-resource	poll-op-35	GREEN
nlb	cross-resource	poll-op-36	GREEN
nlb	cross-resource	poll-op-37	GREEN
nlb	cross-resource	poll-op-37	GREEN
nlb	cross-resource	poll-op-37	GREEN
nlb	cross-resource	poll-op-38	GREEN
nlb	cross-resource	poll-op-38	GREEN
nlb	cross-resource	poll-op-39	GREEN
nlb	cross-resource	poll-op-39	GREEN
nlb	cross-resource	poll-op-3	GREEN
nlb	cross-resource	poll-op-3	GREEN
nlb	cross-resource	poll-op-40	GREEN
nlb	cross-resource	poll-op-40	GREEN
nlb	cross-resource	poll-op-41	GREEN
nlb	cross-resource	poll-op-41	GREEN
nlb	cross-resource	poll-op-41	GREEN
nlb	cross-resource	poll-op-42	GREEN
nlb	cross-resource	poll-op-42	GREEN
nlb	cross-resource	poll-op-43	GREEN
nlb	cross-resource	poll-op-44	GREEN
nlb	cross-resource	poll-op-45	GREEN
nlb	cross-resource	poll-op-46	GREEN
nlb	cross-resource	poll-op-46	GREEN
nlb	cross-resource	poll-op-47	GREEN
nlb	cross-resource	poll-op-47	GREEN
nlb	cross-resource	poll-op-48	GREEN
nlb	cross-resource	poll-op-48	GREEN
nlb	cross-resource	poll-op-4	GREEN
nlb	cross-resource	poll-op-5	GREEN
nlb	cross-resource	poll-op-6	GREEN
nlb	cross-resource	poll-op-7	GREEN
nlb	cross-resource	poll-op-8	GREEN
nlb	cross-resource	poll-op-9	GREEN
nlb	cross-resource	poll-op-9	GREEN
nlb	cross-resource	provision-subnet	GREEN
nlb	cross-resource	remove-instance-target	GREEN
nlb	cross-resource	remove-instance-target	NO-ASSERTIONS
nlb	cross-resource	remove-target	GREEN
nlb	cross-resource	set-default-absent	GREEN
nlb	cross-resource	set-default-tg	GREEN
nlb	cross-resource	set-default-tg	NO-ASSERTIONS
nlb	cross-resource	tg-gone	GREEN
nlb	cross-resource	verify-default-tg-set-st329	GREEN
nlb	cross-resource	verify-listener-unchanged-rya337	GREEN
nlb	listener	cleanup-best-effort	NO-ASSERTIONS
nlb	listener	cleanup-lb	NO-ASSERTIONS
nlb	listener	cleanup-lb	NO-ASSERTIONS
nlb	listener	cleanup-lb	NO-ASSERTIONS
nlb	listener	cleanup-lb	NO-ASSERTIONS
nlb	listener	cleanup-lb	NO-ASSERTIONS
nlb	listener	cleanup-lb	NO-ASSERTIONS
nlb	listener	cleanup-lb	NO-ASSERTIONS
nlb	listener	cleanup-lb	NO-ASSERTIONS
nlb	listener	cleanup-lb	NO-ASSERTIONS
nlb	listener	cleanup-lb	NO-ASSERTIONS
nlb	listener	cleanup-lb	NO-ASSERTIONS
nlb	listener	cleanup-lb	NO-ASSERTIONS
nlb	listener	cleanup-lb	NO-ASSERTIONS
nlb	listener	cleanup-lb	NO-ASSERTIONS
nlb	listener	cleanup-lb	NO-ASSERTIONS
nlb	listener	cleanup-lb	NO-ASSERTIONS
nlb	listener	cleanup-lb	NO-ASSERTIONS
nlb	listener	cleanup-lb	NO-ASSERTIONS
nlb	listener	cleanup-lb	NO-ASSERTIONS
nlb	listener	cleanup-lb	NO-ASSERTIONS
nlb	listener	cleanup-lb	NO-ASSERTIONS
nlb	listener	cleanup-lb	NO-ASSERTIONS
nlb	listener	cleanup-lb	NO-ASSERTIONS
nlb	listener	cleanup-lb	NO-ASSERTIONS
nlb	listener	cleanup-lb	NO-ASSERTIONS
nlb	listener	cleanup-lb	NO-ASSERTIONS
nlb	listener	cleanup-lb	NO-ASSERTIONS
nlb	listener	cleanup-lb	NO-ASSERTIONS
nlb	listener	cleanup-lb	NO-ASSERTIONS
nlb	listener	cleanup-lb	NO-ASSERTIONS
nlb	listener	cleanup-lst	NO-ASSERTIONS
nlb	listener	cleanup-lst	NO-ASSERTIONS
nlb	listener	cleanup-lst	NO-ASSERTIONS
nlb	listener	cleanup-lst	NO-ASSERTIONS
nlb	listener	cleanup-lst	NO-ASSERTIONS
nlb	listener	cleanup-lst	NO-ASSERTIONS
nlb	listener	cleanup-lst	NO-ASSERTIONS
nlb	listener	cleanup-lst	NO-ASSERTIONS
nlb	listener	cleanup-lst	NO-ASSERTIONS
nlb	listener	cleanup-lst	NO-ASSERTIONS
nlb	listener	cleanup-lst	NO-ASSERTIONS
nlb	listener	cleanup-lst	NO-ASSERTIONS
nlb	listener	cleanup-lst	NO-ASSERTIONS
nlb	listener	cleanup-lst	NO-ASSERTIONS
nlb	listener	cleanup-lst-subnet	GREEN
nlb	listener	cleanup-lst-subnet	GREEN
nlb	listener	cleanup-lst-subnet	GREEN
nlb	listener	cleanup-lst-subnet	GREEN
nlb	listener	cleanup-lst-subnet	GREEN
nlb	listener	cleanup-lst-subnet	GREEN
nlb	listener	cleanup-lst-subnet	GREEN
nlb	listener	cleanup-lst-subnet	GREEN
nlb	listener	cleanup-lst-subnet	GREEN
nlb	listener	cleanup-lst-subnet	GREEN
nlb	listener	cleanup-lst-subnet	GREEN
nlb	listener	cleanup-lst-subnet	GREEN
nlb	listener	cleanup-lst-subnet	GREEN
nlb	listener	cleanup-lst-subnet	GREEN
nlb	listener	cleanup-lst-subnet	GREEN
nlb	listener	cleanup-lst-subnet	GREEN
nlb	listener	cleanup-lst-subnet	GREEN
nlb	listener	cleanup-lst-subnet	GREEN
nlb	listener	cleanup-lst-subnet	GREEN
nlb	listener	cleanup-lst-subnet	GREEN
nlb	listener	cleanup-lst-subnet	GREEN
nlb	listener	cleanup-lst-subnet	GREEN
nlb	listener	cleanup-lst-subnet	GREEN
nlb	listener	cleanup-lst-subnet	GREEN
nlb	listener	cleanup-lst-subnet	GREEN
nlb	listener	cleanup-lst-subnet	GREEN
nlb	listener	cleanup-lst-subnet	GREEN
nlb	listener	cleanup-tg-alt	NO-ASSERTIONS
nlb	listener	cleanup-tg-cross	GREEN
nlb	listener	cleanup-tg-cross	GREEN
nlb	listener	cr-1-rya415	GREEN
nlb	listener	cr-2-dup-rya416	GREEN
nlb	listener	cr-bad-name-rya406	GREEN
nlb	listener	cr-byo-rya368	GREEN
nlb	listener	cr-digit-rya426	GREEN
nlb	listener	cr-empty	GREEN
nlb	listener	cr-enum-unk	GREEN
nlb	listener	cr-http-rya403	GREEN
nlb	listener	cr-hyp-rya429	GREEN
nlb	listener	cr-int-rya373	GREEN
nlb	listener	cr-ipv6-rya440	GREEN
nlb	listener	cr-likely-fail-rya419	GREEN
nlb	listener	cr-lst-cross-tg	GREEN
nlb	listener	cr-lst-cross-tg-legacy	GREEN
nlb	listener	cr-lst-rya364	GREEN
nlb	listener	cr-malformed	GREEN
nlb	listener	cr-no-lb	GREEN
nlb	listener	cr-p0-rya394	GREEN
nlb	listener	cr-p1-rya409	GREEN
nlb	listener	cr-pmax-rya412	GREEN
nlb	listener	cr-pn-rya400	GREEN
nlb	listener	cr-po-rya397	GREEN
nlb	listener	cr-pp2-rya443	GREEN
nlb	listener	cr-rya376	GREEN
nlb	listener	cr-rya382	GREEN
nlb	listener	cr-rya385	GREEN
nlb	listener	cr-rya390	GREEN
nlb	listener	cr-rya422	GREEN
nlb	listener	cr-rya447	GREEN
nlb	listener	cr-rya459	GREEN
nlb	listener	cr-tp-0-rya432	GREEN
nlb	listener	cr-tp-o-rya435	GREEN
nlb	listener	cr-udp-rya454	GREEN
nlb	listener	del-bad-prefix	GREEN
nlb	listener	del-list	GREEN
nlb	listener	del-rya387	GREEN
nlb	listener	del-unknown	GREEN
nlb	listener	get-after-clear-rya449	GREEN
nlb	listener	get-after-refused-repoint-rya460	GREEN
nlb	listener	get-bad-prefix	GREEN
nlb	listener	get-byo-rya369	GREEN
nlb	listener	get-lb-byo-vip-st370	GREEN
nlb	listener	get-lb-vip-after	GREEN
nlb	listener	get-lb-vip-before-st386	GREEN
nlb	listener	get-lb-vip-st366	GREEN
nlb	listener	get-rya377	GREEN
nlb	listener	get-rya444	GREEN
nlb	listener	get-st365	GREEN
nlb	listener	get-unknown	GREEN
nlb	listener	lops-rya391	GREEN
nlb	listener	lst-1000	GREEN
nlb	listener	lst-1001	GREEN
nlb	listener	lst-bad-token	GREEN
nlb	listener	lst-empty-token	GREEN
nlb	listener	lst-filter	GREEN
nlb	listener	lst	GREEN
nlb	listener	lst-huge	GREEN
nlb	listener	lst-neg	GREEN
nlb	listener	lst-project-scoped	GREEN
nlb	listener	lst-unknown-lb	GREEN
nlb	listener	lst-zero	GREEN
nlb	listener	page-1	GREEN
nlb	listener	page-2	GREEN
nlb	listener	poll-op-100	GREEN
nlb	listener	poll-op-101	GREEN
nlb	listener	poll-op-102	GREEN
nlb	listener	poll-op-102	GREEN
nlb	listener	poll-op-103	GREEN
nlb	listener	poll-op-103	GREEN
nlb	listener	poll-op-104	GREEN
nlb	listener	poll-op-105	GREEN
nlb	listener	poll-op-106	GREEN
nlb	listener	poll-op-106	GREEN
nlb	listener	poll-op-107	GREEN
nlb	listener	poll-op-107	GREEN
nlb	listener	poll-op-108	GREEN
nlb	listener	poll-op-109	GREEN
nlb	listener	poll-op-10	GREEN
nlb	listener	poll-op-10	GREEN
nlb	listener	poll-op-10	GREEN
nlb	listener	poll-op-110	GREEN
nlb	listener	poll-op-110	GREEN
nlb	listener	poll-op-110	GREEN
nlb	listener	poll-op-111	GREEN
nlb	listener	poll-op-111	GREEN
nlb	listener	poll-op-112	GREEN
nlb	listener	poll-op-113	GREEN
nlb	listener	poll-op-114	GREEN
nlb	listener	poll-op-114	GREEN
nlb	listener	poll-op-115	GREEN
nlb	listener	poll-op-115	GREEN
nlb	listener	poll-op-116	GREEN
nlb	listener	poll-op-117	GREEN
nlb	listener	poll-op-117	GREEN
nlb	listener	poll-op-118	GREEN
nlb	listener	poll-op-119	GREEN
nlb	listener	poll-op-11	GREEN
nlb	listener	poll-op-11	GREEN
nlb	listener	poll-op-120	GREEN
nlb	listener	poll-op-120	GREEN
nlb	listener	poll-op-120	GREEN
nlb	listener	poll-op-121	GREEN
nlb	listener	poll-op-121	GREEN
nlb	listener	poll-op-122	GREEN
nlb	listener	poll-op-123	GREEN
nlb	listener	poll-op-123	GREEN
nlb	listener	poll-op-124	GREEN
nlb	listener	poll-op-125	GREEN
nlb	listener	poll-op-126	GREEN
nlb	listener	poll-op-126	GREEN
nlb	listener	poll-op-127	GREEN
nlb	listener	poll-op-127	GREEN
nlb	listener	poll-op-128	GREEN
nlb	listener	poll-op-129	GREEN
nlb	listener	poll-op-129	GREEN
nlb	listener	poll-op-12	GREEN
nlb	listener	poll-op-130	GREEN
nlb	listener	poll-op-130	GREEN
nlb	listener	poll-op-131	GREEN
nlb	listener	poll-op-132	GREEN
nlb	listener	poll-op-133	GREEN
nlb	listener	poll-op-133	GREEN
nlb	listener	poll-op-134	GREEN
nlb	listener	poll-op-134	GREEN
nlb	listener	poll-op-135	GREEN
nlb	listener	poll-op-136	GREEN
nlb	listener	poll-op-137	GREEN
nlb	listener	poll-op-137	GREEN
nlb	listener	poll-op-138	GREEN
nlb	listener	poll-op-138	GREEN
nlb	listener	poll-op-139	GREEN
nlb	listener	poll-op-139	GREEN
nlb	listener	poll-op-13	GREEN
nlb	listener	poll-op-13	GREEN
nlb	listener	poll-op-140	GREEN
nlb	listener	poll-op-140	GREEN
nlb	listener	poll-op-141	GREEN
nlb	listener	poll-op-142	GREEN
nlb	listener	poll-op-143	GREEN
nlb	listener	poll-op-143	GREEN
nlb	listener	poll-op-143	GREEN
nlb	listener	poll-op-144	GREEN
nlb	listener	poll-op-144	GREEN
nlb	listener	poll-op-145	GREEN
nlb	listener	poll-op-145	GREEN
nlb	listener	poll-op-146	GREEN
nlb	listener	poll-op-146	GREEN
nlb	listener	poll-op-147	GREEN
nlb	listener	poll-op-148	GREEN
nlb	listener	poll-op-149	GREEN
nlb	listener	poll-op-149	GREEN
nlb	listener	poll-op-14	GREEN
nlb	listener	poll-op-150	GREEN
nlb	listener	poll-op-150	GREEN
nlb	listener	poll-op-151	GREEN
nlb	listener	poll-op-151	GREEN
nlb	listener	poll-op-152	GREEN
nlb	listener	poll-op-153	GREEN
nlb	listener	poll-op-153	GREEN
nlb	listener	poll-op-154	GREEN
nlb	listener	poll-op-154	GREEN
nlb	listener	poll-op-155	GREEN
nlb	listener	poll-op-15	GREEN
nlb	listener	poll-op-16	GREEN
nlb	listener	poll-op-16	GREEN
nlb	listener	poll-op-17	GREEN
nlb	listener	poll-op-17	GREEN
nlb	listener	poll-op-18	GREEN
nlb	listener	poll-op-19	GREEN
nlb	listener	poll-op-19	GREEN
nlb	listener	poll-op-1	GREEN
nlb	listener	poll-op-1	GREEN
nlb	listener	poll-op-20	GREEN
nlb	listener	poll-op-21	GREEN
nlb	listener	poll-op-22	GREEN
nlb	listener	poll-op-22	GREEN
nlb	listener	poll-op-23	GREEN
nlb	listener	poll-op-23	GREEN
nlb	listener	poll-op-24	GREEN
nlb	listener	poll-op-25	GREEN
nlb	listener	poll-op-26	GREEN
nlb	listener	poll-op-26	GREEN
nlb	listener	poll-op-27	GREEN
nlb	listener	poll-op-27	GREEN
nlb	listener	poll-op-28	GREEN
nlb	listener	poll-op-29	GREEN
nlb	listener	poll-op-2	GREEN
nlb	listener	poll-op-2	GREEN
nlb	listener	poll-op-30	GREEN
nlb	listener	poll-op-30	GREEN
nlb	listener	poll-op-31	GREEN
nlb	listener	poll-op-32	GREEN
nlb	listener	poll-op-32	GREEN
nlb	listener	poll-op-33	GREEN
nlb	listener	poll-op-33	GREEN
nlb	listener	poll-op-34	GREEN
nlb	listener	poll-op-35	GREEN
nlb	listener	poll-op-35	GREEN
nlb	listener	poll-op-36	GREEN
nlb	listener	poll-op-37	GREEN
nlb	listener	poll-op-37	GREEN
nlb	listener	poll-op-38	GREEN
nlb	listener	poll-op-38	GREEN
nlb	listener	poll-op-39	GREEN
nlb	listener	poll-op-39	GREEN
nlb	listener	poll-op-3	GREEN
nlb	listener	poll-op-40	GREEN
nlb	listener	poll-op-40	GREEN
nlb	listener	poll-op-41	GREEN
nlb	listener	poll-op-42	GREEN
nlb	listener	poll-op-43	GREEN
nlb	listener	poll-op-43	GREEN
nlb	listener	poll-op-44	GREEN
nlb	listener	poll-op-44	GREEN
nlb	listener	poll-op-45	GREEN
nlb	listener	poll-op-46	GREEN
nlb	listener	poll-op-47	GREEN
nlb	listener	poll-op-47	GREEN
nlb	listener	poll-op-48	GREEN
nlb	listener	poll-op-48	GREEN
nlb	listener	poll-op-49	GREEN
nlb	listener	poll-op-4	GREEN
nlb	listener	poll-op-4	GREEN
nlb	listener	poll-op-50	GREEN
nlb	listener	poll-op-51	GREEN
nlb	listener	poll-op-51	GREEN
nlb	listener	poll-op-52	GREEN
nlb	listener	poll-op-52	GREEN
nlb	listener	poll-op-53	GREEN
nlb	listener	poll-op-54	GREEN
nlb	listener	poll-op-55	GREEN
nlb	listener	poll-op-55	GREEN
nlb	listener	poll-op-56	GREEN
nlb	listener	poll-op-56	GREEN
nlb	listener	poll-op-57	GREEN
nlb	listener	poll-op-58	GREEN
nlb	listener	poll-op-59	GREEN
nlb	listener	poll-op-59	GREEN
nlb	listener	poll-op-5	GREEN
nlb	listener	poll-op-5	GREEN
nlb	listener	poll-op-60	GREEN
nlb	listener	poll-op-60	GREEN
nlb	listener	poll-op-61	GREEN
nlb	listener	poll-op-62	GREEN
nlb	listener	poll-op-63	GREEN
nlb	listener	poll-op-63	GREEN
nlb	listener	poll-op-64	GREEN
nlb	listener	poll-op-64	GREEN
nlb	listener	poll-op-65	GREEN
nlb	listener	poll-op-66	GREEN
nlb	listener	poll-op-66	GREEN
nlb	listener	poll-op-67	GREEN
nlb	listener	poll-op-68	GREEN
nlb	listener	poll-op-69	GREEN
nlb	listener	poll-op-69	GREEN
nlb	listener	poll-op-6	GREEN
nlb	listener	poll-op-6	GREEN
nlb	listener	poll-op-70	GREEN
nlb	listener	poll-op-70	GREEN
nlb	listener	poll-op-71	GREEN
nlb	listener	poll-op-72	GREEN
nlb	listener	poll-op-72	GREEN
nlb	listener	poll-op-73	GREEN
nlb	listener	poll-op-74	GREEN
nlb	listener	poll-op-75	GREEN
nlb	listener	poll-op-75	GREEN
nlb	listener	poll-op-75	GREEN
nlb	listener	poll-op-76	GREEN
nlb	listener	poll-op-76	GREEN
nlb	listener	poll-op-77	GREEN
nlb	listener	poll-op-78	GREEN
nlb	listener	poll-op-78	GREEN
nlb	listener	poll-op-79	GREEN
nlb	listener	poll-op-79	GREEN
nlb	listener	poll-op-7	GREEN
nlb	listener	poll-op-80	GREEN
nlb	listener	poll-op-81	GREEN
nlb	listener	poll-op-82	GREEN
nlb	listener	poll-op-82	GREEN
nlb	listener	poll-op-83	GREEN
nlb	listener	poll-op-83	GREEN
nlb	listener	poll-op-84	GREEN
nlb	listener	poll-op-85	GREEN
nlb	listener	poll-op-86	GREEN
nlb	listener	poll-op-86	GREEN
nlb	listener	poll-op-86	GREEN
nlb	listener	poll-op-87	GREEN
nlb	listener	poll-op-87	GREEN
nlb	listener	poll-op-88	GREEN
nlb	listener	poll-op-88	GREEN
nlb	listener	poll-op-89	GREEN
nlb	listener	poll-op-8	GREEN
nlb	listener	poll-op-90	GREEN
nlb	listener	poll-op-91	GREEN
nlb	listener	poll-op-91	GREEN
nlb	listener	poll-op-92	GREEN
nlb	listener	poll-op-93	GREEN
nlb	listener	poll-op-94	GREEN
nlb	listener	poll-op-94	GREEN
nlb	listener	poll-op-95	GREEN
nlb	listener	poll-op-95	GREEN
nlb	listener	poll-op-96	GREEN
nlb	listener	poll-op-97	GREEN
nlb	listener	poll-op-98	GREEN
nlb	listener	poll-op-98	GREEN
nlb	listener	poll-op-98	GREEN
nlb	listener	poll-op-99	GREEN
nlb	listener	poll-op-99	GREEN
nlb	listener	poll-op-9	GREEN
nlb	listener	put-list	GREEN
nlb	listener	setup-lb-cr371	GREEN
nlb	listener	setup-lb-cr374	GREEN
nlb	listener	setup-lb-cr378	GREEN
nlb	listener	setup-lb-cr380	GREEN
nlb	listener	setup-lb-cr388	GREEN
nlb	listener	setup-lb-cr392	GREEN
nlb	listener	setup-lb-cr395	GREEN
nlb	listener	setup-lb-cr398	GREEN
nlb	listener	setup-lb-cr401	GREEN
nlb	listener	setup-lb-cr404	GREEN
nlb	listener	setup-lb-cr407	GREEN
nlb	listener	setup-lb-cr410	GREEN
nlb	listener	setup-lb-cr413	GREEN
nlb	listener	setup-lb-cr417	GREEN
nlb	listener	setup-lb-cr420	GREEN
nlb	listener	setup-lb-cr424	GREEN
nlb	listener	setup-lb-cr427	GREEN
nlb	listener	setup-lb-cr430	GREEN
nlb	listener	setup-lb-cr433	GREEN
nlb	listener	setup-lb-cr436	GREEN
nlb	listener	setup-lb-cr438	GREEN
nlb	listener	setup-lb-cr441	GREEN
nlb	listener	setup-lb-cr445	GREEN
nlb	listener	setup-lb-cr450	GREEN
nlb	listener	setup-lb-cr452	GREEN
nlb	listener	setup-lb-cr455	GREEN
nlb	listener	setup-lb-cr457	GREEN
nlb	listener	setup-lb	GREEN
nlb	listener	setup-lb	GREEN
nlb	listener	setup-lb	GREEN
nlb	listener	setup-materialize-lb-rya363	NO-ASSERTIONS
nlb	listener	setup-materialize-lb-rya367	NO-ASSERTIONS
nlb	listener	setup-materialize-lb-rya372	NO-ASSERTIONS
nlb	listener	setup-materialize-lb-rya375	NO-ASSERTIONS
nlb	listener	setup-materialize-lb-rya379	NO-ASSERTIONS
nlb	listener	setup-materialize-lb-rya381	NO-ASSERTIONS
nlb	listener	setup-materialize-lb-rya384	NO-ASSERTIONS
nlb	listener	setup-materialize-lb-rya389	NO-ASSERTIONS
nlb	listener	setup-materialize-lb-rya393	NO-ASSERTIONS
nlb	listener	setup-materialize-lb-rya396	NO-ASSERTIONS
nlb	listener	setup-materialize-lb-rya399	NO-ASSERTIONS
nlb	listener	setup-materialize-lb-rya402	NO-ASSERTIONS
nlb	listener	setup-materialize-lb-rya405	NO-ASSERTIONS
nlb	listener	setup-materialize-lb-rya408	NO-ASSERTIONS
nlb	listener	setup-materialize-lb-rya411	NO-ASSERTIONS
nlb	listener	setup-materialize-lb-rya414	NO-ASSERTIONS
nlb	listener	setup-materialize-lb-rya418	NO-ASSERTIONS
nlb	listener	setup-materialize-lb-rya421	NO-ASSERTIONS
nlb	listener	setup-materialize-lb-rya425	NO-ASSERTIONS
nlb	listener	setup-materialize-lb-rya428	NO-ASSERTIONS
nlb	listener	setup-materialize-lb-rya431	NO-ASSERTIONS
nlb	listener	setup-materialize-lb-rya434	NO-ASSERTIONS
nlb	listener	setup-materialize-lb-rya437	NO-ASSERTIONS
nlb	listener	setup-materialize-lb-rya439	NO-ASSERTIONS
nlb	listener	setup-materialize-lb-rya442	NO-ASSERTIONS
nlb	listener	setup-materialize-lb-rya446	NO-ASSERTIONS
nlb	listener	setup-materialize-lb-rya451	NO-ASSERTIONS
nlb	listener	setup-materialize-lb-rya453	NO-ASSERTIONS
nlb	listener	setup-materialize-lb-rya456	NO-ASSERTIONS
nlb	listener	setup-materialize-lb-rya458	NO-ASSERTIONS
nlb	listener	setup-subnet	NO-ASSERTIONS
nlb	listener	setup-subnet	NO-ASSERTIONS
nlb	listener	setup-subnet	NO-ASSERTIONS
nlb	listener	setup-subnet	NO-ASSERTIONS
nlb	listener	setup-subnet	NO-ASSERTIONS
nlb	listener	setup-subnet	NO-ASSERTIONS
nlb	listener	setup-subnet	NO-ASSERTIONS
nlb	listener	setup-subnet	NO-ASSERTIONS
nlb	listener	setup-subnet	NO-ASSERTIONS
nlb	listener	setup-subnet	NO-ASSERTIONS
nlb	listener	setup-subnet	NO-ASSERTIONS
nlb	listener	setup-subnet	NO-ASSERTIONS
nlb	listener	setup-subnet	NO-ASSERTIONS
nlb	listener	setup-subnet	NO-ASSERTIONS
nlb	listener	setup-subnet	NO-ASSERTIONS
nlb	listener	setup-subnet	NO-ASSERTIONS
nlb	listener	setup-subnet	NO-ASSERTIONS
nlb	listener	setup-subnet	NO-ASSERTIONS
nlb	listener	setup-subnet	NO-ASSERTIONS
nlb	listener	setup-subnet	NO-ASSERTIONS
nlb	listener	setup-subnet	NO-ASSERTIONS
nlb	listener	setup-subnet	NO-ASSERTIONS
nlb	listener	setup-subnet	NO-ASSERTIONS
nlb	listener	setup-subnet	NO-ASSERTIONS
nlb	listener	setup-subnet	NO-ASSERTIONS
nlb	listener	setup-subnet	NO-ASSERTIONS
nlb	listener	setup-subnet	NO-ASSERTIONS
nlb	listener	setup-tg-alt	GREEN
nlb	listener	setup-tg-cross	NO-ASSERTIONS
nlb	listener	setup-tg-cross	NO-ASSERTIONS
nlb	listener	upd-bad-prefix	GREEN
nlb	listener	upd-clear-rya448	GREEN
nlb	listener	upd-cross-tg	GREEN
nlb	listener	upd-default-tg-mismatch-rya423	GREEN
nlb	listener	upd-imm	GREEN
nlb	listener	upd-imm	GREEN
nlb	listener	upd-imm	GREEN
nlb	listener	upd-rya383	GREEN
nlb	listener	upd-unknown	GREEN
nlb	list-filter	create-a	GREEN
nlb	list-filter	create-own	GREEN
nlb	list-filter	create-tg	GREEN
nlb	list-filter	del-a-rya362	GREEN
nlb	list-filter	del-own-rya359	GREEN
nlb	list-filter	del-tg-rya361	GREEN
nlb	list-filter	get-absent	GREEN
nlb	list-filter	list-own-lst358	GREEN
nlb	list-filter	list-stranger	GREEN
nlb	list-filter	list-tg-lst360	GREEN
nlb	list-filter	poll-op-1	GREEN
nlb	list-filter	poll-op-1	GREEN
nlb	list-filter	poll-op-2	GREEN
nlb	list-filter	poll-op-2	GREEN
nlb	list-filter	poll-op-3	GREEN
nlb	list-filter	poll-op-3	GREEN
nlb	list-filter	poll-op-4	GREEN
nlb	list-filter	poll-op-5	GREEN
nlb	list-filter	poll-op-5	GREEN
nlb	list-filter	poll-op-6	GREEN
nlb	list-filter	poll-op-6	GREEN
nlb	load-balancer	check-error	GREEN
nlb	load-balancer	check-op	NO-ASSERTIONS
nlb	load-balancer	cleanup-best-effort	NO-ASSERTIONS
nlb	load-balancer	cleanup-del-lb	NO-ASSERTIONS
nlb	load-balancer	cleanup-del-lb	NO-ASSERTIONS
nlb	load-balancer	cleanup-del-lb	NO-ASSERTIONS
nlb	load-balancer	cleanup-del-lb	NO-ASSERTIONS
nlb	load-balancer	cleanup-del-lb	NO-ASSERTIONS
nlb	load-balancer	cleanup-del-lb	NO-ASSERTIONS
nlb	load-balancer	cleanup-del-lb	NO-ASSERTIONS
nlb	load-balancer	cleanup-del-lb	NO-ASSERTIONS
nlb	load-balancer	cleanup-del-lb	NO-ASSERTIONS
nlb	load-balancer	cleanup-del-lb	NO-ASSERTIONS
nlb	load-balancer	cleanup-del-lb	NO-ASSERTIONS
nlb	load-balancer	cleanup-del-lb	NO-ASSERTIONS
nlb	load-balancer	cleanup-del-lb	NO-ASSERTIONS
nlb	load-balancer	cleanup-del-lb	NO-ASSERTIONS
nlb	load-balancer	cleanup-del-lb	NO-ASSERTIONS
nlb	load-balancer	cleanup-del-lb	NO-ASSERTIONS
nlb	load-balancer	cleanup-del-lb	NO-ASSERTIONS
nlb	load-balancer	cleanup-del-lb	NO-ASSERTIONS
nlb	load-balancer	cleanup-del-lb	NO-ASSERTIONS
nlb	load-balancer	cleanup-del-lb	NO-ASSERTIONS
nlb	load-balancer	cleanup-del-lb	NO-ASSERTIONS
nlb	load-balancer	cleanup-del-lb	NO-ASSERTIONS
nlb	load-balancer	cleanup-del-lb	NO-ASSERTIONS
nlb	load-balancer	cleanup-del-lb	NO-ASSERTIONS
nlb	load-balancer	cleanup-del-lb	NO-ASSERTIONS
nlb	load-balancer	cleanup-del-lb	NO-ASSERTIONS
nlb	load-balancer	cleanup-del-lb	NO-ASSERTIONS
nlb	load-balancer	cleanup-del-lb	NO-ASSERTIONS
nlb	load-balancer	cleanup-del-lb	NO-ASSERTIONS
nlb	load-balancer	cleanup-del-lb	NO-ASSERTIONS
nlb	load-balancer	cleanup-del-lb	NO-ASSERTIONS
nlb	load-balancer	cleanup-del-lb	NO-ASSERTIONS
nlb	load-balancer	cleanup-del-tg	NO-ASSERTIONS
nlb	load-balancer	cleanup-del-tg	NO-ASSERTIONS
nlb	load-balancer	cleanup-del-tg	NO-ASSERTIONS
nlb	load-balancer	cleanup-first	NO-ASSERTIONS
nlb	load-balancer	cleanup-if-created	NO-ASSERTIONS
nlb	load-balancer	cleanup	NO-ASSERTIONS
nlb	load-balancer	cleanup	NO-ASSERTIONS
nlb	load-balancer	cleanup	NO-ASSERTIONS
nlb	load-balancer	cleanup	NO-ASSERTIONS
nlb	load-balancer	cleanup	NO-ASSERTIONS
nlb	load-balancer	cleanup	NO-ASSERTIONS
nlb	load-balancer	cleanup	NO-ASSERTIONS
nlb	load-balancer	cleanup	NO-ASSERTIONS
nlb	load-balancer	cleanup	NO-ASSERTIONS
nlb	load-balancer	cleanup	NO-ASSERTIONS
nlb	load-balancer	cleanup	NO-ASSERTIONS
nlb	load-balancer	cleanup	NO-ASSERTIONS
nlb	load-balancer	cleanup	NO-ASSERTIONS
nlb	load-balancer	cleanup-vpc-vpcAddr6Id	NO-ASSERTIONS
nlb	load-balancer	cleanup-vpc-vpcAddrId	NO-ASSERTIONS
nlb	load-balancer	cleanup-vpc-vpcAddrId	NO-ASSERTIONS
nlb	load-balancer	cleanup-vpc-vpcAddrId	NO-ASSERTIONS
nlb	load-balancer	cleanup-vpc-vpcAddrId	NO-ASSERTIONS
nlb	load-balancer	cleanup-vpc-vpcSubnetId	NO-ASSERTIONS
nlb	load-balancer	cleanup-vpc-vpcSubnetId	NO-ASSERTIONS
nlb	load-balancer	cleanup-vpc-vpcSubnetId	NO-ASSERTIONS
nlb	load-balancer	cleanup-vpc-vpcSubnetId	NO-ASSERTIONS
nlb	load-balancer	cleanup-vpc-vpcSubnetId	NO-ASSERTIONS
nlb	load-balancer	cleanup-vpc-vpcSubnetId	NO-ASSERTIONS
nlb	load-balancer	cleanup-vpc-vpcSubnetId	NO-ASSERTIONS
nlb	load-balancer	cleanup-vpc-vpcSubnetId	NO-ASSERTIONS
nlb	load-balancer	cr-256	GREEN
nlb	load-balancer	cr-3char	GREEN
nlb	load-balancer	cr-63char	GREEN
nlb	load-balancer	cr-64char	GREEN
nlb	load-balancer	cr-64	GREEN
nlb	load-balancer	cr-65-labels	GREEN
nlb	load-balancer	cr-address-id-malformed	GREEN
nlb	load-balancer	cr-aff	GREEN
nlb	load-balancer	cr-bad-aff	GREEN
nlb	load-balancer	cr-bad-proj	GREEN
nlb	load-balancer	cr-bad-regex	GREEN
nlb	load-balancer	cr-bad-region	GREEN
nlb	load-balancer	cr-desc-int	GREEN
nlb	load-balancer	cr-desc-null	GREEN
nlb	load-balancer	cr-desc-over	GREEN
nlb	load-balancer	cr-digit	GREEN
nlb	load-balancer	cr-dp	GREEN
nlb	load-balancer	cr-drain-all-cr541	GREEN
nlb	load-balancer	cr-drain-foreign-zone	GREEN
nlb	load-balancer	cr-dualstack-cr552	GREEN
nlb	load-balancer	create-dup	GREEN
nlb	load-balancer	create-first	GREEN
nlb	load-balancer	create	GREEN
nlb	load-balancer	cr-empty-body	GREEN
nlb	load-balancer	cr-empty-name	GREEN
nlb	load-balancer	cr-ext-link-cr550	GREEN
nlb	load-balancer	cr-family-slot	GREEN
nlb	load-balancer	cr-foreign-addr	GREEN
nlb	load-balancer	cr	GREEN
nlb	load-balancer	cr-hyphen-end	GREEN
nlb	load-balancer	cr-hyphen-start	GREEN
nlb	load-balancer	cr-int-cr462	GREEN
nlb	load-balancer	cr-internal-cr544	GREEN
nlb	load-balancer	cr-internal-cr546	GREEN
nlb	load-balancer	cr-internal-cr558	GREEN
nlb	load-balancer	cr-kind-mismatch-cr543	GREEN
nlb	load-balancer	cr-label-bad-char	GREEN
nlb	load-balancer	cr-label-upper	GREEN
nlb	load-balancer	cr-lawful	GREEN
nlb	load-balancer	cr-lbl-empty	GREEN
nlb	load-balancer	cr-lbl-str	GREEN
nlb	load-balancer	cr-lbl-val-over	GREEN
nlb	load-balancer	cr-legacy-placementtype	GREEN
nlb	load-balancer	cr-legacy-type	GREEN
nlb	load-balancer	cr-link-cr548	GREEN
nlb	load-balancer	cr-linked-cr563	NO-ASSERTIONS
nlb	load-balancer	cr-malformed	GREEN
nlb	load-balancer	cr-min	GREEN
nlb	load-balancer	cr-mismatch-cr542	GREEN
nlb	load-balancer	cr-multi-missing	GREEN
nlb	load-balancer	cr-no-ct	GREEN
nlb	load-balancer	cr-no-project	GREEN
nlb	load-balancer	cr-no-region	GREEN
nlb	load-balancer	cr-no-source	GREEN
nlb	load-balancer	cr-null-name	GREEN
nlb	load-balancer	cr-reject	GREEN
nlb	load-balancer	cr-reject	GREEN
nlb	load-balancer	cr-reject	GREEN
nlb	load-balancer	cr-reject	GREEN
nlb	load-balancer	cr-special	GREEN
nlb	load-balancer	cr-subnet-id-empty	GREEN
nlb	load-balancer	cr-subnet-id-malformed	GREEN
nlb	load-balancer	cr-underscore	GREEN
nlb	load-balancer	cr-upper	GREEN
nlb	load-balancer	cr-with-desc	GREEN
nlb	load-balancer	del-bad-prefix	GREEN
nlb	load-balancer	del-blocked	GREEN
nlb	load-balancer	delete-rya475	GREEN
nlb	load-balancer	del	GREEN
nlb	load-balancer	del-linked-lb-rya564	GREEN
nlb	load-balancer	del-list	GREEN
nlb	load-balancer	del-lst	NO-ASSERTIONS
nlb	load-balancer	del-lst	NO-ASSERTIONS
nlb	load-balancer	del-protected-rya518	GREEN
nlb	load-balancer	del-tg	NO-ASSERTIONS
nlb	load-balancer	del-unknown	GREEN
nlb	load-balancer	disable-dp-rya532	GREEN
nlb	load-balancer	disable-rya495	GREEN
nlb	load-balancer	get-1-rya521	GREEN
nlb	load-balancer	get-2-st522	GREEN
nlb	load-balancer	get-404	GREEN
nlb	load-balancer	get-after-create-rya461	GREEN
nlb	load-balancer	get-after-delete	GREEN
nlb	load-balancer	get-after-empty-mask	GREEN
nlb	load-balancer	get-bad-prefix	GREEN
nlb	load-balancer	get-drained	GREEN
nlb	load-balancer	get-drain-rya547	GREEN
nlb	load-balancer	get-dualstack-rya553	GREEN
nlb	load-balancer	get-ext-link-rya551	GREEN
nlb	load-balancer	get	GREEN
nlb	load-balancer	get-int-rya463	GREEN
nlb	load-balancer	get-lean-rya562	GREEN
nlb	load-balancer	get-link-rya549	GREEN
nlb	load-balancer	get-moved	GREEN
nlb	load-balancer	get-reg-rya545	GREEN
nlb	load-balancer	get-rya466	GREEN
nlb	load-balancer	get-rya526	GREEN
nlb	load-balancer	get-rya527	GREEN
nlb	load-balancer	get-rya528	GREEN
nlb	load-balancer	get-rya529	GREEN
nlb	load-balancer	get-unknown	GREEN
nlb	load-balancer	get-unknown	GREEN
nlb	load-balancer	gts-add-target-rya494	GREEN
nlb	load-balancer	gts-remove-target	NO-ASSERTIONS
nlb	load-balancer	gts-rya490	GREEN
nlb	load-balancer	gts-rya536	GREEN
nlb	load-balancer	gts-st497	GREEN
nlb	load-balancer	gts-unknown	GREEN
nlb	load-balancer	lb-gone	GREEN
nlb	load-balancer	life-lst-includes	GREEN
nlb	load-balancer	linked-address-survives	GREEN
nlb	load-balancer	list-1000	GREEN
nlb	load-balancer	list-1001	GREEN
nlb	load-balancer	list-bad-filter	GREEN
nlb	load-balancer	list-bad-token	GREEN
nlb	load-balancer	list-cross	GREEN
nlb	load-balancer	list-empty-filter	GREEN
nlb	load-balancer	list-empty-token	GREEN
nlb	load-balancer	list-filtered-lst500	GREEN
nlb	load-balancer	list-filter	GREEN
nlb	load-balancer	list	GREEN
nlb	load-balancer	list-huge	GREEN
nlb	load-balancer	list-neg	GREEN
nlb	load-balancer	list-ps0	GREEN
nlb	load-balancer	list-ps1	GREEN
nlb	load-balancer	lops	GREEN
nlb	load-balancer	lops-unknown	GREEN
nlb	load-balancer	lst-combined	GREEN
nlb	load-balancer	lst-lbl-filter	GREEN
nlb	load-balancer	move-back	NO-ASSERTIONS
nlb	load-balancer	move-no-dest	GREEN
nlb	load-balancer	move-nx	GREEN
nlb	load-balancer	move-rejected	GREEN
nlb	load-balancer	move-rya481	NO-ASSERTIONS
nlb	load-balancer	move-self	GREEN
nlb	load-balancer	mv-unknown-dst	GREEN
nlb	load-balancer	page-1	GREEN
nlb	load-balancer	page-2	GREEN
nlb	load-balancer	patch-multi-rya472	GREEN
nlb	load-balancer	patch-rya469	GREEN
nlb	load-balancer	poll-op-100	GREEN
nlb	load-balancer	poll-op-100	GREEN
nlb	load-balancer	poll-op-100	GREEN
nlb	load-balancer	poll-op-101	GREEN
nlb	load-balancer	poll-op-101	GREEN
nlb	load-balancer	poll-op-102	GREEN
nlb	load-balancer	poll-op-102	GREEN
nlb	load-balancer	poll-op-103	GREEN
nlb	load-balancer	poll-op-103	GREEN
nlb	load-balancer	poll-op-104	GREEN
nlb	load-balancer	poll-op-105	GREEN
nlb	load-balancer	poll-op-105	GREEN
nlb	load-balancer	poll-op-105	GREEN
nlb	load-balancer	poll-op-106	GREEN
nlb	load-balancer	poll-op-107	GREEN
nlb	load-balancer	poll-op-107	GREEN
nlb	load-balancer	poll-op-108	GREEN
nlb	load-balancer	poll-op-108	GREEN
nlb	load-balancer	poll-op-109	GREEN
nlb	load-balancer	poll-op-109	GREEN
nlb	load-balancer	poll-op-10	GREEN
nlb	load-balancer	poll-op-110	GREEN
nlb	load-balancer	poll-op-110	GREEN
nlb	load-balancer	poll-op-110	GREEN
nlb	load-balancer	poll-op-111	GREEN
nlb	load-balancer	poll-op-111	GREEN
nlb	load-balancer	poll-op-112	GREEN
nlb	load-balancer	poll-op-112	GREEN
nlb	load-balancer	poll-op-112	GREEN
nlb	load-balancer	poll-op-113	GREEN
nlb	load-balancer	poll-op-113	GREEN
nlb	load-balancer	poll-op-114	GREEN
nlb	load-balancer	poll-op-114	GREEN
nlb	load-balancer	poll-op-114	GREEN
nlb	load-balancer	poll-op-115	GREEN
nlb	load-balancer	poll-op-115	GREEN
nlb	load-balancer	poll-op-116	GREEN
nlb	load-balancer	poll-op-116	GREEN
nlb	load-balancer	poll-op-117	GREEN
nlb	load-balancer	poll-op-117	GREEN
nlb	load-balancer	poll-op-118	GREEN
nlb	load-balancer	poll-op-118	GREEN
nlb	load-balancer	poll-op-118	GREEN
nlb	load-balancer	poll-op-119	GREEN
nlb	load-balancer	poll-op-11	GREEN
nlb	load-balancer	poll-op-11	GREEN
nlb	load-balancer	poll-op-11	GREEN
nlb	load-balancer	poll-op-120	GREEN
nlb	load-balancer	poll-op-120	GREEN
nlb	load-balancer	poll-op-121	GREEN
nlb	load-balancer	poll-op-122	GREEN
nlb	load-balancer	poll-op-122	GREEN
nlb	load-balancer	poll-op-123	GREEN
nlb	load-balancer	poll-op-124	GREEN
nlb	load-balancer	poll-op-124	GREEN
nlb	load-balancer	poll-op-125	GREEN
nlb	load-balancer	poll-op-126	GREEN
nlb	load-balancer	poll-op-126	GREEN
nlb	load-balancer	poll-op-127	GREEN
nlb	load-balancer	poll-op-127	GREEN
nlb	load-balancer	poll-op-128	GREEN
nlb	load-balancer	poll-op-129	GREEN
nlb	load-balancer	poll-op-129	GREEN
nlb	load-balancer	poll-op-12	GREEN
nlb	load-balancer	poll-op-130	GREEN
nlb	load-balancer	poll-op-131	GREEN
nlb	load-balancer	poll-op-131	GREEN
nlb	load-balancer	poll-op-132	GREEN
nlb	load-balancer	poll-op-132	GREEN
nlb	load-balancer	poll-op-133	GREEN
nlb	load-balancer	poll-op-134	GREEN
nlb	load-balancer	poll-op-134	GREEN
nlb	load-balancer	poll-op-134	GREEN
nlb	load-balancer	poll-op-135	GREEN
nlb	load-balancer	poll-op-135	GREEN
nlb	load-balancer	poll-op-136	GREEN
nlb	load-balancer	poll-op-137	GREEN
nlb	load-balancer	poll-op-137	GREEN
nlb	load-balancer	poll-op-138	GREEN
nlb	load-balancer	poll-op-138	GREEN
nlb	load-balancer	poll-op-139	GREEN
nlb	load-balancer	poll-op-13	GREEN
nlb	load-balancer	poll-op-13	GREEN
nlb	load-balancer	poll-op-140	GREEN
nlb	load-balancer	poll-op-141	GREEN
nlb	load-balancer	poll-op-142	GREEN
nlb	load-balancer	poll-op-142	GREEN
nlb	load-balancer	poll-op-143	GREEN
nlb	load-balancer	poll-op-144	GREEN
nlb	load-balancer	poll-op-145	GREEN
nlb	load-balancer	poll-op-145	GREEN
nlb	load-balancer	poll-op-145	GREEN
nlb	load-balancer	poll-op-146	GREEN
nlb	load-balancer	poll-op-146	GREEN
nlb	load-balancer	poll-op-147	GREEN
nlb	load-balancer	poll-op-148	GREEN
nlb	load-balancer	poll-op-149	GREEN
nlb	load-balancer	poll-op-149	GREEN
nlb	load-balancer	poll-op-14	GREEN
nlb	load-balancer	poll-op-150	GREEN
nlb	load-balancer	poll-op-150	GREEN
nlb	load-balancer	poll-op-151	GREEN
nlb	load-balancer	poll-op-152	GREEN
nlb	load-balancer	poll-op-153	GREEN
nlb	load-balancer	poll-op-153	GREEN
nlb	load-balancer	poll-op-154	GREEN
nlb	load-balancer	poll-op-154	GREEN
nlb	load-balancer	poll-op-155	GREEN
nlb	load-balancer	poll-op-156	GREEN
nlb	load-balancer	poll-op-157	GREEN
nlb	load-balancer	poll-op-158	GREEN
nlb	load-balancer	poll-op-158	GREEN
nlb	load-balancer	poll-op-158	GREEN
nlb	load-balancer	poll-op-159	GREEN
nlb	load-balancer	poll-op-159	GREEN
nlb	load-balancer	poll-op-15	GREEN
nlb	load-balancer	poll-op-15	GREEN
nlb	load-balancer	poll-op-15	GREEN
nlb	load-balancer	poll-op-15	GREEN
nlb	load-balancer	poll-op-160	GREEN
nlb	load-balancer	poll-op-161	GREEN
nlb	load-balancer	poll-op-162	GREEN
nlb	load-balancer	poll-op-163	GREEN
nlb	load-balancer	poll-op-163	GREEN
nlb	load-balancer	poll-op-164	GREEN
nlb	load-balancer	poll-op-164	GREEN
nlb	load-balancer	poll-op-165	GREEN
nlb	load-balancer	poll-op-165	GREEN
nlb	load-balancer	poll-op-166	GREEN
nlb	load-balancer	poll-op-167	GREEN
nlb	load-balancer	poll-op-168	GREEN
nlb	load-balancer	poll-op-169	GREEN
nlb	load-balancer	poll-op-169	GREEN
nlb	load-balancer	poll-op-169	GREEN
nlb	load-balancer	poll-op-16	GREEN
nlb	load-balancer	poll-op-170	GREEN
nlb	load-balancer	poll-op-170	GREEN
nlb	load-balancer	poll-op-171	GREEN
nlb	load-balancer	poll-op-172	GREEN
nlb	load-balancer	poll-op-172	GREEN
nlb	load-balancer	poll-op-173	GREEN
nlb	load-balancer	poll-op-173	GREEN
nlb	load-balancer	poll-op-174	GREEN
nlb	load-balancer	poll-op-175	GREEN
nlb	load-balancer	poll-op-175	GREEN
nlb	load-balancer	poll-op-176	GREEN
nlb	load-balancer	poll-op-176	GREEN
nlb	load-balancer	poll-op-177	GREEN
nlb	load-balancer	poll-op-178	GREEN
nlb	load-balancer	poll-op-178	GREEN
nlb	load-balancer	poll-op-179	GREEN
nlb	load-balancer	poll-op-17	GREEN
nlb	load-balancer	poll-op-17	GREEN
nlb	load-balancer	poll-op-180	GREEN
nlb	load-balancer	poll-op-181	GREEN
nlb	load-balancer	poll-op-181	GREEN
nlb	load-balancer	poll-op-181	GREEN
nlb	load-balancer	poll-op-182	GREEN
nlb	load-balancer	poll-op-182	GREEN
nlb	load-balancer	poll-op-183	GREEN
nlb	load-balancer	poll-op-183	GREEN
nlb	load-balancer	poll-op-184	GREEN
nlb	load-balancer	poll-op-184	GREEN
nlb	load-balancer	poll-op-185	GREEN
nlb	load-balancer	poll-op-185	GREEN
nlb	load-balancer	poll-op-186	GREEN
nlb	load-balancer	poll-op-18	GREEN
nlb	load-balancer	poll-op-19	GREEN
nlb	load-balancer	poll-op-19	GREEN
nlb	load-balancer	poll-op-19	GREEN
nlb	load-balancer	poll-op-19	GREEN
nlb	load-balancer	poll-op-1	GREEN
nlb	load-balancer	poll-op-1	GREEN
nlb	load-balancer	poll-op-20	GREEN
nlb	load-balancer	poll-op-20	GREEN
nlb	load-balancer	poll-op-21	GREEN
nlb	load-balancer	poll-op-22	GREEN
nlb	load-balancer	poll-op-22	GREEN
nlb	load-balancer	poll-op-22	GREEN
nlb	load-balancer	poll-op-23	GREEN
nlb	load-balancer	poll-op-24	GREEN
nlb	load-balancer	poll-op-24	GREEN
nlb	load-balancer	poll-op-25	GREEN
nlb	load-balancer	poll-op-26	GREEN
nlb	load-balancer	poll-op-26	GREEN
nlb	load-balancer	poll-op-26	GREEN
nlb	load-balancer	poll-op-27	GREEN
nlb	load-balancer	poll-op-28	GREEN
nlb	load-balancer	poll-op-29	GREEN
nlb	load-balancer	poll-op-29	GREEN
nlb	load-balancer	poll-op-2	GREEN
nlb	load-balancer	poll-op-2	GREEN
nlb	load-balancer	poll-op-30	GREEN
nlb	load-balancer	poll-op-31	GREEN
nlb	load-balancer	poll-op-31	GREEN
nlb	load-balancer	poll-op-31	GREEN
nlb	load-balancer	poll-op-31	GREEN
nlb	load-balancer	poll-op-32	GREEN
nlb	load-balancer	poll-op-32	GREEN
nlb	load-balancer	poll-op-33	GREEN
nlb	load-balancer	poll-op-33	GREEN
nlb	load-balancer	poll-op-34	GREEN
nlb	load-balancer	poll-op-35	GREEN
nlb	load-balancer	poll-op-36	GREEN
nlb	load-balancer	poll-op-36	GREEN
nlb	load-balancer	poll-op-37	GREEN
nlb	load-balancer	poll-op-38	GREEN
nlb	load-balancer	poll-op-38	GREEN
nlb	load-balancer	poll-op-38	GREEN
nlb	load-balancer	poll-op-39	GREEN
nlb	load-balancer	poll-op-39	GREEN
nlb	load-balancer	poll-op-3	GREEN
nlb	load-balancer	poll-op-40	GREEN
nlb	load-balancer	poll-op-41	GREEN
nlb	load-balancer	poll-op-41	GREEN
nlb	load-balancer	poll-op-41	GREEN
nlb	load-balancer	poll-op-42	GREEN
nlb	load-balancer	poll-op-42	GREEN
nlb	load-balancer	poll-op-42	GREEN
nlb	load-balancer	poll-op-43	GREEN
nlb	load-balancer	poll-op-44	GREEN
nlb	load-balancer	poll-op-44	GREEN
nlb	load-balancer	poll-op-45	GREEN
nlb	load-balancer	poll-op-46	GREEN
nlb	load-balancer	poll-op-46	GREEN
nlb	load-balancer	poll-op-46	GREEN
nlb	load-balancer	poll-op-47	GREEN
nlb	load-balancer	poll-op-47	GREEN
nlb	load-balancer	poll-op-48	GREEN
nlb	load-balancer	poll-op-49	GREEN
nlb	load-balancer	poll-op-4	GREEN
nlb	load-balancer	poll-op-4	GREEN
nlb	load-balancer	poll-op-4	GREEN
nlb	load-balancer	poll-op-50	GREEN
nlb	load-balancer	poll-op-51	GREEN
nlb	load-balancer	poll-op-52	GREEN
nlb	load-balancer	poll-op-52	GREEN
nlb	load-balancer	poll-op-53	GREEN
nlb	load-balancer	poll-op-53	GREEN
nlb	load-balancer	poll-op-53	GREEN
nlb	load-balancer	poll-op-53	GREEN
nlb	load-balancer	poll-op-54	GREEN
nlb	load-balancer	poll-op-54	GREEN
nlb	load-balancer	poll-op-55	GREEN
nlb	load-balancer	poll-op-55	GREEN
nlb	load-balancer	poll-op-55	GREEN
nlb	load-balancer	poll-op-55	GREEN
nlb	load-balancer	poll-op-56	GREEN
nlb	load-balancer	poll-op-56	GREEN
nlb	load-balancer	poll-op-57	GREEN
nlb	load-balancer	poll-op-57	GREEN
nlb	load-balancer	poll-op-57	GREEN
nlb	load-balancer	poll-op-57	GREEN
nlb	load-balancer	poll-op-58	GREEN
nlb	load-balancer	poll-op-58	GREEN
nlb	load-balancer	poll-op-59	GREEN
nlb	load-balancer	poll-op-5	GREEN
nlb	load-balancer	poll-op-5	GREEN
nlb	load-balancer	poll-op-60	GREEN
nlb	load-balancer	poll-op-60	GREEN
nlb	load-balancer	poll-op-60	GREEN
nlb	load-balancer	poll-op-61	GREEN
nlb	load-balancer	poll-op-61	GREEN
nlb	load-balancer	poll-op-62	GREEN
nlb	load-balancer	poll-op-63	GREEN
nlb	load-balancer	poll-op-63	GREEN
nlb	load-balancer	poll-op-63	GREEN
nlb	load-balancer	poll-op-64	GREEN
nlb	load-balancer	poll-op-64	GREEN
nlb	load-balancer	poll-op-65	GREEN
nlb	load-balancer	poll-op-66	GREEN
nlb	load-balancer	poll-op-66	GREEN
nlb	load-balancer	poll-op-67	GREEN
nlb	load-balancer	poll-op-68	GREEN
nlb	load-balancer	poll-op-69	GREEN
nlb	load-balancer	poll-op-69	GREEN
nlb	load-balancer	poll-op-6	GREEN
nlb	load-balancer	poll-op-70	GREEN
nlb	load-balancer	poll-op-71	GREEN
nlb	load-balancer	poll-op-71	GREEN
nlb	load-balancer	poll-op-72	GREEN
nlb	load-balancer	poll-op-72	GREEN
nlb	load-balancer	poll-op-73	GREEN
nlb	load-balancer	poll-op-74	GREEN
nlb	load-balancer	poll-op-74	GREEN
nlb	load-balancer	poll-op-74	GREEN
nlb	load-balancer	poll-op-75	GREEN
nlb	load-balancer	poll-op-75	GREEN
nlb	load-balancer	poll-op-76	GREEN
nlb	load-balancer	poll-op-77	GREEN
nlb	load-balancer	poll-op-77	GREEN
nlb	load-balancer	poll-op-77	GREEN
nlb	load-balancer	poll-op-78	GREEN
nlb	load-balancer	poll-op-78	GREEN
nlb	load-balancer	poll-op-79	GREEN
nlb	load-balancer	poll-op-7	GREEN
nlb	load-balancer	poll-op-80	GREEN
nlb	load-balancer	poll-op-80	GREEN
nlb	load-balancer	poll-op-80	GREEN
nlb	load-balancer	poll-op-81	GREEN
nlb	load-balancer	poll-op-81	GREEN
nlb	load-balancer	poll-op-82	GREEN
nlb	load-balancer	poll-op-83	GREEN
nlb	load-balancer	poll-op-83	GREEN
nlb	load-balancer	poll-op-84	GREEN
nlb	load-balancer	poll-op-85	GREEN
nlb	load-balancer	poll-op-85	GREEN
nlb	load-balancer	poll-op-86	GREEN
nlb	load-balancer	poll-op-87	GREEN
nlb	load-balancer	poll-op-87	GREEN
nlb	load-balancer	poll-op-88	GREEN
nlb	load-balancer	poll-op-89	GREEN
nlb	load-balancer	poll-op-89	GREEN
nlb	load-balancer	poll-op-8	GREEN
nlb	load-balancer	poll-op-8	GREEN
nlb	load-balancer	poll-op-8	GREEN
nlb	load-balancer	poll-op-8	GREEN
nlb	load-balancer	poll-op-90	GREEN
nlb	load-balancer	poll-op-91	GREEN
nlb	load-balancer	poll-op-91	GREEN
nlb	load-balancer	poll-op-91	GREEN
nlb	load-balancer	poll-op-92	GREEN
nlb	load-balancer	poll-op-92	GREEN
nlb	load-balancer	poll-op-93	GREEN
nlb	load-balancer	poll-op-94	GREEN
nlb	load-balancer	poll-op-94	GREEN
nlb	load-balancer	poll-op-95	GREEN
nlb	load-balancer	poll-op-95	GREEN
nlb	load-balancer	poll-op-95	GREEN
nlb	load-balancer	poll-op-96	GREEN
nlb	load-balancer	poll-op-97	GREEN
nlb	load-balancer	poll-op-97	GREEN
nlb	load-balancer	poll-op-98	GREEN
nlb	load-balancer	poll-op-98	GREEN
nlb	load-balancer	poll-op-98	GREEN
nlb	load-balancer	poll-op-99	GREEN
nlb	load-balancer	poll-op-99	GREEN
nlb	load-balancer	poll-op-9	GREEN
nlb	load-balancer	poll-op-9	GREEN
nlb	load-balancer	provision-external-addr-ext-link	GREEN
nlb	load-balancer	provision-external-addr-kind-mm	GREEN
nlb	load-balancer	provision-external-addr-rel-link	GREEN
nlb	load-balancer	provision-internal-addr-ds-v6	GREEN
nlb	load-balancer	provision-internal-addr-int-link	GREEN
nlb	load-balancer	provision-regional-subnet-drain-all	GREEN
nlb	load-balancer	provision-regional-subnet-drain-toggle	GREEN
nlb	load-balancer	provision-regional-subnet-dualstack	GREEN
nlb	load-balancer	provision-regional-subnet-int-drain	GREEN
nlb	load-balancer	provision-regional-subnet-int-link	GREEN
nlb	load-balancer	provision-regional-subnet-int-reg	GREEN
nlb	load-balancer	provision-regional-subnet-pl-mismatch	GREEN
nlb	load-balancer	provision-zonal-subnet-cr-int	GREEN
nlb	load-balancer	provision-zonal-subnet-setup-del-has-lst	GREEN
nlb	load-balancer	provision-zonal-subnet-setup-del-ok	GREEN
nlb	load-balancer	provision-zonal-subnet-setup-del-prot	GREEN
nlb	load-balancer	provision-zonal-subnet-setup-dp-toggle	GREEN
nlb	load-balancer	provision-zonal-subnet-setup-flt-match	GREEN
nlb	load-balancer	provision-zonal-subnet-setup-get-ok	GREEN
nlb	load-balancer	provision-zonal-subnet-setup-gts-empty-active	GREEN
nlb	load-balancer	provision-zonal-subnet-setup-gts-empty	GREEN
nlb	load-balancer	provision-zonal-subnet-setup-gts-stopped	GREEN
nlb	load-balancer	provision-zonal-subnet-setup-im-placement	GREEN
nlb	load-balancer	provision-zonal-subnet-setup-im-proj	GREEN
nlb	load-balancer	provision-zonal-subnet-setup-im-region	GREEN
nlb	load-balancer	provision-zonal-subnet-setup-im-type	GREEN
nlb	load-balancer	provision-zonal-subnet-setup-im-vipsrc	GREEN
nlb	load-balancer	provision-zonal-subnet-setup-lean	GREEN
nlb	load-balancer	provision-zonal-subnet-setup-lops	GREEN
nlb	load-balancer	provision-zonal-subnet-setup-mask-empty	GREEN
nlb	load-balancer	provision-zonal-subnet-setup-mask-unk	GREEN
nlb	load-balancer	provision-zonal-subnet-setup-mv-attached	GREEN
nlb	load-balancer	provision-zonal-subnet-setup-mv-dst-unk	GREEN
nlb	load-balancer	provision-zonal-subnet-setup-mv-ok	GREEN
nlb	load-balancer	provision-zonal-subnet-setup-mv-self	GREEN
nlb	load-balancer	provision-zonal-subnet-setup-noop-upd	GREEN
nlb	load-balancer	provision-zonal-subnet-setup-occ-race	GREEN
nlb	load-balancer	provision-zonal-subnet-setup-upd-lbl-over	GREEN
nlb	load-balancer	provision-zonal-subnet-setup-upd-multi	GREEN
nlb	load-balancer	provision-zonal-subnet-setup-upd-ok	GREEN
nlb	load-balancer	put-list	GREEN
nlb	load-balancer	setup-create-lb-cr464	GREEN
nlb	load-balancer	setup-create-lb-cr467	GREEN
nlb	load-balancer	setup-create-lb-cr470	GREEN
nlb	load-balancer	setup-create-lb-cr473	GREEN
nlb	load-balancer	setup-create-lb-cr476	GREEN
nlb	load-balancer	setup-create-lb-cr479	GREEN
nlb	load-balancer	setup-create-lb-cr482	GREEN
nlb	load-balancer	setup-create-lb-cr485	GREEN
nlb	load-balancer	setup-create-lb-cr487	GREEN
nlb	load-balancer	setup-create-lb-cr491	GREEN
nlb	load-balancer	setup-create-lb-cr498	GREEN
nlb	load-balancer	setup-create-lb-cr501	GREEN
nlb	load-balancer	setup-create-lb-cr505	GREEN
nlb	load-balancer	setup-create-lb-cr507	GREEN
nlb	load-balancer	setup-create-lb-cr509	GREEN
nlb	load-balancer	setup-create-lb-cr511	GREEN
nlb	load-balancer	setup-create-lb-cr513	GREEN
nlb	load-balancer	setup-create-lb-cr516	GREEN
nlb	load-balancer	setup-create-lb-cr519	GREEN
nlb	load-balancer	setup-create-lb-cr523	GREEN
nlb	load-balancer	setup-create-lb-cr530	GREEN
nlb	load-balancer	setup-create-lb-cr533	GREEN
nlb	load-balancer	setup-create-lb-cr537	GREEN
nlb	load-balancer	setup-create-lb-cr539	GREEN
nlb	load-balancer	setup-create-lb-cr554	GREEN
nlb	load-balancer	setup-create-lb-cr556	GREEN
nlb	load-balancer	setup-create-lb-cr560	GREEN
nlb	load-balancer	setup-create-tg	GREEN
nlb	load-balancer	setup-create-tg	GREEN
nlb	load-balancer	setup-create-tg	GREEN
nlb	load-balancer	setup-listener	NO-ASSERTIONS
nlb	load-balancer	setup-materialize-lb-rya465	NO-ASSERTIONS
nlb	load-balancer	setup-materialize-lb-rya468	NO-ASSERTIONS
nlb	load-balancer	setup-materialize-lb-rya471	NO-ASSERTIONS
nlb	load-balancer	setup-materialize-lb-rya474	NO-ASSERTIONS
nlb	load-balancer	setup-materialize-lb-rya477	NO-ASSERTIONS
nlb	load-balancer	setup-materialize-lb-rya480	NO-ASSERTIONS
nlb	load-balancer	setup-materialize-lb-rya483	NO-ASSERTIONS
nlb	load-balancer	setup-materialize-lb-rya486	NO-ASSERTIONS
nlb	load-balancer	setup-materialize-lb-rya488	NO-ASSERTIONS
nlb	load-balancer	setup-materialize-lb-rya492	NO-ASSERTIONS
nlb	load-balancer	setup-materialize-lb-rya499	NO-ASSERTIONS
nlb	load-balancer	setup-materialize-lb-rya502	NO-ASSERTIONS
nlb	load-balancer	setup-materialize-lb-rya506	NO-ASSERTIONS
nlb	load-balancer	setup-materialize-lb-rya508	NO-ASSERTIONS
nlb	load-balancer	setup-materialize-lb-rya510	NO-ASSERTIONS
nlb	load-balancer	setup-materialize-lb-rya512	NO-ASSERTIONS
nlb	load-balancer	setup-materialize-lb-rya514	NO-ASSERTIONS
nlb	load-balancer	setup-materialize-lb-rya517	NO-ASSERTIONS
nlb	load-balancer	setup-materialize-lb-rya520	NO-ASSERTIONS
nlb	load-balancer	setup-materialize-lb-rya524	NO-ASSERTIONS
nlb	load-balancer	setup-materialize-lb-rya531	NO-ASSERTIONS
nlb	load-balancer	setup-materialize-lb-rya534	NO-ASSERTIONS
nlb	load-balancer	setup-materialize-lb-rya538	NO-ASSERTIONS
nlb	load-balancer	setup-materialize-lb-rya540	NO-ASSERTIONS
nlb	load-balancer	setup-materialize-lb-rya555	NO-ASSERTIONS
nlb	load-balancer	setup-materialize-lb-rya557	NO-ASSERTIONS
nlb	load-balancer	setup-materialize-lb-rya561	NO-ASSERTIONS
nlb	load-balancer	setup-materialize-tg-rya489	NO-ASSERTIONS
nlb	load-balancer	setup-materialize-tg-rya493	NO-ASSERTIONS
nlb	load-balancer	setup-materialize-tg-rya535	NO-ASSERTIONS
nlb	load-balancer	setup-tg	GREEN
nlb	load-balancer	unprotect	NO-ASSERTIONS
nlb	load-balancer	unprotect	NO-ASSERTIONS
nlb	load-balancer	upd-1-rya503	GREEN
nlb	load-balancer	upd-2-rya504	GREEN
nlb	load-balancer	upd-65	GREEN
nlb	load-balancer	upd-bad-prefix	GREEN
nlb	load-balancer	upd-bump-history-rya478	GREEN
nlb	load-balancer	upd-drain-rya559	GREEN
nlb	load-balancer	upd-empty-partial-body	GREEN
nlb	load-balancer	upd-empty-rya515	GREEN
nlb	load-balancer	upd	GREEN
nlb	load-balancer	upd-placement	GREEN
nlb	load-balancer	upd-proj	GREEN
nlb	load-balancer	upd-reenable	GREEN
nlb	load-balancer	upd-region	GREEN
nlb	load-balancer	upd-same-rya525	GREEN
nlb	load-balancer	upd-type	GREEN
nlb	load-balancer	upd-unk	GREEN
nlb	load-balancer	upd-unknown	GREEN
nlb	load-balancer	upd-v4addr	GREEN
nlb	load-balancer	upd-v4source	GREEN
nlb	load-balancer	verify-adminstate-disabled-st496	GREEN
nlb	load-balancer	verify	GREEN
nlb	load-balancer	verify-multi	GREEN
nlb	load-balancer	wire-listener-rya484	NO-ASSERTIONS
nlb	operation	cancel-done	GREEN
nlb	operation	cleanup	NO-ASSERTIONS
nlb	operation	cleanup	NO-ASSERTIONS
nlb	operation	cleanup	NO-ASSERTIONS
nlb	operation	create-fast	GREEN
nlb	operation	create	GREEN
nlb	operation	get-garbage	GREEN
nlb	operation	get-missing	GREEN
nlb	operation	get-op-done	GREEN
nlb	operation	get-op-immediate	GREEN
nlb	operation	list-ops-unrouted	GREEN
nlb	operation	poll-op-1	GREEN
nlb	operation	poll-op-1	GREEN
nlb	operation	poll-op-2	GREEN
nlb	operation	poll-op-2	GREEN
nlb	operation	poll-op-3	GREEN
nlb	operation	poll-op-3	GREEN
nlb	operation	poll-op-4	GREEN
nlb	operation	poll-op-4	GREEN
nlb	operation	poll-op-5	GREEN
nlb	operation	poll-op-5	GREEN
nlb	operation	poll-op-6	GREEN
nlb	operation	poll-op-6	GREEN
nlb	operation	trigger-create	GREEN
nlb	placement-coherence	create-cross-zone-cr565	GREEN
nlb	placement-coherence	create-same-region-cr568	GREEN
nlb	placement-coherence	create-same-zone-cr566	GREEN
nlb	placement-coherence	create-wrong-region-cr567	GREEN
nlb	placement-coherence	poll-op-10	GREEN
nlb	placement-coherence	poll-op-11	GREEN
nlb	placement-coherence	poll-op-12	GREEN
nlb	placement-coherence	poll-op-13	GREEN
nlb	placement-coherence	poll-op-14	GREEN
nlb	placement-coherence	poll-op-15	GREEN
nlb	placement-coherence	poll-op-16	GREEN
nlb	placement-coherence	poll-op-16	GREEN
nlb	placement-coherence	poll-op-17	GREEN
nlb	placement-coherence	poll-op-17	GREEN
nlb	placement-coherence	poll-op-18	GREEN
nlb	placement-coherence	poll-op-1	GREEN
nlb	placement-coherence	poll-op-2	GREEN
nlb	placement-coherence	poll-op-3	GREEN
nlb	placement-coherence	poll-op-4	GREEN
nlb	placement-coherence	poll-op-5	GREEN
nlb	placement-coherence	poll-op-6	GREEN
nlb	placement-coherence	poll-op-7	GREEN
nlb	placement-coherence	poll-op-7	GREEN
nlb	placement-coherence	poll-op-7	GREEN
nlb	placement-coherence	poll-op-8	GREEN
nlb	placement-coherence	poll-op-8	GREEN
nlb	placement-coherence	poll-op-9	GREEN
nlb	placement-coherence	prov-regional-r1	NO-ASSERTIONS
nlb	placement-coherence	prov-regional-r2	NO-ASSERTIONS
nlb	placement-coherence	prov-zonal-szv4	NO-ASSERTIONS
nlb	placement-coherence	prov-zonal-szv6	NO-ASSERTIONS
nlb	placement-coherence	prov-zonal-z1v4	NO-ASSERTIONS
nlb	placement-coherence	prov-zonal-z2v6	NO-ASSERTIONS
nlb	placement-coherence	zc-cleanup-lb-cond	NO-ASSERTIONS
nlb	placement-coherence	zc-cleanup-lb-sr	NO-ASSERTIONS
nlb	placement-coherence	zc-cleanup-zcSubR1Id	NO-ASSERTIONS
nlb	placement-coherence	zc-cleanup-zcSubR2Id	NO-ASSERTIONS
nlb	placement-coherence	zc-cleanup-zcSubV4Id	NO-ASSERTIONS
nlb	placement-coherence	zc-cleanup-zcSubV4Id	NO-ASSERTIONS
nlb	placement-coherence	zc-cleanup-zcSubV6Id	NO-ASSERTIONS
nlb	placement-coherence	zc-cleanup-zcSubV6Id	NO-ASSERTIONS
nlb	target-group	add-t	NO-ASSERTIONS
nlb	target-group	cleanup-best-effort	NO-ASSERTIONS
nlb	target-group	cleanup-best-effort	NO-ASSERTIONS
nlb	target-group	cleanup-first	NO-ASSERTIONS
nlb	target-group	cleanup	NO-ASSERTIONS
nlb	target-group	cleanup-tg	NO-ASSERTIONS
nlb	target-group	cleanup-tg	NO-ASSERTIONS
nlb	target-group	cleanup-tg	NO-ASSERTIONS
nlb	target-group	cleanup-tg	NO-ASSERTIONS
nlb	target-group	cleanup-tg	NO-ASSERTIONS
nlb	target-group	cleanup-tg	NO-ASSERTIONS
nlb	target-group	cleanup-tg	NO-ASSERTIONS
nlb	target-group	cleanup-tg	NO-ASSERTIONS
nlb	target-group	cleanup-tg	NO-ASSERTIONS
nlb	target-group	cleanup-tg	NO-ASSERTIONS
nlb	target-group	cleanup-tg	NO-ASSERTIONS
nlb	target-group	cleanup-tg	NO-ASSERTIONS
nlb	target-group	cleanup-tg	NO-ASSERTIONS
nlb	target-group	cleanup-tg	NO-ASSERTIONS
nlb	target-group	cleanup-tg	NO-ASSERTIONS
nlb	target-group	cleanup-tg	NO-ASSERTIONS
nlb	target-group	cleanup-tg	NO-ASSERTIONS
nlb	target-group	cleanup-tg	NO-ASSERTIONS
nlb	target-group	cr-64	GREEN
nlb	target-group	cr-65-lbl	GREEN
nlb	target-group	cr-bad-region	GREEN
nlb	target-group	cr-bogon-broadcast	GREEN
nlb	target-group	cr-bogon-linklocal	GREEN
nlb	target-group	cr-bogon-loopback	GREEN
nlb	target-group	cr-bogon-multicast	GREEN
nlb	target-group	cr-bogon-unspec	GREEN
nlb	target-group	cr-dereg-0	GREEN
nlb	target-group	cr-dereg-3600	GREEN
nlb	target-group	cr-dereg-neg	GREEN
nlb	target-group	cr-dereg-over	GREEN
nlb	target-group	cr-digit	GREEN
nlb	target-group	create-dup	GREEN
nlb	target-group	create-first	GREEN
nlb	target-group	cr-empty	GREEN
nlb	target-group	cr-empty	GREEN
nlb	target-group	cr	GREEN
nlb	target-group	cr	GREEN
nlb	target-group	cr-grpc	GREEN
nlb	target-group	cr-https	GREEN
nlb	target-group	cr-hyp	GREEN
nlb	target-group	cr-int-0	GREEN
nlb	target-group	cr-int-over	GREEN
nlb	target-group	cr-lbl-upper	GREEN
nlb	target-group	cr-malformed	GREEN
nlb	target-group	cr-min	GREEN
nlb	target-group	cr-multi-hc	GREEN
nlb	target-group	cr-multi-id	GREEN
nlb	target-group	cr-no-ct	GREEN
nlb	target-group	cr-no-hc	GREEN
nlb	target-group	cr-no-id	GREEN
nlb	target-group	cr-r1	GREEN
nlb	target-group	cr-r2	GREEN
nlb	target-group	cr-spec	GREEN
nlb	target-group	cr-ss-0	GREEN
nlb	target-group	cr-ss-900	GREEN
nlb	target-group	cr-ss-neg	GREEN
nlb	target-group	cr-ss-over	GREEN
nlb	target-group	cr-thr-hi	GREEN
nlb	target-group	cr-thr-low	GREEN
nlb	target-group	cr-with-tgts	GREEN
nlb	target-group	del-bad	GREEN
nlb	target-group	del-blocked-rya580	GREEN
nlb	target-group	del-blocked-rya581	GREEN
nlb	target-group	del-lb	NO-ASSERTIONS
nlb	target-group	del-lb	NO-ASSERTIONS
nlb	target-group	del-list	GREEN
nlb	target-group	del-lst	NO-ASSERTIONS
nlb	target-group	del-lst	NO-ASSERTIONS
nlb	target-group	del-race	GREEN
nlb	target-group	del-rya574	GREEN
nlb	target-group	get-404	GREEN
nlb	target-group	get-bad	GREEN
nlb	target-group	get-grpc	GREEN
nlb	target-group	get-https	GREEN
nlb	target-group	get-rya569	GREEN
nlb	target-group	get-rya571	GREEN
nlb	target-group	get-unknown	GREEN
nlb	target-group	lops-rya578	GREEN
nlb	target-group	lst-1000	GREEN
nlb	target-group	lst-1001	GREEN
nlb	target-group	lst-1	GREEN
nlb	target-group	lst-bad-tok	GREEN
nlb	target-group	lst-empty-tok	GREEN
nlb	target-group	lst-filter	GREEN
nlb	target-group	lst-filt-lst585	GREEN
nlb	target-group	lst	GREEN
nlb	target-group	lst-huge	GREEN
nlb	target-group	move-back	NO-ASSERTIONS
nlb	target-group	move-cr576	GREEN
nlb	target-group	mv-blocked	GREEN
nlb	target-group	mv-no-dest	GREEN
nlb	target-group	mv-nx	GREEN
nlb	target-group	poll-op-10	GREEN
nlb	target-group	poll-op-10	GREEN
nlb	target-group	poll-op-11	GREEN
nlb	target-group	poll-op-12	GREEN
nlb	target-group	poll-op-12	GREEN
nlb	target-group	poll-op-13	GREEN
nlb	target-group	poll-op-14	GREEN
nlb	target-group	poll-op-15	GREEN
nlb	target-group	poll-op-16	GREEN
nlb	target-group	poll-op-16	GREEN
nlb	target-group	poll-op-17	GREEN
nlb	target-group	poll-op-18	GREEN
nlb	target-group	poll-op-19	GREEN
nlb	target-group	poll-op-1	GREEN
nlb	target-group	poll-op-1	GREEN
nlb	target-group	poll-op-20	GREEN
nlb	target-group	poll-op-20	GREEN
nlb	target-group	poll-op-21	GREEN
nlb	target-group	poll-op-22	GREEN
nlb	target-group	poll-op-22	GREEN
nlb	target-group	poll-op-23	GREEN
nlb	target-group	poll-op-23	GREEN
nlb	target-group	poll-op-23	GREEN
nlb	target-group	poll-op-24	GREEN
nlb	target-group	poll-op-24	GREEN
nlb	target-group	poll-op-25	GREEN
nlb	target-group	poll-op-26	GREEN
nlb	target-group	poll-op-26	GREEN
nlb	target-group	poll-op-27	GREEN
nlb	target-group	poll-op-28	GREEN
nlb	target-group	poll-op-28	GREEN
nlb	target-group	poll-op-29	GREEN
nlb	target-group	poll-op-2	GREEN
nlb	target-group	poll-op-30	GREEN
nlb	target-group	poll-op-31	GREEN
nlb	target-group	poll-op-31	GREEN
nlb	target-group	poll-op-32	GREEN
nlb	target-group	poll-op-33	GREEN
nlb	target-group	poll-op-34	GREEN
nlb	target-group	poll-op-35	GREEN
nlb	target-group	poll-op-35	GREEN
nlb	target-group	poll-op-36	GREEN
nlb	target-group	poll-op-36	GREEN
nlb	target-group	poll-op-37	GREEN
nlb	target-group	poll-op-37	GREEN
nlb	target-group	poll-op-38	GREEN
nlb	target-group	poll-op-39	GREEN
nlb	target-group	poll-op-39	GREEN
nlb	target-group	poll-op-3	GREEN
nlb	target-group	poll-op-3	GREEN
nlb	target-group	poll-op-40	GREEN
nlb	target-group	poll-op-41	GREEN
nlb	target-group	poll-op-41	GREEN
nlb	target-group	poll-op-42	GREEN
nlb	target-group	poll-op-43	GREEN
nlb	target-group	poll-op-43	GREEN
nlb	target-group	poll-op-44	GREEN
nlb	target-group	poll-op-45	GREEN
nlb	target-group	poll-op-45	GREEN
nlb	target-group	poll-op-46	GREEN
nlb	target-group	poll-op-47	GREEN
nlb	target-group	poll-op-47	GREEN
nlb	target-group	poll-op-48	GREEN
nlb	target-group	poll-op-49	GREEN
nlb	target-group	poll-op-49	GREEN
nlb	target-group	poll-op-4	GREEN
nlb	target-group	poll-op-4	GREEN
nlb	target-group	poll-op-50	GREEN
nlb	target-group	poll-op-51	GREEN
nlb	target-group	poll-op-51	GREEN
nlb	target-group	poll-op-52	GREEN
nlb	target-group	poll-op-53	GREEN
nlb	target-group	poll-op-53	GREEN
nlb	target-group	poll-op-54	GREEN
nlb	target-group	poll-op-55	GREEN
nlb	target-group	poll-op-55	GREEN
nlb	target-group	poll-op-56	GREEN
nlb	target-group	poll-op-57	GREEN
nlb	target-group	poll-op-57	GREEN
nlb	target-group	poll-op-58	GREEN
nlb	target-group	poll-op-59	GREEN
nlb	target-group	poll-op-59	GREEN
nlb	target-group	poll-op-5	GREEN
nlb	target-group	poll-op-5	GREEN
nlb	target-group	poll-op-60	GREEN
nlb	target-group	poll-op-61	GREEN
nlb	target-group	poll-op-61	GREEN
nlb	target-group	poll-op-62	GREEN
nlb	target-group	poll-op-6	GREEN
nlb	target-group	poll-op-7	GREEN
nlb	target-group	poll-op-7	GREEN
nlb	target-group	poll-op-8	GREEN
nlb	target-group	poll-op-9	GREEN
nlb	target-group	put-list	GREEN
nlb	target-group	rm-cleanup	NO-ASSERTIONS
nlb	target-group	rm-targets	NO-ASSERTIONS
nlb	target-group	setup-cr-tg	GREEN
nlb	target-group	setup-cr-tg	GREEN
nlb	target-group	setup-cr-tg	GREEN
nlb	target-group	setup-cr-tg	GREEN
nlb	target-group	setup-cr-tg	GREEN
nlb	target-group	setup-cr-tg	GREEN
nlb	target-group	setup-cr-tg	GREEN
nlb	target-group	setup-cr-tg	GREEN
nlb	target-group	setup-lb	GREEN
nlb	target-group	setup-lb	GREEN
nlb	target-group	setup-materialize-tg-rya570	NO-ASSERTIONS
nlb	target-group	setup-materialize-tg-rya572	NO-ASSERTIONS
nlb	target-group	setup-materialize-tg-rya575	NO-ASSERTIONS
nlb	target-group	setup-materialize-tg-rya577	NO-ASSERTIONS
nlb	target-group	setup-materialize-tg-rya579	NO-ASSERTIONS
nlb	target-group	setup-materialize-tg-rya582	NO-ASSERTIONS
nlb	target-group	setup-materialize-tg-rya583	NO-ASSERTIONS
nlb	target-group	setup-materialize-tg-rya584	NO-ASSERTIONS
nlb	target-group	upd-bad	GREEN
nlb	target-group	upd-prj	GREEN
nlb	target-group	upd-reg	GREEN
nlb	target-group	upd-rya573	GREEN
nlb	target-group	upd-targets-mask	GREEN
nlb	target-group	wire-listener	NO-ASSERTIONS
nlb	target-group	wire-listener	NO-ASSERTIONS
nlb	targets	add-1-rya613	GREEN
nlb	targets	add-1-rya615	GREEN
nlb	targets	add-1-rya617	GREEN
nlb	targets	add-2-dup	GREEN
nlb	targets	add-2-dup	GREEN
nlb	targets	add-2	GREEN
nlb	targets	add-bogon	GREEN
nlb	targets	add-deleting-proxy	GREEN
nlb	targets	add-empty	GREEN
nlb	targets	add-ext-rya593	GREEN
nlb	targets	add-inst-nx	GREEN
nlb	targets	add-inst-other-region	GREEN
nlb	targets	add-inst-rya587	GREEN
nlb	targets	add-ipref-rya591	GREEN
nlb	targets	add-mixed-rya595	GREEN
nlb	targets	add-nic-nx-rya607	GREEN
nlb	targets	add-nic-other-region	GREEN
nlb	targets	add-nic-rya589	GREEN
nlb	targets	add-out	GREEN
nlb	targets	add-rya619	GREEN
nlb	targets	add-rya621	GREEN
nlb	targets	add-rya629	GREEN
nlb	targets	add-sub-nx	GREEN
nlb	targets	add-sub-other-region	GREEN
nlb	targets	add-two-rya623	GREEN
nlb	targets	add-w-0-rya600	GREEN
nlb	targets	add-w-1000-rya602	GREEN
nlb	targets	add-with-status-rya625	RED
nlb	targets	add-w-neg	GREEN
nlb	targets	add-w-over	GREEN
nlb	targets	cleanup-tg-best-effort	NO-ASSERTIONS
nlb	targets	cleanup-tg-best-effort	NO-ASSERTIONS
nlb	targets	cleanup-tg-best-effort	NO-ASSERTIONS
nlb	targets	cleanup-tg-best-effort	NO-ASSERTIONS
nlb	targets	cleanup-tg-best-effort	NO-ASSERTIONS
nlb	targets	cleanup-tg-best-effort	NO-ASSERTIONS
nlb	targets	cleanup-tg-best-effort	NO-ASSERTIONS
nlb	targets	cleanup-tg-best-effort	NO-ASSERTIONS
nlb	targets	cleanup-tg-best-effort	NO-ASSERTIONS
nlb	targets	cleanup-tg-best-effort	NO-ASSERTIONS
nlb	targets	cleanup-tg-best-effort	NO-ASSERTIONS
nlb	targets	cleanup-tg-best-effort	NO-ASSERTIONS
nlb	targets	cleanup-tg-best-effort	NO-ASSERTIONS
nlb	targets	cleanup-tg-best-effort	NO-ASSERTIONS
nlb	targets	cleanup-tg-best-effort	NO-ASSERTIONS
nlb	targets	cleanup-tg-best-effort	NO-ASSERTIONS
nlb	targets	cleanup-tg-best-effort	NO-ASSERTIONS
nlb	targets	cleanup-tg-best-effort	NO-ASSERTIONS
nlb	targets	cleanup-tg-best-effort	NO-ASSERTIONS
nlb	targets	cleanup-tg-best-effort	NO-ASSERTIONS
nlb	targets	cleanup-tg-best-effort	NO-ASSERTIONS
nlb	targets	cleanup-tg-best-effort	NO-ASSERTIONS
nlb	targets	cleanup-tg-best-effort	NO-ASSERTIONS
nlb	targets	cleanup-tg-best-effort	NO-ASSERTIONS
nlb	targets	cleanup-tg-best-effort	NO-ASSERTIONS
nlb	targets	cleanup-tg-best-effort	NO-ASSERTIONS
nlb	targets	cleanup-tg-best-effort	NO-ASSERTIONS
nlb	targets	cleanup-tg-best-effort	NO-ASSERTIONS
nlb	targets	del-list	GREEN
nlb	targets	poll-op-10	GREEN
nlb	targets	poll-op-11	GREEN
nlb	targets	poll-op-12	GREEN
nlb	targets	poll-op-13	GREEN
nlb	targets	poll-op-13	GREEN
nlb	targets	poll-op-14	GREEN
nlb	targets	poll-op-15	GREEN
nlb	targets	poll-op-16	GREEN
nlb	targets	poll-op-17	GREEN
nlb	targets	poll-op-17	GREEN
nlb	targets	poll-op-18	GREEN
nlb	targets	poll-op-19	GREEN
nlb	targets	poll-op-1	GREEN
nlb	targets	poll-op-1	GREEN
nlb	targets	poll-op-20	GREEN
nlb	targets	poll-op-21	GREEN
nlb	targets	poll-op-21	GREEN
nlb	targets	poll-op-22	GREEN
nlb	targets	poll-op-23	GREEN
nlb	targets	poll-op-23	GREEN
nlb	targets	poll-op-24	GREEN
nlb	targets	poll-op-25	GREEN
nlb	targets	poll-op-25	GREEN
nlb	targets	poll-op-26	GREEN
nlb	targets	poll-op-26	GREEN
nlb	targets	poll-op-27	GREEN
nlb	targets	poll-op-27	GREEN
nlb	targets	poll-op-28	GREEN
nlb	targets	poll-op-29	GREEN
nlb	targets	poll-op-2	GREEN
nlb	targets	poll-op-30	GREEN
nlb	targets	poll-op-31	GREEN
nlb	targets	poll-op-31	GREEN
nlb	targets	poll-op-32	GREEN
nlb	targets	poll-op-33	GREEN
nlb	targets	poll-op-34	GREEN
nlb	targets	poll-op-35	GREEN
nlb	targets	poll-op-35	GREEN
nlb	targets	poll-op-36	GREEN
nlb	targets	poll-op-37	GREEN
nlb	targets	poll-op-37	GREEN
nlb	targets	poll-op-38	GREEN
nlb	targets	poll-op-39	GREEN
nlb	targets	poll-op-3	GREEN
nlb	targets	poll-op-40	GREEN
nlb	targets	poll-op-40	GREEN
nlb	targets	poll-op-40	GREEN
nlb	targets	poll-op-41	GREEN
nlb	targets	poll-op-42	GREEN
nlb	targets	poll-op-43	GREEN
nlb	targets	poll-op-43	GREEN
nlb	targets	poll-op-44	GREEN
nlb	targets	poll-op-45	GREEN
nlb	targets	poll-op-46	GREEN
nlb	targets	poll-op-46	GREEN
nlb	targets	poll-op-47	GREEN
nlb	targets	poll-op-48	GREEN
nlb	targets	poll-op-49	GREEN
nlb	targets	poll-op-49	GREEN
nlb	targets	poll-op-4	GREEN
nlb	targets	poll-op-50	GREEN
nlb	targets	poll-op-51	GREEN
nlb	targets	poll-op-52	GREEN
nlb	targets	poll-op-52	GREEN
nlb	targets	poll-op-53	GREEN
nlb	targets	poll-op-54	GREEN
nlb	targets	poll-op-55	GREEN
nlb	targets	poll-op-55	GREEN
nlb	targets	poll-op-56	GREEN
nlb	targets	poll-op-57	GREEN
nlb	targets	poll-op-58	GREEN
nlb	targets	poll-op-58	GREEN
nlb	targets	poll-op-59	GREEN
nlb	targets	poll-op-5	GREEN
nlb	targets	poll-op-5	GREEN
nlb	targets	poll-op-60	GREEN
nlb	targets	poll-op-61	GREEN
nlb	targets	poll-op-62	GREEN
nlb	targets	poll-op-63	GREEN
nlb	targets	poll-op-63	GREEN
nlb	targets	poll-op-64	GREEN
nlb	targets	poll-op-65	GREEN
nlb	targets	poll-op-66	GREEN
nlb	targets	poll-op-67	GREEN
nlb	targets	poll-op-68	GREEN
nlb	targets	poll-op-68	GREEN
nlb	targets	poll-op-69	GREEN
nlb	targets	poll-op-6	GREEN
nlb	targets	poll-op-70	GREEN
nlb	targets	poll-op-71	GREEN
nlb	targets	poll-op-72	GREEN
nlb	targets	poll-op-73	GREEN
nlb	targets	poll-op-73	GREEN
nlb	targets	poll-op-74	GREEN
nlb	targets	poll-op-74	GREEN
nlb	targets	poll-op-75	GREEN
nlb	targets	poll-op-76	GREEN
nlb	targets	poll-op-77	GREEN
nlb	targets	poll-op-78	GREEN
nlb	targets	poll-op-79	GREEN
nlb	targets	poll-op-79	GREEN
nlb	targets	poll-op-7	GREEN
nlb	targets	poll-op-80	GREEN
nlb	targets	poll-op-81	GREEN
nlb	targets	poll-op-82	GREEN
nlb	targets	poll-op-83	GREEN
nlb	targets	poll-op-83	GREEN
nlb	targets	poll-op-84	GREEN
nlb	targets	poll-op-85	GREEN
nlb	targets	poll-op-86	GREEN
nlb	targets	poll-op-87	GREEN
nlb	targets	poll-op-87	GREEN
nlb	targets	poll-op-88	GREEN
nlb	targets	poll-op-89	GREEN
nlb	targets	poll-op-89	GREEN
nlb	targets	poll-op-8	GREEN
nlb	targets	poll-op-90	GREEN
nlb	targets	poll-op-91	GREEN
nlb	targets	poll-op-92	GREEN
nlb	targets	poll-op-92	GREEN
nlb	targets	poll-op-93	GREEN
nlb	targets	poll-op-94	GREEN
nlb	targets	poll-op-95	GREEN
nlb	targets	poll-op-96	GREEN
nlb	targets	poll-op-96	GREEN
nlb	targets	poll-op-97	GREEN
nlb	targets	poll-op-9	GREEN
nlb	targets	poll-op-9	GREEN
nlb	targets	poll-tg-after-drain	GREEN
nlb	targets	put-list	GREEN
nlb	targets	re-add	GREEN
nlb	targets	rm-absent-rya627	GREEN
nlb	targets	rm-cleanup	NO-ASSERTIONS
nlb	targets	rm-cleanup	NO-ASSERTIONS
nlb	targets	rm-cleanup	NO-ASSERTIONS
nlb	targets	rm-cleanup	NO-ASSERTIONS
nlb	targets	rm-cleanup	NO-ASSERTIONS
nlb	targets	rm-cleanup	NO-ASSERTIONS
nlb	targets	rm-cleanup	NO-ASSERTIONS
nlb	targets	rm-empty	GREEN
nlb	targets	rm	GREEN
nlb	targets	rm	NO-ASSERTIONS
nlb	targets	rm	NO-ASSERTIONS
nlb	targets	rm	NO-ASSERTIONS
nlb	targets	rm	NO-ASSERTIONS
nlb	targets	rm-one	GREEN
nlb	targets	rm-phase-a	GREEN
nlb	targets	rm-phase-a	GREEN
nlb	targets	setup-cr-tg	GREEN
nlb	targets	setup-cr-tg	GREEN
nlb	targets	setup-cr-tg	GREEN
nlb	targets	setup-cr-tg	GREEN
nlb	targets	setup-cr-tg	GREEN
nlb	targets	setup-cr-tg	GREEN
nlb	targets	setup-cr-tg	GREEN
nlb	targets	setup-cr-tg	GREEN
nlb	targets	setup-cr-tg	GREEN
nlb	targets	setup-cr-tg	GREEN
nlb	targets	setup-cr-tg	GREEN
nlb	targets	setup-cr-tg	GREEN
nlb	targets	setup-cr-tg	GREEN
nlb	targets	setup-cr-tg	GREEN
nlb	targets	setup-cr-tg	GREEN
nlb	targets	setup-cr-tg	GREEN
nlb	targets	setup-cr-tg	GREEN
nlb	targets	setup-cr-tg	GREEN
nlb	targets	setup-cr-tg	GREEN
nlb	targets	setup-cr-tg	GREEN
nlb	targets	setup-cr-tg	GREEN
nlb	targets	setup-cr-tg	GREEN
nlb	targets	setup-cr-tg	GREEN
nlb	targets	setup-cr-tg	GREEN
nlb	targets	setup-cr-tg	GREEN
nlb	targets	setup-cr-tg	GREEN
nlb	targets	setup-cr-tg	GREEN
nlb	targets	setup-cr-tg	GREEN
nlb	targets	setup-materialize-tg-rya586	NO-ASSERTIONS
nlb	targets	setup-materialize-tg-rya588	NO-ASSERTIONS
nlb	targets	setup-materialize-tg-rya590	NO-ASSERTIONS
nlb	targets	setup-materialize-tg-rya592	NO-ASSERTIONS
nlb	targets	setup-materialize-tg-rya594	NO-ASSERTIONS
nlb	targets	setup-materialize-tg-rya596	NO-ASSERTIONS
nlb	targets	setup-materialize-tg-rya597	NO-ASSERTIONS
nlb	targets	setup-materialize-tg-rya598	NO-ASSERTIONS
nlb	targets	setup-materialize-tg-rya599	NO-ASSERTIONS
nlb	targets	setup-materialize-tg-rya601	NO-ASSERTIONS
nlb	targets	setup-materialize-tg-rya603	NO-ASSERTIONS
nlb	targets	setup-materialize-tg-rya604	NO-ASSERTIONS
nlb	targets	setup-materialize-tg-rya605	NO-ASSERTIONS
nlb	targets	setup-materialize-tg-rya606	NO-ASSERTIONS
nlb	targets	setup-materialize-tg-rya608	NO-ASSERTIONS
nlb	targets	setup-materialize-tg-rya609	NO-ASSERTIONS
nlb	targets	setup-materialize-tg-rya610	NO-ASSERTIONS
nlb	targets	setup-materialize-tg-rya611	NO-ASSERTIONS
nlb	targets	setup-materialize-tg-rya612	NO-ASSERTIONS
nlb	targets	setup-materialize-tg-rya614	NO-ASSERTIONS
nlb	targets	setup-materialize-tg-rya616	NO-ASSERTIONS
nlb	targets	setup-materialize-tg-rya618	NO-ASSERTIONS
nlb	targets	setup-materialize-tg-rya620	NO-ASSERTIONS
nlb	targets	setup-materialize-tg-rya622	NO-ASSERTIONS
nlb	targets	setup-materialize-tg-rya624	NO-ASSERTIONS
nlb	targets	setup-materialize-tg-rya626	NO-ASSERTIONS
nlb	targets	setup-materialize-tg-rya628	NO-ASSERTIONS
nlb	targets	setup-materialize-tg-rya630	NO-ASSERTIONS
nlb	targets	verify-sibling-active	RED
nlb	targets	verify-still-present-as-draining	GREEN
registry	registry-authz	capture-fixture-id	GREEN
registry	registry-authz	confirm-deleted	GREEN
registry	registry-authz	create-fixture	GREEN
registry	registry-authz	create-stranger	GREEN
registry	registry-authz	delete-fixture	GREEN
registry	registry-authz	delete-stranger	GREEN
registry	registry-authz	delete-viewer	GREEN
registry	registry-authz	get-anon	GREEN
registry	registry-authz	get-stranger-absent	GREEN
registry	registry-authz	get-stranger	GREEN
registry	registry-authz	get-viewer	GREEN
registry	registry-authz	list-stranger	GREEN
registry	registry-authz	poll-op-1	GREEN
registry	registry-authz	poll-op-2	GREEN
registry	registry-authz	poll-op-2	GREEN
registry	registry-authz	poll-op-3	GREEN
registry	registry-authz	poll-op-3	GREEN
registry	registry-authz	reg-deny-stranger	GREEN
registry	registry-authz	reg-miss-absent	GREEN
registry	registry-authz	reg-warm-rya54	GREEN
registry	registry-authz	repo-az-confirm	GREEN
registry	registry-authz	repo-az-create-rya55	GREEN
registry	registry-authz	repo-az-warm-rya56	GREEN
registry	registry-authz	repo-create-stranger	GREEN
registry	registry-authz	repo-delete-stranger	GREEN
registry	registry-authz	repo-get-stranger	GREEN
registry	registry-authz	repo-get-viewer	GREEN
registry	registry-authz	repo-update-viewer	GREEN
registry	registry-authz	update-stranger	GREEN
registry	registry-authz	update-viewer	GREEN
registry	registry	capture-ddRegId	GREEN
registry	registry	capture-delRegId	GREEN
registry	registry	capture-dupRegId	GREEN
registry	registry	capture-regId	GREEN
registry	registry	create-ddRegId	GREEN
registry	registry	create-delRegId	GREEN
registry	registry	create-dup	GREEN
registry	registry	create-dupRegId	GREEN
registry	registry	create-noname	GREEN
registry	registry	create-nopr	GREEN
registry	registry	create-regId	GREEN
registry	registry	create-underscore	GREEN
registry	registry	create-uppercase	GREEN
registry	registry	delete-dd-1	GREEN
registry	registry	delete-dd-2	GREEN
registry	registry	delete-del	GREEN
registry	registry	delete-dupRegId	GREEN
registry	registry	delete-nx	GREEN
registry	registry	delete-regId	GREEN
registry	registry	delete-tag-absent	GREEN
registry	registry	delete-tag-bad-id	GREEN
registry	registry	get-bad	GREEN
registry	registry	get-created	GREEN
registry	registry	get-del-deleted	GREEN
registry	registry	get-empty-mask	GREEN
registry	registry	get-nx	GREEN
registry	registry	get-ok	GREEN
registry	registry	get-renamed	GREEN
registry	registry	get-updated	GREEN
registry	registry	list-bad-token	GREEN
registry	registry	list-contains	GREEN
registry	registry	list-cross	GREEN
registry	registry	list-filter-garbage	GREEN
registry	registry	list-filter-name	GREEN
registry	registry	list-ops-bad-id	GREEN
registry	registry	list-ops-bad-token	GREEN
registry	registry	list-ops	GREEN
registry	registry	list-ops-ps-overmax	GREEN
registry	registry	list-ps-0	GREEN
registry	registry	list-ps-1000	GREEN
registry	registry	list-repos-bad-token	GREEN
registry	registry	list-repos	GREEN
registry	registry	list-repos-nx	GREEN
registry	registry	list-repos-ps-overmax	GREEN
registry	registry	list-tags-bad-token	GREEN
registry	registry	list-tags	GREEN
registry	registry	list-tags-ps-overmax	GREEN
registry	registry	list-tags-stranger	GREEN
registry	registry	poll-op-10	GREEN
registry	registry	poll-op-10	GREEN
registry	registry	poll-op-11	GREEN
registry	registry	poll-op-11	GREEN
registry	registry	poll-op-1	GREEN
registry	registry	poll-op-2	GREEN
registry	registry	poll-op-3	GREEN
registry	registry	poll-op-3	GREEN
registry	registry	poll-op-4	GREEN
registry	registry	poll-op-5	GREEN
registry	registry	poll-op-6	GREEN
registry	registry	poll-op-7	GREEN
registry	registry	poll-op-8	GREEN
registry	registry	poll-op-8	GREEN
registry	registry	poll-op-9	GREEN
registry	registry-redesign	capture-emRegId	GREEN
registry	registry-redesign	capture-rdRegId	GREEN
registry	registry-redesign	capture-rnRegId	GREEN
registry	registry-redesign	create-badregion	GREEN
registry	registry-redesign	create-emRegId	GREEN
registry	registry-redesign	create-noregion	GREEN
registry	registry-redesign	create-rdRegId	GREEN
registry	registry-redesign	create-rnRegId	GREEN
registry	registry-redesign	delete-emRegId	GREEN
registry	registry-redesign	delete-rdRegId	GREEN
registry	registry-redesign	delete-rnRegId	GREEN
registry	registry-redesign	get-absence	GREEN
registry	registry-redesign	get-after-rename	GREEN
registry	registry-redesign	get-before-rename	GREEN
registry	registry-redesign	get-default-vis	GREEN
registry	registry-redesign	get-emptymask	GREEN
registry	registry-redesign	get-placement	GREEN
registry	registry-redesign	list-pagesize-overmax	GREEN
registry	registry-redesign	poll-op-10	GREEN
registry	registry-redesign	poll-op-11	GREEN
registry	registry-redesign	poll-op-12	GREEN
registry	registry-redesign	poll-op-12	GREEN
registry	registry-redesign	poll-op-13	GREEN
registry	registry-redesign	poll-op-13	GREEN
registry	registry-redesign	poll-op-1	GREEN
registry	registry-redesign	poll-op-2	GREEN
registry	registry-redesign	poll-op-3	GREEN
registry	registry-redesign	poll-op-4	GREEN
registry	registry-redesign	poll-op-4	GREEN
registry	registry-redesign	poll-op-5	GREEN
registry	registry-redesign	poll-op-5	GREEN
registry	registry-redesign	poll-op-6	GREEN
registry	registry-redesign	poll-op-6	GREEN
registry	registry-redesign	poll-op-7	GREEN
registry	registry-redesign	poll-op-7	GREEN
registry	registry-redesign	poll-op-8	GREEN
registry	registry-redesign	poll-op-8	GREEN
registry	registry-redesign	poll-op-9	GREEN
registry	registry-redesign	poll-op-9	GREEN
registry	registry-redesign	post-rename-absent	GREEN
registry	registry-redesign	rename	GREEN
registry	registry-redesign	repo-capture	GREEN
registry	registry-redesign	repo-capture	GREEN
registry	registry-redesign	repo-capture	GREEN
registry	registry-redesign	repo-capture	GREEN
registry	registry-redesign	repo-capture	GREEN
registry	registry-redesign	repo-create-ephemeral	GREEN
registry	registry-redesign	repo-create-rya59	GREEN
registry	registry-redesign	repo-create-rya61	GREEN
registry	registry-redesign	repo-create-rya63	GREEN
registry	registry-redesign	repo-create-rya65	GREEN
registry	registry-redesign	repo-create-rya67	GREEN
registry	registry-redesign	repo-ephemeral-absent	GREEN
registry	registry-redesign	repo-warm-rya60	GREEN
registry	registry-redesign	repo-warm-rya62	GREEN
registry	registry-redesign	repo-warm-rya64	GREEN
registry	registry-redesign	repo-warm-rya66	GREEN
registry	registry-redesign	repo-warm-rya68	GREEN
registry	registry-redesign	update-default-public-emptymask	GREEN
registry	registry-redesign	update-default-public	GREEN
registry	registry-redesign	update-description-ok	GREEN
registry	registry-redesign	update-emptymask	GREEN
registry	registry-redesign	update-id	GREEN
registry	registry-redesign	update-lifecycle-mask	GREEN
registry	registry-redesign	update-placement	GREEN
registry	registry-redesign	update-region	GREEN
registry	registry-redesign	update-registryid-mask	GREEN
registry	registry-redesign	verify-still-private	GREEN
registry	registry-redesign	warm-emRegId-rya69	GREEN
registry	registry-redesign	warm-rdRegId-rya57	GREEN
registry	registry-redesign	warm-rnRegId-rya58	GREEN
registry	registry-repository	assert-collision-async	GREEN
registry	registry-repository	create-bad	GREEN
registry	registry-repository	create-bad-regid	GREEN
registry	registry-repository	create-dup	GREEN
registry	registry-repository	create-empty-name	GREEN
registry	registry-repository	delete-absent	GREEN
registry	registry-repository	delete-bad-regid	GREEN
registry	registry-repository	delete-repo	GREEN
registry	registry-repository	delete-verify	GREEN
registry	registry-repository	get-absent	GREEN
registry	registry-repository	get-bad-regid	GREEN
registry	registry-repository	get-no-infra	GREEN
registry	registry-repository	get-repo	GREEN
registry	registry-repository	hide-delete-absent	GREEN
registry	registry-repository	hide-get-absent	GREEN
registry	registry-repository	hide-referrers-absent	GREEN
registry	registry-repository	poll-op-10	GREEN
registry	registry-repository	poll-op-10	GREEN
registry	registry-repository	poll-op-10	GREEN
registry	registry-repository	poll-op-10	GREEN
registry	registry-repository	poll-op-11	GREEN
registry	registry-repository	poll-op-11	GREEN
registry	registry-repository	poll-op-12	GREEN
registry	registry-repository	poll-op-12	GREEN
registry	registry-repository	poll-op-13	GREEN
registry	registry-repository	poll-op-13	GREEN
registry	registry-repository	poll-op-14	GREEN
registry	registry-repository	poll-op-14	GREEN
registry	registry-repository	poll-op-15	GREEN
registry	registry-repository	poll-op-15	GREEN
registry	registry-repository	poll-op-16	GREEN
registry	registry-repository	poll-op-16	GREEN
registry	registry-repository	poll-op-17	GREEN
registry	registry-repository	poll-op-17	GREEN
registry	registry-repository	poll-op-18	GREEN
registry	registry-repository	poll-op-19	GREEN
registry	registry-repository	poll-op-19	GREEN
registry	registry-repository	poll-op-1	GREEN
registry	registry-repository	poll-op-20	GREEN
registry	registry-repository	poll-op-20	GREEN
registry	registry-repository	poll-op-21	GREEN
registry	registry-repository	poll-op-21	GREEN
registry	registry-repository	poll-op-21	GREEN
registry	registry-repository	poll-op-21	GREEN
registry	registry-repository	poll-op-22	GREEN
registry	registry-repository	poll-op-22	GREEN
registry	registry-repository	poll-op-23	GREEN
registry	registry-repository	poll-op-23	GREEN
registry	registry-repository	poll-op-2	GREEN
registry	registry-repository	poll-op-2	GREEN
registry	registry-repository	poll-op-3	GREEN
registry	registry-repository	poll-op-3	GREEN
registry	registry-repository	poll-op-4	GREEN
registry	registry-repository	poll-op-4	GREEN
registry	registry-repository	poll-op-5	GREEN
registry	registry-repository	poll-op-5	GREEN
registry	registry-repository	poll-op-6	GREEN
registry	registry-repository	poll-op-6	GREEN
registry	registry-repository	poll-op-7	GREEN
registry	registry-repository	poll-op-7	GREEN
registry	registry-repository	poll-op-8	GREEN
registry	registry-repository	poll-op-8	GREEN
registry	registry-repository	poll-op-9	GREEN
registry	registry-repository	poll-op-9	GREEN
registry	registry-repository	referrers-absent	GREEN
registry	registry-repository	referrers-bad	GREEN
registry	registry-repository	referrers-bad-regid	GREEN
registry	registry-repository	referrers-empty	GREEN
registry	registry-repository	reg-capture	GREEN
registry	registry-repository	reg-create	GREEN
registry	registry-repository	reg-delete	GREEN
registry	registry-repository	reg-warm-rya70	GREEN
registry	registry-repository	rename-badname	GREEN
registry	registry-repository	rename-bad-regid	GREEN
registry	registry-repository	rename-collision	GREEN
registry	registry-repository	rename-noop	GREEN
registry	registry-repository	rename-repo	GREEN
registry	registry-repository	rename-smuggle	GREEN
registry	registry-repository	rename-smuggle-verify	GREEN
registry	registry-repository	rename-verify-new	GREEN
registry	registry-repository	rename-verify-old	GREEN
registry	registry-repository	repo-capture	GREEN
registry	registry-repository	repo-capture	GREEN
registry	registry-repository	repo-capture	GREEN
registry	registry-repository	repo-capture	GREEN
registry	registry-repository	repo-capture	GREEN
registry	registry-repository	repo-capture	GREEN
registry	registry-repository	repo-capture	GREEN
registry	registry-repository	repo-capture	GREEN
registry	registry-repository	repo-capture	GREEN
registry	registry-repository	repo-capture	GREEN
registry	registry-repository	repo-capture	GREEN
registry	registry-repository	repo-capture	GREEN
registry	registry-repository	repo-capture	GREEN
registry	registry-repository	repo-capture	GREEN
registry	registry-repository	repo-capture	GREEN
registry	registry-repository	repo-capture	GREEN
registry	registry-repository	repo-create-rya101	GREEN
registry	registry-repository	repo-create-rya71	GREEN
registry	registry-repository	repo-create-rya73	GREEN
registry	registry-repository	repo-create-rya75	GREEN
registry	registry-repository	repo-create-rya77	GREEN
registry	registry-repository	repo-create-rya79	GREEN
registry	registry-repository	repo-create-rya81	GREEN
registry	registry-repository	repo-create-rya83	GREEN
registry	registry-repository	repo-create-rya85	GREEN
registry	registry-repository	repo-create-rya87	GREEN
registry	registry-repository	repo-create-rya89	GREEN
registry	registry-repository	repo-create-rya91	GREEN
registry	registry-repository	repo-create-rya93	GREEN
registry	registry-repository	repo-create-rya95	GREEN
registry	registry-repository	repo-create-rya97	GREEN
registry	registry-repository	repo-create-rya99	GREEN
registry	registry-repository	repo-warm-rya100	GREEN
registry	registry-repository	repo-warm-rya102	GREEN
registry	registry-repository	repo-warm-rya72	GREEN
registry	registry-repository	repo-warm-rya74	GREEN
registry	registry-repository	repo-warm-rya76	GREEN
registry	registry-repository	repo-warm-rya78	GREEN
registry	registry-repository	repo-warm-rya80	GREEN
registry	registry-repository	repo-warm-rya82	GREEN
registry	registry-repository	repo-warm-rya84	GREEN
registry	registry-repository	repo-warm-rya86	GREEN
registry	registry-repository	repo-warm-rya88	GREEN
registry	registry-repository	repo-warm-rya90	GREEN
registry	registry-repository	repo-warm-rya92	GREEN
registry	registry-repository	repo-warm-rya94	GREEN
registry	registry-repository	repo-warm-rya96	GREEN
registry	registry-repository	repo-warm-rya98	GREEN
registry	registry-repository	update-bad-regid	GREEN
registry	registry-repository	update-immutable	GREEN
registry	registry-repository	update-repo	GREEN
registry	registry-repository	update-unknown-mask	GREEN
registry	registry-repository	update-verify	GREEN
registry	registry	update-empty	GREEN
registry	registry	update	GREEN
registry	registry	update-name	GREEN
registry	registry	update-nx	GREEN
registry	registry	update-project	GREEN
registry	registry	update-unknown-mask	GREEN
registry	registry	warm-ddRegId-rya106	GREEN
registry	registry	warm-delRegId-rya105	GREEN
registry	registry	warm-dupRegId-rya104	GREEN
registry	registry	warm-regId-rya103	GREEN
storage	authz	assert-op-success	GREEN
storage	authz	assert-op-success	GREEN
storage	authz	assert-op-success	GREEN
storage	authz	assert-op-success	GREEN
storage	authz	assert-op-success	GREEN
storage	authz-catalog	cr-acct-adm-a	GREEN
storage	authz-catalog	cr-acct-adm-b	GREEN
storage	authz-catalog	cr-anon	GREEN
storage	authz-catalog	cr-invitee	GREEN
storage	authz-catalog	cr-no-bind	GREEN
storage	authz-catalog	cr-proj-adm	GREEN
storage	authz-catalog	gt-acct-adm-a	GREEN
storage	authz-catalog	gt-acct-adm-b	GREEN
storage	authz-catalog	gt-anon	GREEN
storage	authz-catalog	gt-invitee	GREEN
storage	authz-catalog	gt-no-bind	GREEN
storage	authz-catalog	gt-proj-adm	GREEN
storage	authz-catalog	ls-acct-adm-a	GREEN
storage	authz-catalog	ls-acct-adm-b	GREEN
storage	authz-catalog	ls-anon	GREEN
storage	authz-catalog	ls-invitee	GREEN
storage	authz-catalog	ls-no-bind	GREEN
storage	authz-catalog	ls-proj-adm	GREEN
storage	authz	cleanup-image	NO-ASSERTIONS
storage	authz	cleanup-img-src-vol	NO-ASSERTIONS
storage	authz	cleanup-snapshot	NO-ASSERTIONS
storage	authz	cleanup-snap-src-vol	NO-ASSERTIONS
storage	authz	cleanup-vol	NO-ASSERTIONS
storage	authz	del-cross	GREEN
storage	authz	get-cross	GREEN
storage	authz	list-as-pure-nob	GREEN
storage	authz	list-as-pure-nob	GREEN
storage	authz	list-as-pure-nob	GREEN
storage	authz	list-cross	GREEN
storage	authz	list-own	GREEN
storage	authz	poll-op-10	GREEN
storage	authz	poll-op-1	GREEN
storage	authz	poll-op-1	GREEN
storage	authz	poll-op-2	GREEN
storage	authz	poll-op-2	GREEN
storage	authz	poll-op-3	GREEN
storage	authz	poll-op-3	GREEN
storage	authz	poll-op-4	GREEN
storage	authz	poll-op-4	GREEN
storage	authz	poll-op-5	GREEN
storage	authz	poll-op-6	GREEN
storage	authz	poll-op-7	GREEN
storage	authz	poll-op-7	GREEN
storage	authz	poll-op-8	GREEN
storage	authz	poll-op-8	GREEN
storage	authz	poll-op-9	GREEN
storage	authz	seed-image	GREEN
storage	authz	seed-snapshot	GREEN
storage	authz	seed-vol-imgsrc	GREEN
storage	authz	seed-vol-snpsrc	GREEN
storage	authz	seed-vol-vol	GREEN
storage	authz	snp-del-cross	GREEN
storage	authz	snp-get-cross	GREEN
storage	authz	snp-list-cross	GREEN
storage	authz	snp-upd-cross	GREEN
storage	authz	upd-cross	GREEN
storage	disk-type	bad-token	GREEN
storage	disk-type	cr-external	GREEN
storage	disk-type	del-external	GREEN
storage	disk-type	get	GREEN
storage	disk-type	get-nx	GREEN
storage	disk-type	list	GREEN
storage	disk-type	ps-over	GREEN
storage	disk-type	upd-external	GREEN
storage	image	alt-image	GREEN
storage	image	alt-image-still-readable-rya11	GREEN
storage	image	alt-region-cleanup	NO-ASSERTIONS
storage	image	alt-region-confirm-rya9	GREEN
storage	image	alt-region-create	GREEN
storage	image	alt-src-vol	GREEN
storage	image	alt-zone-cleanup	NO-ASSERTIONS
storage	image	alt-zone-confirm-rya10	GREEN
storage	image	alt-zone-create	GREEN
storage	image	assert-op-error	GREEN
storage	image	assert-op-error	GREEN
storage	image	assert-op-error	GREEN
storage	image	assert-op-error	GREEN
storage	image	assert-op-error	GREEN
storage	image	assert-op-error	GREEN
storage	image	assert-op-error-hidden	GREEN
storage	image	assert-op-success	GREEN
storage	image	assert-op-success	GREEN
storage	image	assert-op-success	GREEN
storage	image	assert-op-success	GREEN
storage	image	assert-op-success	GREEN
storage	image	assert-op-success	GREEN
storage	image	assert-op-success	GREEN
storage	image	assert-op-success	GREEN
storage	image	assert-op-success	GREEN
storage	image	assert-op-success	GREEN
storage	image	assert-op-success	GREEN
storage	image	assert-op-success	GREEN
storage	image	assert-op-success	GREEN
storage	image	assert-op-success	GREEN
storage	image	assert-op-success	GREEN
storage	image	assert-op-success	GREEN
storage	image	bad-token	GREEN
storage	image	cleanup-source-snap	NO-ASSERTIONS
storage	image	cleanup-/storage/v1/images/{{altImageId}}	NO-ASSERTIONS
storage	image	cleanup-/storage/v1/images/{{crossImageId}}	NO-ASSERTIONS
storage	image	cleanup-/storage/v1/images/{{imageAId}}	NO-ASSERTIONS
storage	image	cleanup-/storage/v1/images/{{imageBId}}	NO-ASSERTIONS
storage	image	cleanup-/storage/v1/images/{{imageId}}	NO-ASSERTIONS
storage	image	cleanup-/storage/v1/images/{{imageId}}	NO-ASSERTIONS
storage	image	cleanup-/storage/v1/images/{{imageId}}	NO-ASSERTIONS
storage	image	cleanup-/storage/v1/images/{{imageId}}	NO-ASSERTIONS
storage	image	cleanup-/storage/v1/images/{{imageId}}	NO-ASSERTIONS
storage	image	cleanup-/storage/v1/images/{{imageId}}	NO-ASSERTIONS
storage	image	cleanup-/storage/v1/images/{{imageId}}	NO-ASSERTIONS
storage	image	cleanup-/storage/v1/images/{{imageId}}	NO-ASSERTIONS
storage	image	cleanup-/storage/v1/images/{{imageId}}	NO-ASSERTIONS
storage	image	cleanup-/storage/v1/images/{{imageId}}	NO-ASSERTIONS
storage	image	cleanup-/storage/v1/volumes/{{altSourceVolumeId}}	NO-ASSERTIONS
storage	image	cleanup-/storage/v1/volumes/{{bootVolumeId}}	NO-ASSERTIONS
storage	image	cleanup-/storage/v1/volumes/{{bootVolumeId}}	NO-ASSERTIONS
storage	image	cleanup-/storage/v1/volumes/{{crossSourceVolumeId}}	NO-ASSERTIONS
storage	image	cleanup-/storage/v1/volumes/{{sourceVolumeId}}	NO-ASSERTIONS
storage	image	cleanup-/storage/v1/volumes/{{sourceVolumeId}}	NO-ASSERTIONS
storage	image	cleanup-/storage/v1/volumes/{{sourceVolumeId}}	NO-ASSERTIONS
storage	image	cleanup-/storage/v1/volumes/{{sourceVolumeId}}	NO-ASSERTIONS
storage	image	cleanup-/storage/v1/volumes/{{sourceVolumeId}}	NO-ASSERTIONS
storage	image	cleanup-/storage/v1/volumes/{{sourceVolumeId}}	NO-ASSERTIONS
storage	image	cleanup-/storage/v1/volumes/{{sourceVolumeId}}	NO-ASSERTIONS
storage	image	cleanup-/storage/v1/volumes/{{sourceVolumeId}}	NO-ASSERTIONS
storage	image	cleanup-/storage/v1/volumes/{{sourceVolumeId}}	NO-ASSERTIONS
storage	image	cleanup-/storage/v1/volumes/{{sourceVolumeId}}	NO-ASSERTIONS
storage	image	cleanup-/storage/v1/volumes/{{sourceVolumeId}}	NO-ASSERTIONS
storage	image	cleanup-/storage/v1/volumes/{{sourceVolumeId}}	NO-ASSERTIONS
storage	image	cleanup-/storage/v1/volumes/{{sourceVolumeId}}	NO-ASSERTIONS
storage	image	cr-1	GREEN
storage	image	cr-2-dup	GREEN
storage	image	cr-a	GREEN
storage	image	cr-bad-proj	GREEN
storage	image	cr-bad-region	GREEN
storage	image	cr-bad-snap	GREEN
storage	image	cr-bad-vol	GREEN
storage	image	cr-b	GREEN
storage	image	cr-boot-cross-project	GREEN
storage	image	cr-boot-cross-region	GREEN
storage	image	cr-boot-vol	GREEN
storage	image	cr-boot-vol	GREEN
storage	image	cr-both	GREEN
storage	image	cr-desc257	GREEN
storage	image	create	GREEN
storage	image	create	GREEN
storage	image	cr	GREEN
storage	image	cr	GREEN
storage	image	cr	GREEN
storage	image	cr	GREEN
storage	image	cr	GREEN
storage	image	cr	GREEN
storage	image	cr	GREEN
storage	image	cr-image	GREEN
storage	image	cr-image	GREEN
storage	image	cr-lbl65	GREEN
storage	image	cr-name64	GREEN
storage	image	cr-none	GREEN
storage	image	cr-np	GREEN
storage	image	cr-nr	GREEN
storage	image	cross-image	GREEN
storage	image	cross-src-vol	GREEN
storage	image	cr-unicode	GREEN
storage	image	cr-upper	GREEN
storage	image	cr-vol-bad-img	GREEN
storage	image	cr-vol-xor	GREEN
storage	image	del-image-rya13	GREEN
storage	image	del-nx	GREEN
storage	image	del-rya7	GREEN
storage	image	env-zone-region	GREEN
storage	image	flt-none	GREEN
storage	image	get-404	GREEN
storage	image	get-boot-post	GREEN
storage	image	get-boot-pre-rya12	GREEN
storage	image	get-boot-rya8	GREEN
storage	image	get-image-404	GREEN
storage	image	get-malformed	GREEN
storage	image	get-nx	GREEN
storage	image	get-rya1	GREEN
storage	image	get-rya2	GREEN
storage	image	get-rya6	GREEN
storage	image	list-filtered-rya4	GREEN
storage	image	list	GREEN
storage	image	list-np	GREEN
storage	image	list-ops-rya14	GREEN
storage	image	lop-malformed	GREEN
storage	image	page1-rya5	GREEN
storage	image	page2	GREEN
storage	image	patch-desc-256-rya15	GREEN
storage	image	patch-desc-257	GREEN
storage	image	patch-imm-format	GREEN
storage	image	patch-imm-region	GREEN
storage	image	patch-imm-src	GREEN
storage	image	patch-labels-64-rya16	GREEN
storage	image	patch-labels-65	GREEN
storage	image	patch-rya3	GREEN
storage	image	patch-unk	GREEN
storage	image	poll-op-11	GREEN
storage	image	poll-op-11	GREEN
storage	image	poll-op-11	GREEN
storage	image	poll-op-12	GREEN
storage	image	poll-op-12	GREEN
storage	image	poll-op-13	GREEN
storage	image	poll-op-14	GREEN
storage	image	poll-op-15	GREEN
storage	image	poll-op-15	GREEN
storage	image	poll-op-15	GREEN
storage	image	poll-op-16	GREEN
storage	image	poll-op-16	GREEN
storage	image	poll-op-16	GREEN
storage	image	poll-op-17	GREEN
storage	image	poll-op-17	GREEN
storage	image	poll-op-18	GREEN
storage	image	poll-op-19	GREEN
storage	image	poll-op-20	GREEN
storage	image	poll-op-21	GREEN
storage	image	poll-op-22	GREEN
storage	image	poll-op-23	GREEN
storage	image	poll-op-23	GREEN
storage	image	poll-op-24	GREEN
storage	image	poll-op-24	GREEN
storage	image	poll-op-25	GREEN
storage	image	poll-op-26	GREEN
storage	image	poll-op-27	GREEN
storage	image	poll-op-28	GREEN
storage	image	poll-op-28	GREEN
storage	image	poll-op-28	GREEN
storage	image	poll-op-29	GREEN
storage	image	poll-op-29	GREEN
storage	image	poll-op-29	GREEN
storage	image	poll-op-30	GREEN
storage	image	poll-op-30	GREEN
storage	image	poll-op-31	GREEN
storage	image	poll-op-32	GREEN
storage	image	poll-op-33	GREEN
storage	image	poll-op-33	GREEN
storage	image	poll-op-34	GREEN
storage	image	poll-op-34	GREEN
storage	image	poll-op-35	GREEN
storage	image	poll-op-36	GREEN
storage	image	poll-op-37	GREEN
storage	image	poll-op-37	GREEN
storage	image	poll-op-37	GREEN
storage	image	poll-op-38	GREEN
storage	image	poll-op-38	GREEN
storage	image	poll-op-39	GREEN
storage	image	poll-op-39	GREEN
storage	image	poll-op-39	GREEN
storage	image	poll-op-40	GREEN
storage	image	poll-op-41	GREEN
storage	image	poll-op-41	GREEN
storage	image	poll-op-42	GREEN
storage	image	poll-op-43	GREEN
storage	image	poll-op-43	GREEN
storage	image	poll-op-44	GREEN
storage	image	poll-op-44	GREEN
storage	image	poll-op-44	GREEN
storage	image	poll-op-45	GREEN
storage	image	poll-op-45	GREEN
storage	image	poll-op-46	GREEN
storage	image	poll-op-47	GREEN
storage	image	poll-op-47	GREEN
storage	image	poll-op-47	GREEN
storage	image	poll-op-48	GREEN
storage	image	poll-op-48	GREEN
storage	image	poll-op-49	GREEN
storage	image	poll-op-50	GREEN
storage	image	poll-op-51	GREEN
storage	image	poll-op-52	GREEN
storage	image	poll-op-52	GREEN
storage	image	poll-op-53	GREEN
storage	image	poll-op-53	GREEN
storage	image	poll-op-54	GREEN
storage	image	poll-op-54	GREEN
storage	image	poll-op-55	GREEN
storage	image	poll-op-56	GREEN
storage	image	poll-op-57	GREEN
storage	image	poll-op-58	GREEN
storage	image	poll-op-59	GREEN
storage	image	poll-op-59	GREEN
storage	image	poll-op-60	GREEN
storage	image	poll-op-60	GREEN
storage	image	poll-op-61	GREEN
storage	image	poll-op-62	GREEN
storage	image	poll-op-63	GREEN
storage	image	poll-op-64	GREEN
storage	image	poll-op-64	GREEN
storage	image	poll-op-65	GREEN
storage	image	poll-op-65	GREEN
storage	image	poll-op-66	GREEN
storage	image	poll-op-67	GREEN
storage	image	poll-op-68	GREEN
storage	image	poll-op-69	GREEN
storage	image	poll-op-69	GREEN
storage	image	poll-op-70	GREEN
storage	image	poll-op-70	GREEN
storage	image	poll-op-71	GREEN
storage	image	poll-op-71	GREEN
storage	image	poll-op-72	GREEN
storage	image	poll-op-73	GREEN
storage	image	poll-op-74	GREEN
storage	image	poll-op-75	GREEN
storage	image	poll-op-75	GREEN
storage	image	poll-op-76	GREEN
storage	image	poll-op-76	GREEN
storage	image	poll-op-76	GREEN
storage	image	poll-op-77	GREEN
storage	image	poll-op-78	GREEN
storage	image	poll-op-79	GREEN
storage	image	poll-op-79	GREEN
storage	image	poll-op-80	GREEN
storage	image	poll-op-80	GREEN
storage	image	poll-op-81	GREEN
storage	image	poll-op-82	GREEN
storage	image	poll-op-83	GREEN
storage	image	poll-op-84	GREEN
storage	image	poll-op-84	GREEN
storage	image	poll-op-85	GREEN
storage	image	poll-op-85	GREEN
storage	image	poll-op-86	GREEN
storage	image	poll-op-87	GREEN
storage	image	poll-op-88	GREEN
storage	image	pre-snap-crsnap	GREEN
storage	image	pre-vol-bootsrc	GREEN
storage	image	pre-vol-crok	GREEN
storage	image	pre-vol-crsnap	GREEN
storage	image	pre-vol-cur	GREEN
storage	image	pre-vol-delok	GREEN
storage	image	pre-vol-dup	GREEN
storage	image	pre-vol-flt	GREEN
storage	image	pre-vol-lean	GREEN
storage	image	pre-vol-lop	GREEN
storage	image	pre-vol-setnull	GREEN
storage	image	pre-vol-updbvad	GREEN
storage	image	pre-vol-updbval	GREEN
storage	image	pre-vol-upd	GREEN
storage	image	pre-zone-region-coherent-bootsrc	GREEN
storage	image	pre-zone-region-coherent-crok	GREEN
storage	image	pre-zone-region-coherent-crsnap	GREEN
storage	image	pre-zone-region-coherent-cur	GREEN
storage	image	pre-zone-region-coherent-delok	GREEN
storage	image	pre-zone-region-coherent-dup	GREEN
storage	image	pre-zone-region-coherent-flt	GREEN
storage	image	pre-zone-region-coherent-lean	GREEN
storage	image	pre-zone-region-coherent-lop	GREEN
storage	image	pre-zone-region-coherent-setnull	GREEN
storage	image	pre-zone-region-coherent-updbvad	GREEN
storage	image	pre-zone-region-coherent-updbval	GREEN
storage	image	pre-zone-region-coherent-upd	GREEN
storage	image	ps-over	GREEN
storage	image	verify-256-applied	GREEN
storage	image	verify-257-not-applied	GREEN
storage	image	verify-64-applied	GREEN
storage	image	verify	GREEN
storage	internal-volume	attach	GREEN
storage	internal-volume	detach	GREEN
storage	internal-volume	getinternal	GREEN
storage	internal-volume	listattachments	GREEN
storage	operation	assert-op-success	GREEN
storage	operation	cancel-done	GREEN
storage	operation	cancel-garbage-prefix	GREEN
storage	operation	cancel-nx	GREEN
storage	operation	cleanup	GREEN
storage	operation	cleanup	GREEN
storage	operation	create-bad-disktype	GREEN
storage	operation	create-trigger	GREEN
storage	operation	create-trigger	GREEN
storage	operation	get-failed-op	GREEN
storage	operation	get-garbage-prefix	GREEN
storage	operation	get-nx	GREEN
storage	operation	get-nx-text	GREEN
storage	operation	get-op	GREEN
storage	operation	poll-op-89	GREEN
storage	operation	poll-op-89	GREEN
storage	operation	poll-op-90	GREEN
storage	operation	poll-op-91	GREEN
storage	operation	poll-op-92	GREEN
storage	operation	poll-op-92	GREEN
storage	operation	poll-op-92	GREEN
storage	operation	poll-op-93	GREEN
storage	sec-d	assert-op-success	GREEN
storage	sec-d	assert-op-success	GREEN
storage	sec-d	assert-op-success	GREEN
storage	sec-d	assert-op-success	GREEN
storage	sec-d	assert-op-success	GREEN
storage	sec-d	assert-op-success	GREEN
storage	sec-d	assert-op-success	GREEN
storage	sec-d	assert-op-success	GREEN
storage	sec-d	cleanup-img-src-vol	GREEN
storage	sec-d	cleanup-src-vol	GREEN
storage	sec-d	create	GREEN
storage	sec-d	create	GREEN
storage	sec-d	create	GREEN
storage	sec-d	delete	GREEN
storage	sec-d	delete	GREEN
storage	sec-d	delete	GREEN
storage	sec-d	delete-missing	GREEN
storage	sec-d	get-after-create-rya17	GREEN
storage	sec-d	get-after-create-rya18	GREEN
storage	sec-d	get-after-create-rya19	GREEN
storage	sec-d	get-after-delete	GREEN
storage	sec-d	get-after-delete	GREEN
storage	sec-d	get-after-delete	GREEN
storage	sec-d	poll-op-100	GREEN
storage	sec-d	poll-op-100	GREEN
storage	sec-d	poll-op-101	GREEN
storage	sec-d	poll-op-102	GREEN
storage	sec-d	poll-op-102	GREEN
storage	sec-d	poll-op-103	GREEN
storage	sec-d	poll-op-94	GREEN
storage	sec-d	poll-op-94	GREEN
storage	sec-d	poll-op-95	GREEN
storage	sec-d	poll-op-96	GREEN
storage	sec-d	poll-op-96	GREEN
storage	sec-d	poll-op-97	GREEN
storage	sec-d	poll-op-98	GREEN
storage	sec-d	poll-op-98	GREEN
storage	sec-d	poll-op-99	GREEN
storage	sec-d	pre-vol-img	GREEN
storage	sec-d	pre-vol-snap	GREEN
storage	sec-d	tuple-present-img	GREEN
storage	sec-d	tuple-present-snp	GREEN
storage	sec-d	tuple-present-vol	GREEN
storage	sec-d	tuple-withdrawn-img	GREEN
storage	sec-d	tuple-withdrawn-img	GREEN
storage	sec-d	tuple-withdrawn-img	GREEN
storage	sec-d	tuple-withdrawn-img	GREEN
storage	sec-d	tuple-withdrawn-img	GREEN
storage	sec-d	tuple-withdrawn-img	GREEN
storage	sec-d	tuple-withdrawn-img	GREEN
storage	sec-d	tuple-withdrawn-img	GREEN
storage	sec-d	tuple-withdrawn-img	GREEN
storage	sec-d	tuple-withdrawn-img	GREEN
storage	sec-d	tuple-withdrawn-img	GREEN
storage	sec-d	tuple-withdrawn-img	GREEN
storage	sec-d	tuple-withdrawn-img	GREEN
storage	sec-d	tuple-withdrawn-img	GREEN
storage	sec-d	tuple-withdrawn-img	GREEN
storage	sec-d	tuple-withdrawn-img	GREEN
storage	sec-d	tuple-withdrawn-img	GREEN
storage	sec-d	tuple-withdrawn-img	GREEN
storage	sec-d	tuple-withdrawn-img	GREEN
storage	sec-d	tuple-withdrawn-img	GREEN
storage	sec-d	tuple-withdrawn-img	GREEN
storage	sec-d	tuple-withdrawn-img	GREEN
storage	sec-d	tuple-withdrawn-snp	GREEN
storage	sec-d	tuple-withdrawn-snp	GREEN
storage	sec-d	tuple-withdrawn-snp	GREEN
storage	sec-d	tuple-withdrawn-snp	GREEN
storage	sec-d	tuple-withdrawn-snp	GREEN
storage	sec-d	tuple-withdrawn-snp	GREEN
storage	sec-d	tuple-withdrawn-snp	GREEN
storage	sec-d	tuple-withdrawn-snp	GREEN
storage	sec-d	tuple-withdrawn-snp	GREEN
storage	sec-d	tuple-withdrawn-snp	GREEN
storage	sec-d	tuple-withdrawn-snp	GREEN
storage	sec-d	tuple-withdrawn-snp	GREEN
storage	sec-d	tuple-withdrawn-snp	GREEN
storage	sec-d	tuple-withdrawn-snp	GREEN
storage	sec-d	tuple-withdrawn-snp	GREEN
storage	sec-d	tuple-withdrawn-snp	GREEN
storage	sec-d	tuple-withdrawn-snp	GREEN
storage	sec-d	tuple-withdrawn-snp	GREEN
storage	sec-d	tuple-withdrawn-snp	GREEN
storage	sec-d	tuple-withdrawn-snp	GREEN
storage	sec-d	tuple-withdrawn-snp	GREEN
storage	sec-d	tuple-withdrawn-vol	GREEN
storage	sec-d	tuple-withdrawn-vol	GREEN
storage	sec-d	tuple-withdrawn-vol	GREEN
storage	sec-d	tuple-withdrawn-vol	GREEN
storage	sec-d	tuple-withdrawn-vol	GREEN
storage	sec-d	tuple-withdrawn-vol	GREEN
storage	sec-d	tuple-withdrawn-vol	GREEN
storage	sec-d	tuple-withdrawn-vol	GREEN
storage	sec-d	tuple-withdrawn-vol	GREEN
storage	sec-d	tuple-withdrawn-vol	GREEN
storage	sec-d	tuple-withdrawn-vol	GREEN
storage	sec-d	tuple-withdrawn-vol	GREEN
storage	sec-d	tuple-withdrawn-vol	GREEN
storage	sec-d	tuple-withdrawn-vol	GREEN
storage	sec-d	tuple-withdrawn-vol	GREEN
storage	sec-d	tuple-withdrawn-vol	GREEN
storage	sec-d	tuple-withdrawn-vol	GREEN
storage	sec-d	tuple-withdrawn-vol	GREEN
storage	snapshot	assert-op-error	GREEN
storage	snapshot	assert-op-error	GREEN
storage	snapshot	assert-op-success	GREEN
storage	snapshot	assert-op-success	GREEN
storage	snapshot	assert-op-success	GREEN
storage	snapshot	assert-op-success	GREEN
storage	snapshot	assert-op-success	GREEN
storage	snapshot	bad-token	GREEN
storage	snapshot	cleanup-source-vol	NO-ASSERTIONS
storage	snapshot	cleanup-source-vol	NO-ASSERTIONS
storage	snapshot	cleanup-source-vol	NO-ASSERTIONS
storage	snapshot	cleanup-source-vol	NO-ASSERTIONS
storage	snapshot	cleanup-source-vol	NO-ASSERTIONS
storage	snapshot	cleanup-source-vol	NO-ASSERTIONS
storage	snapshot	cr-bad-proj	GREEN
storage	snapshot	cr-bad-src	GREEN
storage	snapshot	create	GREEN
storage	snapshot	cr	GREEN
storage	snapshot	cr	GREEN
storage	snapshot	cr	GREEN
storage	snapshot	cr	GREEN
storage	snapshot	cr	GREEN
storage	snapshot	cr-name64	GREEN
storage	snapshot	cr-np	GREEN
storage	snapshot	cr-ns	GREEN
storage	snapshot	cr-unicode	GREEN
storage	snapshot	cr-upper	GREEN
storage	snapshot	del-nx	GREEN
storage	snapshot	del-rya22	GREEN
storage	snapshot	del-snap	NO-ASSERTIONS
storage	snapshot	del-snap	NO-ASSERTIONS
storage	snapshot	del-snap	NO-ASSERTIONS
storage	snapshot	del-snap	NO-ASSERTIONS
storage	snapshot	del-snap	NO-ASSERTIONS
storage	snapshot	get-404	GREEN
storage	snapshot	get-malformed	GREEN
storage	snapshot	get-nx	GREEN
storage	snapshot	get-rya20	GREEN
storage	snapshot	list	GREEN
storage	snapshot	list-np	GREEN
storage	snapshot	patch-desc-256-rya23	GREEN
storage	snapshot	patch-desc-257	GREEN
storage	snapshot	patch-imm-proj	GREEN
storage	snapshot	patch-imm-size	GREEN
storage	snapshot	patch-imm-src	GREEN
storage	snapshot	patch-labels-64-rya24	GREEN
storage	snapshot	patch-labels-65	GREEN
storage	snapshot	patch-name-upper-rya25	GREEN
storage	snapshot	patch-rya21	GREEN
storage	snapshot	patch-unk	GREEN
storage	snapshot	poll-op-104	GREEN
storage	snapshot	poll-op-104	GREEN
storage	snapshot	poll-op-104	GREEN
storage	snapshot	poll-op-105	GREEN
storage	snapshot	poll-op-105	GREEN
storage	snapshot	poll-op-106	GREEN
storage	snapshot	poll-op-107	GREEN
storage	snapshot	poll-op-107	GREEN
storage	snapshot	poll-op-108	GREEN
storage	snapshot	poll-op-109	GREEN
storage	snapshot	poll-op-109	GREEN
storage	snapshot	poll-op-110	GREEN
storage	snapshot	poll-op-110	GREEN
storage	snapshot	poll-op-111	GREEN
storage	snapshot	poll-op-112	GREEN
storage	snapshot	poll-op-113	GREEN
storage	snapshot	poll-op-114	GREEN
storage	snapshot	poll-op-114	GREEN
storage	snapshot	poll-op-115	GREEN
storage	snapshot	poll-op-115	GREEN
storage	snapshot	poll-op-115	GREEN
storage	snapshot	poll-op-116	GREEN
storage	snapshot	poll-op-117	GREEN
storage	snapshot	poll-op-117	GREEN
storage	snapshot	poll-op-118	GREEN
storage	snapshot	poll-op-119	GREEN
storage	snapshot	poll-op-119	GREEN
storage	snapshot	poll-op-120	GREEN
storage	snapshot	poll-op-120	GREEN
storage	snapshot	poll-op-121	GREEN
storage	snapshot	poll-op-122	GREEN
storage	snapshot	poll-op-123	GREEN
storage	snapshot	poll-op-124	GREEN
storage	snapshot	poll-op-124	GREEN
storage	snapshot	poll-op-125	GREEN
storage	snapshot	poll-op-125	GREEN
storage	snapshot	poll-op-126	GREEN
storage	snapshot	poll-op-127	GREEN
storage	snapshot	poll-op-128	GREEN
storage	snapshot	poll-op-129	GREEN
storage	snapshot	poll-op-129	GREEN
storage	snapshot	poll-op-129	GREEN
storage	snapshot	poll-op-130	GREEN
storage	snapshot	poll-op-130	GREEN
storage	snapshot	poll-op-131	GREEN
storage	snapshot	poll-op-132	GREEN
storage	snapshot	pre-vol-crok	GREEN
storage	snapshot	pre-vol-delok	GREEN
storage	snapshot	pre-vol-updbvad	GREEN
storage	snapshot	pre-vol-updbval	GREEN
storage	snapshot	pre-vol-upd	GREEN
storage	snapshot	pre-vol-updname	GREEN
storage	snapshot	ps-over	GREEN
storage	snapshot	verify-256-applied	GREEN
storage	snapshot	verify-257-not-applied	GREEN
storage	snapshot	verify-64-applied	GREEN
storage	snapshot	verify	GREEN
storage	snapshot	verify-name-unchanged	GREEN
storage	volume	assert-op-error	GREEN
storage	volume	assert-op-error	GREEN
storage	volume	assert-op-error	GREEN
storage	volume	assert-op-error	GREEN
storage	volume	assert-op-error	GREEN
storage	volume	assert-op-error	GREEN
storage	volume	assert-op-success	GREEN
storage	volume	assert-op-success	GREEN
storage	volume	assert-op-success	GREEN
storage	volume	assert-op-success	GREEN
storage	volume	assert-op-success	GREEN
storage	volume	assert-op-success	GREEN
storage	volume	assert-op-success	GREEN
storage	volume	assert-op-success	GREEN
storage	volume	assert-op-success	GREEN
storage	volume	assert-op-success	GREEN
storage	volume	assert-op-success	GREEN
storage	volume	assert-op-success	GREEN
storage	volume	assert-op-success	GREEN
storage	volume	bad-token	GREEN
storage	volume	cleanup-a	NO-ASSERTIONS
storage	volume	cleanup-b	NO-ASSERTIONS
storage	volume	cleanup	GREEN
storage	volume	cleanup	NO-ASSERTIONS
storage	volume	cleanup	NO-ASSERTIONS
storage	volume	cleanup	NO-ASSERTIONS
storage	volume	cleanup	NO-ASSERTIONS
storage	volume	cleanup	NO-ASSERTIONS
storage	volume	cleanup	NO-ASSERTIONS
storage	volume	cleanup	NO-ASSERTIONS
storage	volume	cleanup	NO-ASSERTIONS
storage	volume	cleanup	NO-ASSERTIONS
storage	volume	cleanup	NO-ASSERTIONS
storage	volume	cleanup	NO-ASSERTIONS
storage	volume	cr-1	GREEN
storage	volume	cr-2-dup	GREEN
storage	volume	cr-a	GREEN
storage	volume	cr-bad-dt	GREEN
storage	volume	cr-bad-proj	GREEN
storage	volume	cr-bad-snap	GREEN
storage	volume	cr-bad-zone	GREEN
storage	volume	cr-b	GREEN
storage	volume	cr-digit	GREEN
storage	volume	create	GREEN
storage	volume	cr	GREEN
storage	volume	cr	GREEN
storage	volume	cr	GREEN
storage	volume	cr	GREEN
storage	volume	cr	GREEN
storage	volume	cr	GREEN
storage	volume	cr	GREEN
storage	volume	cr	GREEN
storage	volume	cr	GREEN
storage	volume	cr	GREEN
storage	volume	cr	GREEN
storage	volume	cr	GREEN
storage	volume	cr	GREEN
storage	volume	cr-hyphen	GREEN
storage	volume	cr-name64	GREEN
storage	volume	cr-size0	GREEN
storage	volume	cr-sqli	GREEN
storage	volume	cr-unicode	GREEN
storage	volume	cr-upper	GREEN
storage	volume	del	GREEN
storage	volume	del-nx	GREEN
storage	volume	del-rya32	GREEN
storage	volume	get-1-rya35	GREEN
storage	volume	get-404	GREEN
storage	volume	get-404	GREEN
storage	volume	get-after-upd	GREEN
storage	volume	get-malformed	GREEN
storage	volume	get-nx	GREEN
storage	volume	get-rya26	GREEN
storage	volume	get-rya33	GREEN
storage	volume	list-filtered	GREEN
storage	volume	list	GREEN
storage	volume	list-np	GREEN
storage	volume	list-ops-rya34	GREEN
storage	volume	lop-malformed	GREEN
storage	volume	lst-excludes	GREEN
storage	volume	lst-filter-sqli	GREEN
storage	volume	lst-includes	GREEN
storage	volume	objself-delete-rya29	GREEN
storage	volume	objself-get-rya27	GREEN
storage	volume	objself-patch-rya28	GREEN
storage	volume	patch-desc-256-rya37	GREEN
storage	volume	patch-desc-257	GREEN
storage	volume	patch-empty-mask-rya36	GREEN
storage	volume	patch-equal	GREEN
storage	volume	patch-grow-rya30	GREEN
storage	volume	patch-imm-bs	GREEN
storage	volume	patch-imm-dt	GREEN
storage	volume	patch-imm-srcsnap	GREEN
storage	volume	patch-imm-zone	GREEN
storage	volume	patch-labels-64-rya38	GREEN
storage	volume	patch-labels-65	GREEN
storage	volume	patch-rya31	GREEN
storage	volume	patch-shrink	GREEN
storage	volume	patch-unk	GREEN
storage	volume	poll-op-133	GREEN
storage	volume	poll-op-133	GREEN
storage	volume	poll-op-134	GREEN
storage	volume	poll-op-135	GREEN
storage	volume	poll-op-135	GREEN
storage	volume	poll-op-135	GREEN
storage	volume	poll-op-136	GREEN
storage	volume	poll-op-137	GREEN
storage	volume	poll-op-138	GREEN
storage	volume	poll-op-138	GREEN
storage	volume	poll-op-139	GREEN
storage	volume	poll-op-140	GREEN
storage	volume	poll-op-140	GREEN
storage	volume	poll-op-141	GREEN
storage	volume	poll-op-142	GREEN
storage	volume	poll-op-143	GREEN
storage	volume	poll-op-143	GREEN
storage	volume	poll-op-143	GREEN
storage	volume	poll-op-144	GREEN
storage	volume	poll-op-145	GREEN
storage	volume	poll-op-146	GREEN
storage	volume	poll-op-146	GREEN
storage	volume	poll-op-146	GREEN
storage	volume	poll-op-147	GREEN
storage	volume	poll-op-148	GREEN
storage	volume	poll-op-149	GREEN
storage	volume	poll-op-149	GREEN
storage	volume	poll-op-149	GREEN
storage	volume	poll-op-149	GREEN
storage	volume	poll-op-150	GREEN
storage	volume	poll-op-150	GREEN
storage	volume	poll-op-151	GREEN
storage	volume	poll-op-152	GREEN
storage	volume	poll-op-152	GREEN
storage	volume	poll-op-152	GREEN
storage	volume	poll-op-153	GREEN
storage	volume	poll-op-154	GREEN
storage	volume	poll-op-154	GREEN
storage	volume	poll-op-155	GREEN
storage	volume	poll-op-155	GREEN
storage	volume	poll-op-155	GREEN
storage	volume	poll-op-155	GREEN
storage	volume	poll-op-156	GREEN
storage	volume	poll-op-156	GREEN
storage	volume	poll-op-157	GREEN
storage	volume	poll-op-158	GREEN
storage	volume	poll-op-159	GREEN
storage	volume	poll-op-159	GREEN
storage	volume	poll-op-159	GREEN
storage	volume	poll-op-160	GREEN
storage	volume	poll-op-161	GREEN
storage	volume	poll-op-162	GREEN
storage	volume	poll-op-163	GREEN
storage	volume	poll-op-164	GREEN
storage	volume	poll-op-164	GREEN
storage	volume	poll-op-165	GREEN
storage	volume	poll-op-166	GREEN
storage	volume	poll-op-166	GREEN
storage	volume	poll-op-166	GREEN
storage	volume	poll-op-167	GREEN
storage	volume	poll-op-168	GREEN
storage	volume	poll-op-168	GREEN
storage	volume	poll-op-168	GREEN
storage	volume	poll-op-169	GREEN
storage	volume	poll-op-170	GREEN
storage	volume	poll-op-171	GREEN
storage	volume	poll-op-171	GREEN
storage	volume	poll-op-172	GREEN
storage	volume	poll-op-173	GREEN
storage	volume	poll-op-174	GREEN
storage	volume	poll-op-174	GREEN
storage	volume	poll-op-174	GREEN
storage	volume	poll-op-175	GREEN
storage	volume	poll-op-176	GREEN
storage	volume	poll-op-177	GREEN
storage	volume	poll-op-177	GREEN
storage	volume	poll-op-177	GREEN
storage	volume	poll-op-178	GREEN
storage	volume	poll-op-179	GREEN
storage	volume	ps-over	GREEN
storage	volume	upd	GREEN
storage	volume	verify-256-applied	GREEN
storage	volume	verify-257-not-applied	GREEN
storage	volume	verify-64-applied	GREEN
storage	volume	verify	GREEN
storage	volume	verify	GREEN
storage	volume	verify	GREEN
vpc	address	alloc-first	GREEN
vpc	address	alloc	GREEN
vpc	address	alloc-second	GREEN
vpc	address	check-op-failed	GREEN
vpc	address	check-op-failed	GREEN
vpc	address	check-op-failed	GREEN
vpc	address	check-op-failed	GREEN
vpc	address	cleanup-addr2-rya590	GREEN
vpc	address	cleanup-addr-rya532	GREEN
vpc	address	cleanup-addr-rya545	NO-ASSERTIONS
vpc	address	cleanup-addr-rya574	NO-ASSERTIONS
vpc	address	cleanup-addr-rya580	NO-ASSERTIONS
vpc	address	cleanup-addr-rya586	GREEN
vpc	address	cleanup-first	NO-ASSERTIONS
vpc	address	cleanup	GREEN
vpc	address	cleanup	GREEN
vpc	address	cleanup	GREEN
vpc	address	cleanup-net2-rya576	NO-ASSERTIONS
vpc	address	cleanup-net-rya534	GREEN
vpc	address	cleanup-net-rya537	GREEN
vpc	address	cleanup-net-rya539	GREEN
vpc	address	cleanup-net-rya547	GREEN
vpc	address	cleanup-net-rya578	GREEN
vpc	address	cleanup-net-rya582	GREEN
vpc	address	cleanup	NO-ASSERTIONS
vpc	address	cleanup	NO-ASSERTIONS
vpc	address	cleanup-pool	GREEN
vpc	address	cleanup-pool	GREEN
vpc	address	cleanup-pool	GREEN
vpc	address	cleanup-pool	GREEN
vpc	address	cleanup-rya549	NO-ASSERTIONS
vpc	address	cleanup-rya552	NO-ASSERTIONS
vpc	address	cleanup-rya555	NO-ASSERTIONS
vpc	address	cleanup-rya558	NO-ASSERTIONS
vpc	address	cleanup-rya561	NO-ASSERTIONS
vpc	address	cleanup-rya563	NO-ASSERTIONS
vpc	address	cleanup-rya566	NO-ASSERTIONS
vpc	address	cleanup-rya571	GREEN
vpc	address	cleanup-sub2-rya575	NO-ASSERTIONS
vpc	address	cleanup-sub-rya533	GREEN
vpc	address	cleanup-sub-rya536	GREEN
vpc	address	cleanup-sub-rya538	GREEN
vpc	address	cleanup-sub-rya546	GREEN
vpc	address	cleanup-sub-rya577	GREEN
vpc	address	cleanup-sub-rya581	GREEN
vpc	address	cr-1	GREEN
vpc	address	cr-2	GREEN
vpc	address	cr-bad-desc	GREEN
vpc	address	cr-bad-type	GREEN
vpc	address	cr-cmd	GREEN
vpc	address	cr-desc-max	GREEN
vpc	address	cr-desc-over	GREEN
vpc	address	cr-digit	GREEN
vpc	address	cr-dup	GREEN
vpc	address	create-bad-combo	GREEN
vpc	address	create-both	GREEN
vpc	address	create-ext	GREEN
vpc	address	create	GREEN
vpc	address	create	GREEN
vpc	address	create	GREEN
vpc	address	create	GREEN
vpc	address	create	GREEN
vpc	address	create	GREEN
vpc	address	create	GREEN
vpc	address	create	GREEN
vpc	address	create	GREEN
vpc	address	create	GREEN
vpc	address	create	GREEN
vpc	address	create	GREEN
vpc	address	create	GREEN
vpc	address	create	GREEN
vpc	address	create	GREEN
vpc	address	create	GREEN
vpc	address	create	GREEN
vpc	address	create	GREEN
vpc	address	create	GREEN
vpc	address	create	GREEN
vpc	address	create-in-A	GREEN
vpc	address	create-no-spec	GREEN
vpc	address	cr-empty-body	GREEN
vpc	address	cr-empty	GREEN
vpc	address	cr-first	GREEN
vpc	address	cr	GREEN
vpc	address	cr	GREEN
vpc	address	cr	GREEN
vpc	address	cr-hyphen	GREEN
vpc	address	cr-in-sub1	GREEN
vpc	address	cr-lbl-bad	GREEN
vpc	address	cr-lbl-max	GREEN
vpc	address	cr-lbl-over	GREEN
vpc	address	cr-lbl-upper	GREEN
vpc	address	cr-longpayload	GREEN
vpc	address	cr-malformed	GREEN
vpc	address	cr-max63	GREEN
vpc	address	cr-no-name	GREEN
vpc	address	cr-no-projectId	GREEN
vpc	address	cr-nullbyte	GREEN
vpc	address	cr-null	GREEN
vpc	address	cr-over	GREEN
vpc	address	cr-path	GREEN
vpc	address	cr-plain	GREEN
vpc	address	cr-special	GREEN
vpc	address	cr-sqli	GREEN
vpc	address	cr-union	GREEN
vpc	address	cr-upper	GREEN
vpc	address	cr-v4-default	GREEN
vpc	address	cr-v6-default	GREEN
vpc	address	cr-xss	GREEN
vpc	address	del-1-rya588	GREEN
vpc	address	del-first	GREEN
vpc	address	del-first-rya593	GREEN
vpc	address	del	GREEN
vpc	address	del	GREEN
vpc	address	del-happy-rya542	GREEN
vpc	address	del-list	GREEN
vpc	address	del-nx	GREEN
vpc	address	del-nx	GREEN
vpc	address	del-second-fails	GREEN
vpc	address	del-second	GREEN
vpc	address	gbv-bad	GREEN
vpc	address	gbv-ext-scoped	GREEN
vpc	address	gbv-foreign-scope	GREEN
vpc	address	gbv	GREEN
vpc	address	gbv-own-scope-finds-rya573	GREEN
vpc	address	gbv-rya544	GREEN
vpc	address	gbv-unscoped	GREEN
vpc	address	get-1-rya583	GREEN
vpc	address	get-1-rya587	GREEN
vpc	address	get-2-rya589	GREEN
vpc	address	get-404	GREEN
vpc	address	get-addr-rya543	GREEN
vpc	address	get-addr-rya548	GREEN
vpc	address	get-after-del	GREEN
vpc	address	get-after-upd	GREEN
vpc	address	get-conf	GREEN
vpc	address	get-ext-ip-rya579	GREEN
vpc	address	get-first-ip-rya591	GREEN
vpc	address	get-garbage	GREEN
vpc	address	get	GREEN
vpc	address	get-ip-rya572	GREEN
vpc	address	get-reserved-at-birth-rya568	GREEN
vpc	address	get-rya531	GREEN
vpc	address	get-rya535	GREEN
vpc	address	get-rya585	GREEN
vpc	address	get-second-ip-rya592	GREEN
vpc	address	get-timed-rya567	GREEN
vpc	address	get-trail	GREEN
vpc	address	get-unreserved-rya570	GREEN
vpc	address	lbs	GREEN
vpc	address	lbs-nx	GREEN
vpc	address	list-5	GREEN
vpc	address	list-bad-filter	GREEN
vpc	address	list-bad-token	GREEN
vpc	address	list-filtered-lst562	GREEN
vpc	address	list-filter	GREEN
vpc	address	list	GREEN
vpc	address	list-in-B	GREEN
vpc	address	list-no-project	GREEN
vpc	address	list-ops	GREEN
vpc	address	list-p1	GREEN
vpc	address	list-p2	GREEN
vpc	address	list-ps0	GREEN
vpc	address	list-ps1	GREEN
vpc	address	list-ps-huge	GREEN
vpc	address	list-timed	GREEN
vpc	address	list-unknown-field	GREEN
vpc	address	list-with-empty-header	GREEN
vpc	address	lop-nx	GREEN
vpc	address	lst-1001	GREEN
vpc	address	lst-dup	GREEN
vpc	address	lst-excludes	GREEN
vpc	address	lst-fsc	GREEN
vpc	address	lst-includes-lst584	GREEN
vpc	address	lst-max	GREEN
vpc	address	lst-neg	GREEN
vpc	address	lst-sqli	GREEN
vpc	address	patch-multi-rya559	GREEN
vpc	address	patch-name-only-rya564	GREEN
vpc	address	patch-nx	GREEN
vpc	address	patch-nx	GREEN
vpc	address	patch-rya540	GREEN
vpc	address	patch-rya550	GREEN
vpc	address	patch-rya553	GREEN
vpc	address	patch-rya556	GREEN
vpc	address	patch-unknown-mask	GREEN
vpc	address	poll-op-1000	GREEN
vpc	address	poll-op-1001	GREEN
vpc	address	poll-op-1001	GREEN
vpc	address	poll-op-1002	GREEN
vpc	address	poll-op-1003	GREEN
vpc	address	poll-op-1003	GREEN
vpc	address	poll-op-1004	GREEN
vpc	address	poll-op-1005	GREEN
vpc	address	poll-op-1005	GREEN
vpc	address	poll-op-1006	GREEN
vpc	address	poll-op-922	GREEN
vpc	address	poll-op-923	GREEN
vpc	address	poll-op-924	GREEN
vpc	address	poll-op-924	GREEN
vpc	address	poll-op-925	GREEN
vpc	address	poll-op-926	GREEN
vpc	address	poll-op-927	GREEN
vpc	address	poll-op-927	GREEN
vpc	address	poll-op-928	GREEN
vpc	address	poll-op-929	GREEN
vpc	address	poll-op-930	GREEN
vpc	address	poll-op-931	GREEN
vpc	address	poll-op-932	GREEN
vpc	address	poll-op-933	GREEN
vpc	address	poll-op-934	GREEN
vpc	address	poll-op-935	GREEN
vpc	address	poll-op-935	GREEN
vpc	address	poll-op-936	GREEN
vpc	address	poll-op-937	GREEN
vpc	address	poll-op-937	GREEN
vpc	address	poll-op-938	GREEN
vpc	address	poll-op-939	GREEN
vpc	address	poll-op-940	GREEN
vpc	address	poll-op-940	GREEN
vpc	address	poll-op-941	GREEN
vpc	address	poll-op-942	GREEN
vpc	address	poll-op-943	GREEN
vpc	address	poll-op-944	GREEN
vpc	address	poll-op-944	GREEN
vpc	address	poll-op-945	GREEN
vpc	address	poll-op-946	GREEN
vpc	address	poll-op-947	GREEN
vpc	address	poll-op-947	GREEN
vpc	address	poll-op-948	GREEN
vpc	address	poll-op-949	GREEN
vpc	address	poll-op-949	GREEN
vpc	address	poll-op-950	GREEN
vpc	address	poll-op-951	GREEN
vpc	address	poll-op-952	GREEN
vpc	address	poll-op-952	GREEN
vpc	address	poll-op-953	GREEN
vpc	address	poll-op-954	GREEN
vpc	address	poll-op-955	GREEN
vpc	address	poll-op-955	GREEN
vpc	address	poll-op-956	GREEN
vpc	address	poll-op-957	GREEN
vpc	address	poll-op-958	GREEN
vpc	address	poll-op-958	GREEN
vpc	address	poll-op-959	GREEN
vpc	address	poll-op-960	GREEN
vpc	address	poll-op-961	GREEN
vpc	address	poll-op-961	GREEN
vpc	address	poll-op-962	GREEN
vpc	address	poll-op-963	GREEN
vpc	address	poll-op-963	GREEN
vpc	address	poll-op-964	GREEN
vpc	address	poll-op-965	GREEN
vpc	address	poll-op-965	GREEN
vpc	address	poll-op-966	GREEN
vpc	address	poll-op-967	GREEN
vpc	address	poll-op-967	GREEN
vpc	address	poll-op-968	GREEN
vpc	address	poll-op-969	GREEN
vpc	address	poll-op-970	GREEN
vpc	address	poll-op-970	GREEN
vpc	address	poll-op-971	GREEN
vpc	address	poll-op-972	GREEN
vpc	address	poll-op-972	GREEN
vpc	address	poll-op-973	GREEN
vpc	address	poll-op-974	GREEN
vpc	address	poll-op-975	GREEN
vpc	address	poll-op-976	GREEN
vpc	address	poll-op-976	GREEN
vpc	address	poll-op-977	GREEN
vpc	address	poll-op-978	GREEN
vpc	address	poll-op-979	GREEN
vpc	address	poll-op-980	GREEN
vpc	address	poll-op-981	GREEN
vpc	address	poll-op-982	GREEN
vpc	address	poll-op-983	GREEN
vpc	address	poll-op-984	GREEN
vpc	address	poll-op-985	GREEN
vpc	address	poll-op-985	GREEN
vpc	address	poll-op-986	GREEN
vpc	address	poll-op-987	GREEN
vpc	address	poll-op-988	GREEN
vpc	address	poll-op-988	GREEN
vpc	address	poll-op-989	GREEN
vpc	address	poll-op-989	GREEN
vpc	address	poll-op-990	GREEN
vpc	address	poll-op-991	GREEN
vpc	address	poll-op-991	GREEN
vpc	address	poll-op-992	GREEN
vpc	address	poll-op-993	GREEN
vpc	address	poll-op-994	GREEN
vpc	address	poll-op-994	GREEN
vpc	address	poll-op-995	GREEN
vpc	address	poll-op-996	GREEN
vpc	address	poll-op-996	GREEN
vpc	address	poll-op-997	GREEN
vpc	address	poll-op-998	GREEN
vpc	address	poll-op-999	GREEN
vpc	address	post-no-ct	GREEN
vpc	address	pre-net2	GREEN
vpc	address	pre-net	GREEN
vpc	address	pre-net	GREEN
vpc	address	pre-net	GREEN
vpc	address	pre-net	GREEN
vpc	address	pre-net	GREEN
vpc	address	pre-net	GREEN
vpc	address	pre-pool-crv6	GREEN
vpc	address	pre-pool-rru	GREEN
vpc	address	pre-sub2	GREEN
vpc	address	pre-sub	GREEN
vpc	address	pre-sub	GREEN
vpc	address	pre-sub	GREEN
vpc	address	pre-sub	GREEN
vpc	address	pre-sub	GREEN
vpc	address	pre-sub	GREEN
vpc	address	put-list	GREEN
vpc	address	_SETUP-POOL — ensure default EXTERNAL_PUBLIC pool at zoneA	NO-ASSERTIONS
vpc	address	_SETUP-ZONES — resolve live geo zone ids (zoneA..D)	NO-ASSERTIONS
vpc	address	_SETUP-ZONES — resolve live geo zone ids (zoneA..D)	NO-ASSERTIONS
vpc	address	upd-empty-mask	GREEN
vpc	address	upd-external_ipv4_address_spec	GREEN
vpc	address	upd	GREEN
vpc	address	upd	GREEN
vpc	address	upd-internal_ipv4_address_spec	GREEN
vpc	address	upd-multi-unknown	GREEN
vpc	address	upd-project_id	GREEN
vpc	address	upd-project-via-mask	GREEN
vpc	address	upd-unreserve-rya569	GREEN
vpc	address	verify-all-rya560	GREEN
vpc	address	verify-rya541	GREEN
vpc	address	verify-rya551	GREEN
vpc	address	verify-rya554	GREEN
vpc	address	verify-rya557	GREEN
vpc	address	verify-rya565	GREEN
vpc	address-zone-coherence	cleanup-anycast	NO-ASSERTIONS
vpc	address-zone-coherence	cleanup-known-zone	NO-ASSERTIONS
vpc	address-zone-coherence	create-anycast	GREEN
vpc	address-zone-coherence	create-known-zone	GREEN
vpc	address-zone-coherence	create-unknown-zone-v4	GREEN
vpc	address-zone-coherence	create-unknown-zone-v6	GREEN
vpc	address-zone-coherence	get-known-zone-rya530	GREEN
vpc	address-zone-coherence	poll-op-918	GREEN
vpc	address-zone-coherence	poll-op-918	GREEN
vpc	address-zone-coherence	poll-op-919	GREEN
vpc	address-zone-coherence	poll-op-920	GREEN
vpc	address-zone-coherence	poll-op-920	GREEN
vpc	address-zone-coherence	poll-op-920	GREEN
vpc	address-zone-coherence	poll-op-921	GREEN
vpc	address-zone-coherence	_SETUP-POOL — ensure default EXTERNAL_PUBLIC pool at zoneA	NO-ASSERTIONS
vpc	address-zone-coherence	_SETUP-ZONES — resolve live geo zone ids (zoneA..D)	NO-ASSERTIONS
vpc	address-zone-coherence	_SETUP-ZONES — resolve live geo zone ids (zoneA..D)	NO-ASSERTIONS
vpc	authz-deny	delete	GREEN
vpc	authz-deny	delete	GREEN
vpc	authz-deny	delete	GREEN
vpc	authz-deny	delete	GREEN
vpc	authz-deny	delete	GREEN
vpc	authz-deny	delete	GREEN
vpc	authz-deny	delete	GREEN
vpc	authz-deny	delete	GREEN
vpc	authz-deny	delete	GREEN
vpc	authz-deny	delete	GREEN
vpc	authz-deny	delete	GREEN
vpc	authz-deny	delete	GREEN
vpc	authz-deny	delete	GREEN
vpc	authz-deny	delete	GREEN
vpc	authz-deny	delete	GREEN
vpc	authz-deny	delete	GREEN
vpc	authz-deny	delete	GREEN
vpc	authz-deny	delete	GREEN
vpc	authz-deny	delete	GREEN
vpc	authz-deny	delete	GREEN
vpc	authz-deny	delete	GREEN
vpc	authz-deny	delete	GREEN
vpc	authz-deny	delete	GREEN
vpc	authz-deny	delete	GREEN
vpc	authz-deny	delete	GREEN
vpc	authz-deny	delete	GREEN
vpc	authz-deny	delete	GREEN
vpc	authz-deny	delete	GREEN
vpc	authz-deny	delete	GREEN
vpc	authz-deny	delete	GREEN
vpc	authz-deny	delete	GREEN
vpc	authz-deny	delete	GREEN
vpc	authz-deny	delete	GREEN
vpc	authz-deny	delete	GREEN
vpc	authz-deny	delete	GREEN
vpc	authz-deny	delete	GREEN
vpc	authz-deny	delete	GREEN
vpc	authz-deny	delete	GREEN
vpc	authz-deny	delete	GREEN
vpc	authz-deny	delete	GREEN
vpc	authz-deny	delete	GREEN
vpc	authz-deny	delete	GREEN
vpc	authz-deny	delete	GREEN
vpc	authz-deny	delete	GREEN
vpc	authz-deny	delete	GREEN
vpc	authz-deny	delete	GREEN
vpc	authz-deny	delete	GREEN
vpc	authz-deny	delete	GREEN
vpc	authz-deny	get-abs594	GREEN
vpc	authz-deny	get-abs595	GREEN
vpc	authz-deny	get-abs596	GREEN
vpc	authz-deny	get-abs597	GREEN
vpc	authz-deny	get-abs598	GREEN
vpc	authz-deny	get-abs599	GREEN
vpc	authz-deny	get-abs600	GREEN
vpc	authz-deny	get-abs601	GREEN
vpc	authz-deny	get-abs602	GREEN
vpc	authz-deny	get-abs603	GREEN
vpc	authz-deny	get-abs604	GREEN
vpc	authz-deny	get-abs605	GREEN
vpc	authz-deny	get-abs606	GREEN
vpc	authz-deny	get-abs607	GREEN
vpc	authz-deny	get-abs608	GREEN
vpc	authz-deny	get-abs609	GREEN
vpc	authz-deny	get-abs610	GREEN
vpc	authz-deny	get-abs611	GREEN
vpc	authz-deny	get-abs612	GREEN
vpc	authz-deny	get-abs613	GREEN
vpc	authz-deny	get-abs614	GREEN
vpc	authz-deny	get-abs615	GREEN
vpc	authz-deny	get-abs616	GREEN
vpc	authz-deny	get-abs617	GREEN
vpc	authz-deny	get-abs618	GREEN
vpc	authz-deny	get-abs619	GREEN
vpc	authz-deny	get-abs620	GREEN
vpc	authz-deny	get-abs621	GREEN
vpc	authz-deny	get-abs622	GREEN
vpc	authz-deny	get-abs623	GREEN
vpc	authz-deny	get-abs624	GREEN
vpc	authz-deny	get-abs625	GREEN
vpc	authz-deny	get-abs626	GREEN
vpc	authz-deny	get-abs627	GREEN
vpc	authz-deny	get-abs628	GREEN
vpc	authz-deny	get	GREEN
vpc	authz-deny	get	GREEN
vpc	authz-deny	get	GREEN
vpc	authz-deny	get	GREEN
vpc	authz-deny	get	GREEN
vpc	authz-deny	get	GREEN
vpc	authz-deny	get	GREEN
vpc	authz-deny	get	GREEN
vpc	authz-deny	get	GREEN
vpc	authz-deny	get	GREEN
vpc	authz-deny	get	GREEN
vpc	authz-deny	get	GREEN
vpc	authz-deny	get	GREEN
vpc	authz-deny	get	GREEN
vpc	authz-deny	get	GREEN
vpc	authz-deny	get	GREEN
vpc	authz-deny	get	GREEN
vpc	authz-deny	get	GREEN
vpc	authz-deny	get	GREEN
vpc	authz-deny	get	GREEN
vpc	authz-deny	get	GREEN
vpc	authz-deny	get	GREEN
vpc	authz-deny	get	GREEN
vpc	authz-deny	get	GREEN
vpc	authz-deny	get	GREEN
vpc	authz-deny	get	GREEN
vpc	authz-deny	get	GREEN
vpc	authz-deny	get	GREEN
vpc	authz-deny	get	GREEN
vpc	authz-deny	get	GREEN
vpc	authz-deny	get	GREEN
vpc	authz-deny	get	GREEN
vpc	authz-deny	get	GREEN
vpc	authz-deny	get	GREEN
vpc	authz-deny	get	GREEN
vpc	authz-deny	get	GREEN
vpc	authz-deny	get	GREEN
vpc	authz-deny	get	GREEN
vpc	authz-deny	get	GREEN
vpc	authz-deny	get	GREEN
vpc	authz-deny	get	GREEN
vpc	authz-deny	get	GREEN
vpc	authz-deny	get	GREEN
vpc	authz-deny	get	GREEN
vpc	authz-deny	get	GREEN
vpc	authz-deny	get	GREEN
vpc	authz-deny	get	GREEN
vpc	authz-deny	get	GREEN
vpc	authz-deny	get	GREEN
vpc	authz-deny	get	GREEN
vpc	authz-deny	get	GREEN
vpc	authz-deny	get	GREEN
vpc	authz-deny	get	GREEN
vpc	authz-deny	get	GREEN
vpc	authz-deny	get	GREEN
vpc	authz-deny	get	GREEN
vpc	authz-deny	get	GREEN
vpc	authz-deny	get	GREEN
vpc	authz-deny	get	GREEN
vpc	authz-deny	get	GREEN
vpc	authz-deny	get	GREEN
vpc	authz-deny	get	GREEN
vpc	authz-deny	get	GREEN
vpc	authz-deny	get	GREEN
vpc	authz-deny	get	GREEN
vpc	authz-deny	get	GREEN
vpc	authz-deny	get	GREEN
vpc	authz-deny	get	GREEN
vpc	authz-deny	get	GREEN
vpc	authz-deny	get	GREEN
vpc	authz-deny	get	GREEN
vpc	authz-deny	get	GREEN
vpc	authz-deny	get	GREEN
vpc	authz-deny	get	GREEN
vpc	authz-deny	get	GREEN
vpc	authz-deny	get	GREEN
vpc	authz-deny	get	GREEN
vpc	authz-deny	get	GREEN
vpc	authz-deny	get	GREEN
vpc	authz-deny	get	GREEN
vpc	authz-deny	get	GREEN
vpc	authz-deny	get	GREEN
vpc	authz-deny	get	GREEN
vpc	authz-deny	get	GREEN
vpc	authz-deny	get	GREEN
vpc	authz-deny	get	GREEN
vpc	authz-deny	get	GREEN
vpc	authz-deny	get	GREEN
vpc	authz-deny	get	GREEN
vpc	authz-deny	get	GREEN
vpc	authz-deny	get	GREEN
vpc	authz-deny	get	GREEN
vpc	authz-deny	get	GREEN
vpc	authz-deny	get	GREEN
vpc	authz-deny	get	GREEN
vpc	authz-deny	get	GREEN
vpc	authz-deny	get	GREEN
vpc	authz-deny	patch	GREEN
vpc	authz-deny	patch	GREEN
vpc	authz-deny	patch	GREEN
vpc	authz-deny	patch	GREEN
vpc	authz-deny	patch	GREEN
vpc	authz-deny	patch	GREEN
vpc	authz-deny	patch	GREEN
vpc	authz-deny	patch	GREEN
vpc	authz-deny	patch	GREEN
vpc	authz-deny	patch	GREEN
vpc	authz-deny	patch	GREEN
vpc	authz-deny	patch	GREEN
vpc	authz-deny	patch	GREEN
vpc	authz-deny	patch	GREEN
vpc	authz-deny	patch	GREEN
vpc	authz-deny	patch	GREEN
vpc	authz-deny	patch	GREEN
vpc	authz-deny	patch	GREEN
vpc	authz-deny	patch	GREEN
vpc	authz-deny	patch	GREEN
vpc	authz-deny	patch	GREEN
vpc	authz-deny	patch	GREEN
vpc	authz-deny	patch	GREEN
vpc	authz-deny	patch	GREEN
vpc	authz-deny	patch	GREEN
vpc	authz-deny	patch	GREEN
vpc	authz-deny	patch	GREEN
vpc	authz-deny	patch	GREEN
vpc	authz-deny	patch	GREEN
vpc	authz-deny	patch	GREEN
vpc	authz-deny	patch	GREEN
vpc	authz-deny	patch	GREEN
vpc	authz-deny	patch	GREEN
vpc	authz-deny	patch	GREEN
vpc	authz-deny	patch	GREEN
vpc	authz-deny	patch	GREEN
vpc	authz-deny	patch	GREEN
vpc	authz-deny	patch	GREEN
vpc	authz-deny	patch	GREEN
vpc	authz-deny	patch	GREEN
vpc	authz-deny	patch	GREEN
vpc	authz-deny	patch	GREEN
vpc	authz-deny	patch	GREEN
vpc	authz-deny	patch	GREEN
vpc	authz-deny	patch	GREEN
vpc	authz-deny	patch	GREEN
vpc	authz-deny	patch	GREEN
vpc	authz-deny	patch	GREEN
vpc	authz-deny	post	GREEN
vpc	authz-deny	post	GREEN
vpc	authz-deny	post	GREEN
vpc	authz-deny	post	GREEN
vpc	authz-deny	post	GREEN
vpc	authz-deny	post	GREEN
vpc	authz-deny	post	GREEN
vpc	authz-deny	post	GREEN
vpc	authz-deny	post	GREEN
vpc	authz-deny	post	GREEN
vpc	authz-deny	post	GREEN
vpc	authz-deny	post	GREEN
vpc	authz-deny	post	GREEN
vpc	authz-deny	post	GREEN
vpc	authz-deny	post	GREEN
vpc	authz-deny	post	GREEN
vpc	authz-deny	post	GREEN
vpc	authz-deny	post	GREEN
vpc	authz-deny	post	GREEN
vpc	authz-deny	post	GREEN
vpc	authz-deny	post	GREEN
vpc	authz-deny	post	GREEN
vpc	authz-deny	post	GREEN
vpc	authz-deny	post	GREEN
vpc	authz-deny	post	GREEN
vpc	authz-deny	post	GREEN
vpc	authz-deny	post	GREEN
vpc	authz-deny	post	GREEN
vpc	authz-deny	post	GREEN
vpc	authz-deny	post	GREEN
vpc	authz-deny	post	GREEN
vpc	authz-deny	post	GREEN
vpc	authz-deny	post	GREEN
vpc	authz-deny	post	GREEN
vpc	authz-deny	post	GREEN
vpc	authz-deny	post	GREEN
vpc	authz-deny	post	GREEN
vpc	authz-deny	post	GREEN
vpc	authz-deny	post	GREEN
vpc	authz-deny	post	GREEN
vpc	authz-deny	post	GREEN
vpc	authz-deny	post	GREEN
vpc	authz-deny	post	GREEN
vpc	authz-deny	post	GREEN
vpc	authz-deny	post	GREEN
vpc	authz-deny	post	GREEN
vpc	authz-deny	post	GREEN
vpc	authz-deny	post	GREEN
vpc	authz-deny	post	GREEN
vpc	authz-deny	post	GREEN
vpc	authz-deny	post	GREEN
vpc	authz-deny	post	GREEN
vpc	authz-deny	post	GREEN
vpc	authz-deny	post	GREEN
vpc	authz-deny	post	GREEN
vpc	authz-deny	post	GREEN
vpc	authz-deny	post	GREEN
vpc	authz-deny	post	GREEN
vpc	authz-deny	post	GREEN
vpc	authz-deny	post	GREEN
vpc	authz-deny	post	GREEN
vpc	authz-deny	post	GREEN
vpc	authz-deny	post	GREEN
vpc	authz-deny	post	GREEN
vpc	authz-deny	post	GREEN
vpc	authz-deny	post	GREEN
vpc	authz-deny	post	GREEN
vpc	authz-deny	post	GREEN
vpc	authz-deny	post	GREEN
vpc	authz-deny	post	GREEN
vpc	authz-deny	post	GREEN
vpc	authz-deny	post	GREEN
vpc	authz-deny	post	GREEN
vpc	authz-deny	post	GREEN
vpc	authz-deny	post	GREEN
vpc	authz-deny	post	GREEN
vpc	authz-deny	post	GREEN
vpc	authz-deny	post	GREEN
vpc	authz-deny	post	GREEN
vpc	authz-deny	post	GREEN
vpc	authz-deny	post	GREEN
vpc	authz-deny	post	GREEN
vpc	authz-deny	post	GREEN
vpc	authz-deny	post	GREEN
vpc	authz-deny	post	GREEN
vpc	authz-deny	post	GREEN
vpc	authz-deny	post	GREEN
vpc	authz-deny	post	GREEN
vpc	authz-deny	post	GREEN
vpc	authz-deny	post	GREEN
vpc	authz-deny	post	GREEN
vpc	authz-deny	post	GREEN
vpc	authz-deny	post	GREEN
vpc	authz-deny	post	GREEN
vpc	authz-deny	post	GREEN
vpc	authz-deny	post	GREEN
vpc	authz-deny	_SETUP-ZONES — resolve live geo zone ids (zoneA..D)	NO-ASSERTIONS
vpc	authz-deny	_SETUP-ZONES — resolve live geo zone ids (zoneA..D)	NO-ASSERTIONS
vpc	concurrency	assert-distribution	GREEN
vpc	concurrency	assert-mac-unique	GREEN
vpc	concurrency	assert-occ	GREEN
vpc	concurrency	assert-unique-ips	GREEN
vpc	concurrency	burst-create-external	NO-ASSERTIONS
vpc	concurrency	burst-create-external	NO-ASSERTIONS
vpc	concurrency	burst-create-external	NO-ASSERTIONS
vpc	concurrency	burst-create-external	NO-ASSERTIONS
vpc	concurrency	burst-create-external	NO-ASSERTIONS
vpc	concurrency	burst-create-external	NO-ASSERTIONS
vpc	concurrency	burst-create-nic	NO-ASSERTIONS
vpc	concurrency	burst-create-nic	NO-ASSERTIONS
vpc	concurrency	burst-create-nic	NO-ASSERTIONS
vpc	concurrency	burst-create-nic	NO-ASSERTIONS
vpc	concurrency	burst-create-nic	NO-ASSERTIONS
vpc	concurrency	burst-create-nic	NO-ASSERTIONS
vpc	concurrency	burst-create-nic	NO-ASSERTIONS
vpc	concurrency	burst-create-nic	NO-ASSERTIONS
vpc	concurrency	burst-create-nic	NO-ASSERTIONS
vpc	concurrency	burst-create-nic	NO-ASSERTIONS
vpc	concurrency	burst-create-nic	NO-ASSERTIONS
vpc	concurrency	burst-create-overlap	NO-ASSERTIONS
vpc	concurrency	burst-create-overlap	NO-ASSERTIONS
vpc	concurrency	burst-create-overlap	NO-ASSERTIONS
vpc	concurrency	burst-create-overlap	NO-ASSERTIONS
vpc	concurrency	burst-update-rules	NO-ASSERTIONS
vpc	concurrency	burst-update-rules	NO-ASSERTIONS
vpc	concurrency	burst-update-rules	NO-ASSERTIONS
vpc	concurrency	check-sync-200	GREEN
vpc	concurrency	cleanup-addresses	NO-ASSERTIONS
vpc	concurrency	cleanup-addresses	NO-ASSERTIONS
vpc	concurrency	cleanup-addresses	NO-ASSERTIONS
vpc	concurrency	cleanup-addresses	NO-ASSERTIONS
vpc	concurrency	cleanup-addresses	NO-ASSERTIONS
vpc	concurrency	cleanup-addresses	NO-ASSERTIONS
vpc	concurrency	cleanup-all-subs	NO-ASSERTIONS
vpc	concurrency	cleanup-all-subs	NO-ASSERTIONS
vpc	concurrency	cleanup-net-rya629	GREEN
vpc	concurrency	cleanup-net-rya631	GREEN
vpc	concurrency	cleanup-net-rya632	GREEN
vpc	concurrency	cleanup-nics	NO-ASSERTIONS
vpc	concurrency	cleanup-nics	NO-ASSERTIONS
vpc	concurrency	cleanup-nics	NO-ASSERTIONS
vpc	concurrency	cleanup-nics	NO-ASSERTIONS
vpc	concurrency	cleanup-nics	NO-ASSERTIONS
vpc	concurrency	cleanup-nics	NO-ASSERTIONS
vpc	concurrency	cleanup-nics	NO-ASSERTIONS
vpc	concurrency	cleanup-nics	NO-ASSERTIONS
vpc	concurrency	cleanup-nics	NO-ASSERTIONS
vpc	concurrency	cleanup-nics	NO-ASSERTIONS
vpc	concurrency	cleanup-nics	NO-ASSERTIONS
vpc	concurrency	cleanup-sg	GREEN
vpc	concurrency	cleanup-sub-rya630	GREEN
vpc	concurrency	create-sg	GREEN
vpc	concurrency	fetch-sg-rules-after-occ	GREEN
vpc	concurrency	list-and-cleanup	GREEN
vpc	concurrency	poll-and-assert	GREEN
vpc	concurrency	poll-op-1007	GREEN
vpc	concurrency	poll-op-1008	GREEN
vpc	concurrency	poll-op-1009	GREEN
vpc	concurrency	poll-op-1010	GREEN
vpc	concurrency	poll-op-1011	GREEN
vpc	concurrency	poll-op-1012	GREEN
vpc	concurrency	poll-op-1013	GREEN
vpc	concurrency	poll-op-1014	GREEN
vpc	concurrency	poll-op-1014	GREEN
vpc	concurrency	poll-op-1015	GREEN
vpc	concurrency	poll-op-1016	GREEN
vpc	concurrency	resolve-and-collect-ips	NO-ASSERTIONS
vpc	concurrency	resolve-and-collect-ips	NO-ASSERTIONS
vpc	concurrency	resolve-and-collect-ips	NO-ASSERTIONS
vpc	concurrency	resolve-and-collect-ips	NO-ASSERTIONS
vpc	concurrency	resolve-and-collect-ips	NO-ASSERTIONS
vpc	concurrency	resolve-and-collect-ips	NO-ASSERTIONS
vpc	concurrency	resolve-and-collect-ips	NO-ASSERTIONS
vpc	concurrency	resolve-and-collect-ips	NO-ASSERTIONS
vpc	concurrency	resolve-and-collect-ips	NO-ASSERTIONS
vpc	concurrency	resolve-and-collect-ips	NO-ASSERTIONS
vpc	concurrency	resolve-and-collect-ips	NO-ASSERTIONS
vpc	concurrency	resolve-occ-ops	NO-ASSERTIONS
vpc	concurrency	resolve-occ-ops	NO-ASSERTIONS
vpc	concurrency	resolve-occ-ops	NO-ASSERTIONS
vpc	concurrency	resolve-occ-ops	NO-ASSERTIONS
vpc	concurrency	resolve-ops-collect-mac	NO-ASSERTIONS
vpc	concurrency	resolve-ops-collect-mac	NO-ASSERTIONS
vpc	concurrency	resolve-ops-collect-mac	NO-ASSERTIONS
vpc	concurrency	resolve-ops-collect-mac	NO-ASSERTIONS
vpc	concurrency	resolve-ops-collect-mac	NO-ASSERTIONS
vpc	concurrency	resolve-ops-collect-mac	NO-ASSERTIONS
vpc	concurrency	resolve-ops-collect-mac	NO-ASSERTIONS
vpc	concurrency	resolve-ops-collect-mac	NO-ASSERTIONS
vpc	concurrency	resolve-ops-collect-mac	NO-ASSERTIONS
vpc	concurrency	resolve-ops-collect-mac	NO-ASSERTIONS
vpc	concurrency	resolve-ops-collect-mac	NO-ASSERTIONS
vpc	concurrency	resolve-ops-collect-mac	NO-ASSERTIONS
vpc	concurrency	resolve-ops-collect-mac	NO-ASSERTIONS
vpc	concurrency	resolve-ops-collect-mac	NO-ASSERTIONS
vpc	concurrency	resolve-ops-collect-mac	NO-ASSERTIONS
vpc	concurrency	resolve-ops-collect-mac	NO-ASSERTIONS
vpc	concurrency	resolve-ops-collect-mac	NO-ASSERTIONS
vpc	concurrency	resolve-ops-collect-mac	NO-ASSERTIONS
vpc	concurrency	resolve-ops-collect-mac	NO-ASSERTIONS
vpc	concurrency	resolve-ops-collect-mac	NO-ASSERTIONS
vpc	concurrency	resolve-ops-collect-mac	NO-ASSERTIONS
vpc	concurrency	resolve-ops-collect-mac	NO-ASSERTIONS
vpc	concurrency	resolve-ops-collect-mac	NO-ASSERTIONS
vpc	concurrency	resolve-ops-collect-mac	NO-ASSERTIONS
vpc	concurrency	resolve-ops-collect-mac	NO-ASSERTIONS
vpc	concurrency	resolve-ops-collect-mac	NO-ASSERTIONS
vpc	concurrency	resolve-ops-collect-mac	NO-ASSERTIONS
vpc	concurrency	resolve-ops-collect-mac	NO-ASSERTIONS
vpc	concurrency	resolve-ops-collect-mac	NO-ASSERTIONS
vpc	concurrency	resolve-ops-collect-mac	NO-ASSERTIONS
vpc	concurrency	resolve-ops	NO-ASSERTIONS
vpc	concurrency	resolve-ops	NO-ASSERTIONS
vpc	concurrency	resolve-ops	NO-ASSERTIONS
vpc	concurrency	setup-net	GREEN
vpc	concurrency	setup-net	GREEN
vpc	concurrency	setup-net	GREEN
vpc	concurrency	setup-sub	GREEN
vpc	concurrency	_SETUP-ZONES — resolve live geo zone ids (zoneA..D)	NO-ASSERTIONS
vpc	concurrency	_SETUP-ZONES — resolve live geo zone ids (zoneA..D)	NO-ASSERTIONS
vpc	concurrency	wait-cleanup	NO-ASSERTIONS
vpc	concurrency	wait-cleanup	NO-ASSERTIONS
vpc	concurrency	wait-nic-cleanup	NO-ASSERTIONS
vpc	concurrency	wait-nic-cleanup	NO-ASSERTIONS
vpc	concurrency	wait-nic-cleanup	NO-ASSERTIONS
vpc	concurrency	wait-nic-cleanup	NO-ASSERTIONS
vpc	concurrency	wait-nic-cleanup	NO-ASSERTIONS
vpc	concurrency	wait-nic-cleanup	NO-ASSERTIONS
vpc	concurrency	wait-nic-cleanup	NO-ASSERTIONS
vpc	concurrency	wait-nic-cleanup	NO-ASSERTIONS
vpc	concurrency	wait-nic-cleanup	NO-ASSERTIONS
vpc	concurrency	wait-nic-cleanup	NO-ASSERTIONS
vpc	concurrency	wait-nic-cleanup	NO-ASSERTIONS
vpc	gateway	cleanup	GREEN
vpc	gateway	cleanup	GREEN
vpc	gateway	cleanup	GREEN
vpc	gateway	cleanup	NO-ASSERTIONS
vpc	gateway	cleanup	NO-ASSERTIONS
vpc	gateway	cleanup-rya638	NO-ASSERTIONS
vpc	gateway	cleanup-rya641	NO-ASSERTIONS
vpc	gateway	cleanup-rya644	NO-ASSERTIONS
vpc	gateway	cleanup-rya647	NO-ASSERTIONS
vpc	gateway	cleanup-rya649	NO-ASSERTIONS
vpc	gateway	cleanup-rya652	NO-ASSERTIONS
vpc	gateway	cr-bad-desc	GREEN
vpc	gateway	cr-bad-type	GREEN
vpc	gateway	cr-cmd	GREEN
vpc	gateway	cr-desc-max	GREEN
vpc	gateway	cr-desc-over	GREEN
vpc	gateway	cr-digit	GREEN
vpc	gateway	create-bad-project	GREEN
vpc	gateway	create	GREEN
vpc	gateway	create	GREEN
vpc	gateway	create	GREEN
vpc	gateway	create	GREEN
vpc	gateway	create	GREEN
vpc	gateway	create	GREEN
vpc	gateway	create	GREEN
vpc	gateway	create-gw	GREEN
vpc	gateway	create-gw	GREEN
vpc	gateway	create-in-A	GREEN
vpc	gateway	cr-empty-body	GREEN
vpc	gateway	cr-empty	GREEN
vpc	gateway	cr	GREEN
vpc	gateway	cr	GREEN
vpc	gateway	cr	GREEN
vpc	gateway	cr	GREEN
vpc	gateway	cr-hyphen	GREEN
vpc	gateway	cr-lbl-bad	GREEN
vpc	gateway	cr-lbl-max	GREEN
vpc	gateway	cr-lbl-over	GREEN
vpc	gateway	cr-lbl-upper	GREEN
vpc	gateway	cr-longpayload	GREEN
vpc	gateway	cr-malformed	GREEN
vpc	gateway	cr-max63	GREEN
vpc	gateway	cr-no-name	GREEN
vpc	gateway	cr-no-projectId	GREEN
vpc	gateway	cr-notype	GREEN
vpc	gateway	cr-nullbyte	GREEN
vpc	gateway	cr-null	GREEN
vpc	gateway	cr-over	GREEN
vpc	gateway	cr-path	GREEN
vpc	gateway	cr-special	GREEN
vpc	gateway	cr-sqli	GREEN
vpc	gateway	cr-union	GREEN
vpc	gateway	cr-upper	GREEN
vpc	gateway	cr-xss	GREEN
vpc	gateway	del	GREEN
vpc	gateway	del	GREEN
vpc	gateway	del-happy-rya635	GREEN
vpc	gateway	del-list	GREEN
vpc	gateway	del-nx	GREEN
vpc	gateway	del-nx	GREEN
vpc	gateway	get-1-rya654	GREEN
vpc	gateway	get-404	GREEN
vpc	gateway	get-after-upd	GREEN
vpc	gateway	get-conf	GREEN
vpc	gateway	get-extra-params	GREEN
vpc	gateway	get-garbage	GREEN
vpc	gateway	get	GREEN
vpc	gateway	get-rya633	GREEN
vpc	gateway	get-timed-rya653	GREEN
vpc	gateway	get-trail	GREEN
vpc	gateway	list-5	GREEN
vpc	gateway	list-bad-filter	GREEN
vpc	gateway	list-bad-token	GREEN
vpc	gateway	list-filtered-lst648	GREEN
vpc	gateway	list-filter	GREEN
vpc	gateway	list	GREEN
vpc	gateway	list-in-B	GREEN
vpc	gateway	list-noproject	GREEN
vpc	gateway	list-ops	GREEN
vpc	gateway	list-p1	GREEN
vpc	gateway	list-p2	GREEN
vpc	gateway	list-ps0	GREEN
vpc	gateway	list-ps1	GREEN
vpc	gateway	list-ps-huge	GREEN
vpc	gateway	list-timed	GREEN
vpc	gateway	list-unknown-field	GREEN
vpc	gateway	list-with-empty-header	GREEN
vpc	gateway	lop-nx	GREEN
vpc	gateway	lst-1001	GREEN
vpc	gateway	lst-case	GREEN
vpc	gateway	lst-dup	GREEN
vpc	gateway	lst-empty-filter	GREEN
vpc	gateway	lst-excludes	GREEN
vpc	gateway	lst-fsc	GREEN
vpc	gateway	lst-includes-lst655	GREEN
vpc	gateway	lst-max	GREEN
vpc	gateway	lst-neg	GREEN
vpc	gateway	lst-sqli	GREEN
vpc	gateway	patch-multi-rya645	GREEN
vpc	gateway	patch-name-only-rya650	GREEN
vpc	gateway	patch-nx	GREEN
vpc	gateway	patch-nx	GREEN
vpc	gateway	patch-rya634	GREEN
vpc	gateway	patch-rya636	GREEN
vpc	gateway	patch-rya639	GREEN
vpc	gateway	patch-rya642	GREEN
vpc	gateway	patch-unknown-mask	GREEN
vpc	gateway	poll-op-1017	GREEN
vpc	gateway	poll-op-1017	GREEN
vpc	gateway	poll-op-1018	GREEN
vpc	gateway	poll-op-1019	GREEN
vpc	gateway	poll-op-1019	GREEN
vpc	gateway	poll-op-1019	GREEN
vpc	gateway	poll-op-1020	GREEN
vpc	gateway	poll-op-1021	GREEN
vpc	gateway	poll-op-1021	GREEN
vpc	gateway	poll-op-1022	GREEN
vpc	gateway	poll-op-1023	GREEN
vpc	gateway	poll-op-1024	GREEN
vpc	gateway	poll-op-1024	GREEN
vpc	gateway	poll-op-1025	GREEN
vpc	gateway	poll-op-1026	GREEN
vpc	gateway	poll-op-1026	GREEN
vpc	gateway	poll-op-1027	GREEN
vpc	gateway	poll-op-1028	GREEN
vpc	gateway	poll-op-1029	GREEN
vpc	gateway	poll-op-1029	GREEN
vpc	gateway	poll-op-1030	GREEN
vpc	gateway	poll-op-1031	GREEN
vpc	gateway	poll-op-1032	GREEN
vpc	gateway	poll-op-1032	GREEN
vpc	gateway	poll-op-1033	GREEN
vpc	gateway	poll-op-1034	GREEN
vpc	gateway	poll-op-1035	GREEN
vpc	gateway	poll-op-1035	GREEN
vpc	gateway	poll-op-1035	GREEN
vpc	gateway	poll-op-1035	GREEN
vpc	gateway	poll-op-1036	GREEN
vpc	gateway	poll-op-1037	GREEN
vpc	gateway	poll-op-1037	GREEN
vpc	gateway	poll-op-1038	GREEN
vpc	gateway	poll-op-1038	GREEN
vpc	gateway	poll-op-1039	GREEN
vpc	gateway	poll-op-1040	GREEN
vpc	gateway	poll-op-1040	GREEN
vpc	gateway	poll-op-1041	GREEN
vpc	gateway	poll-op-1042	GREEN
vpc	gateway	poll-op-1042	GREEN
vpc	gateway	poll-op-1042	GREEN
vpc	gateway	poll-op-1043	GREEN
vpc	gateway	poll-op-1044	GREEN
vpc	gateway	poll-op-1045	GREEN
vpc	gateway	poll-op-1045	GREEN
vpc	gateway	poll-op-1045	GREEN
vpc	gateway	poll-op-1046	GREEN
vpc	gateway	poll-op-1047	GREEN
vpc	gateway	poll-op-1047	GREEN
vpc	gateway	poll-op-1047	GREEN
vpc	gateway	poll-op-1048	GREEN
vpc	gateway	poll-op-1049	GREEN
vpc	gateway	post-no-ct	GREEN
vpc	gateway	put-list	GREEN
vpc	gateway	_SETUP-ZONES — resolve live geo zone ids (zoneA..D)	NO-ASSERTIONS
vpc	gateway	_SETUP-ZONES — resolve live geo zone ids (zoneA..D)	NO-ASSERTIONS
vpc	gateway	upd-empty-mask	GREEN
vpc	gateway	upd	GREEN
vpc	gateway	upd	GREEN
vpc	gateway	upd-multi-unknown	GREEN
vpc	gateway	upd-project_id	GREEN
vpc	gateway	upd-project-via-mask	GREEN
vpc	gateway	verify-all-rya646	GREEN
vpc	gateway	verify-rya637	GREEN
vpc	gateway	verify-rya640	GREEN
vpc	gateway	verify-rya643	GREEN
vpc	gateway	verify-rya651	GREEN
vpc	internal-network	cleanup-delete	GREEN
vpc	internal-network	cleanup-delete	GREEN
vpc	internal-network	cleanup-delete	GREEN
vpc	internal-network	cleanup-delete	GREEN
vpc	internal-network	create	GREEN
vpc	internal-network	create	GREEN
vpc	internal-network	create	GREEN
vpc	internal-network	create	GREEN
vpc	internal-network	get-internal-after	GREEN
vpc	internal-network	get-internal-before-rya658	GREEN
vpc	internal-network	get-internal-garbage	GREEN
vpc	internal-network	get-internal-nx	GREEN
vpc	internal-network	get-internal-rya656	GREEN
vpc	internal-network	get-public-no-vrfid	GREEN
vpc	internal-network	list-no-vrfid-lst657	GREEN
vpc	internal-network	poll-op-1050	GREEN
vpc	internal-network	poll-op-1051	GREEN
vpc	internal-network	poll-op-1052	GREEN
vpc	internal-network	poll-op-1053	GREEN
vpc	internal-network	poll-op-1054	GREEN
vpc	internal-network	_SETUP-ZONES — resolve live geo zone ids (zoneA..D)	NO-ASSERTIONS
vpc	internal-network	_SETUP-ZONES — resolve live geo zone ids (zoneA..D)	NO-ASSERTIONS
vpc	internal-network	update-name	GREEN
vpc	internal-network	update-vrfid-rejected	GREEN
vpc	internal-pool	add-dup	GREEN
vpc	internal-pool	add-overlap	GREEN
vpc	internal-pool	add-v4	GREEN
vpc	internal-pool	alloc-1	GREEN
vpc	internal-pool	alloc-2	GREEN
vpc	internal-pool	alloc-3-fails	GREEN
vpc	internal-pool	bind-again	GREEN
vpc	internal-pool	bind-bad-net	GREEN
vpc	internal-pool	bind-rya659	GREEN
vpc	internal-pool	bind-rya660	GREEN
vpc	internal-pool	bind-rya661	GREEN
vpc	internal-pool	bind-rya662	GREEN
vpc	internal-pool	check-op-failed	GREEN
vpc	internal-pool	cleanup-a	GREEN
vpc	internal-pool	cleanup-base	GREEN
vpc	internal-pool	cleanup-b	GREEN
vpc	internal-pool	cleanup-disjoint	GREEN
vpc	internal-pool	cleanup	GREEN
vpc	internal-pool	cleanup	GREEN
vpc	internal-pool	cleanup	GREEN
vpc	internal-pool	cleanup	GREEN
vpc	internal-pool	cleanup	GREEN
vpc	internal-pool	cleanup	GREEN
vpc	internal-pool	cleanup	GREEN
vpc	internal-pool	cleanup	GREEN
vpc	internal-pool	cleanup	GREEN
vpc	internal-pool	cleanup	GREEN
vpc	internal-pool	cr-addr	GREEN
vpc	internal-pool	cr-addr-v4	GREEN
vpc	internal-pool	cr-addr-v4	GREEN
vpc	internal-pool	cr-addr-v6	GREEN
vpc	internal-pool	cr-a	GREEN
vpc	internal-pool	cr-bad-zone	GREEN
vpc	internal-pool	cr-base	GREEN
vpc	internal-pool	cr-b	GREEN
vpc	internal-pool	cr-both-empty	GREEN
vpc	internal-pool	cr-disjoint	GREEN
vpc	internal-pool	cr-ds	GREEN
vpc	internal-pool	cr-ds-pool	GREEN
vpc	internal-pool	cr-dup-default	GREEN
vpc	internal-pool	create	GREEN
vpc	internal-pool	create	GREEN
vpc	internal-pool	create	GREEN
vpc	internal-pool	cr-hostbits	GREEN
vpc	internal-pool	cr-net	GREEN
vpc	internal-pool	cr-net	GREEN
vpc	internal-pool	cr-net	GREEN
vpc	internal-pool	cr-net	GREEN
vpc	internal-pool	cr-no-kind	GREEN
vpc	internal-pool	cr-no-name	GREEN
vpc	internal-pool	cr-overlap	GREEN
vpc	internal-pool	cr-pool	GREEN
vpc	internal-pool	cr-pool	GREEN
vpc	internal-pool	cr-pool	GREEN
vpc	internal-pool	cr-pool	GREEN
vpc	internal-pool	cr-pool	GREEN
vpc	internal-pool	cr-pool	GREEN
vpc	internal-pool	cr-pool	GREEN
vpc	internal-pool	cr-pool-v4only	GREEN
vpc	internal-pool	cr-pool-v6only	GREEN
vpc	internal-pool	cr-v4-in-v6	GREEN
vpc	internal-pool	cr-v6	GREEN
vpc	internal-pool	cr-v6-in-v4	GREEN
vpc	internal-pool	cr-v6only	GREEN
vpc	internal-pool	del-1	GREEN
vpc	internal-pool	del-2	GREEN
vpc	internal-pool	del-addr	NO-ASSERTIONS
vpc	internal-pool	delete	GREEN
vpc	internal-pool	del-garbage	GREEN
vpc	internal-pool	del-net	GREEN
vpc	internal-pool	del-net	NO-ASSERTIONS
vpc	internal-pool	del-net	NO-ASSERTIONS
vpc	internal-pool	del-net	NO-ASSERTIONS
vpc	internal-pool	del-pool	GREEN
vpc	internal-pool	del-pool	GREEN
vpc	internal-pool	del-pool	GREEN
vpc	internal-pool	del-pool	GREEN
vpc	internal-pool	del-pool	GREEN
vpc	internal-pool	del-pool	GREEN
vpc	internal-pool	del-v4	NO-ASSERTIONS
vpc	internal-pool	del-v6	NO-ASSERTIONS
vpc	internal-pool	get-404	GREEN
vpc	internal-pool	get-addr	GREEN
vpc	internal-pool	get-garbage	GREEN
vpc	internal-pool	get	GREEN
vpc	internal-pool	get-v4	GREEN
vpc	internal-pool	get-v6	GREEN
vpc	internal-pool	list-addr	GREEN
vpc	internal-pool	list-addr	GREEN
vpc	internal-pool	list-addr-paged	GREEN
vpc	internal-pool	list-by-kind	GREEN
vpc	internal-pool	list-by-zone	GREEN
vpc	internal-pool	list	GREEN
vpc	internal-pool	list-includes	GREEN
vpc	internal-pool	patch	GREEN
vpc	internal-pool	patch-immutable	GREEN
vpc	internal-pool	poll-op-1055	GREEN
vpc	internal-pool	poll-op-1056	GREEN
vpc	internal-pool	poll-op-1057	GREEN
vpc	internal-pool	poll-op-1057	GREEN
vpc	internal-pool	poll-op-1058	GREEN
vpc	internal-pool	poll-op-1058	GREEN
vpc	internal-pool	poll-op-1059	GREEN
vpc	internal-pool	poll-op-1060	GREEN
vpc	internal-pool	poll-op-1061	GREEN
vpc	internal-pool	poll-op-1062	GREEN
vpc	internal-pool	poll-op-1062	GREEN
vpc	internal-pool	poll-op-1063	GREEN
vpc	internal-pool	poll-op-1063	GREEN
vpc	internal-pool	poll-op-1064	GREEN
vpc	internal-pool	poll-op-1065	GREEN
vpc	internal-pool	poll-op-1066	GREEN
vpc	internal-pool	poll-op-1067	GREEN
vpc	internal-pool	poll-op-1068	GREEN
vpc	internal-pool	poll-op-1069	GREEN
vpc	internal-pool	poll-op-1069	GREEN
vpc	internal-pool	poll-op-1070	GREEN
vpc	internal-pool	poll-op-1070	GREEN
vpc	internal-pool	poll-op-1071	GREEN
vpc	internal-pool	poll-op-1072	GREEN
vpc	internal-pool	poll-op-1073	GREEN
vpc	internal-pool	remove-inuse	GREEN
vpc	internal-pool	remove-last	GREEN
vpc	internal-pool	remove-v4	GREEN
vpc	internal-pool	seed-pool-id	GREEN
vpc	internal-pool	_SETUP-POOL — ensure default EXTERNAL_PUBLIC pool at zoneA	NO-ASSERTIONS
vpc	internal-pool	_SETUP-ZONES — resolve live geo zone ids (zoneA..D)	NO-ASSERTIONS
vpc	internal-pool	_SETUP-ZONES — resolve live geo zone ids (zoneA..D)	NO-ASSERTIONS
vpc	internal-pool	unbind-again	GREEN
vpc	internal-pool	unbind	GREEN
vpc	internal-pool	unbind	GREEN
vpc	internal-pool	unbind	GREEN
vpc	internal-pool	unbind	GREEN
vpc	internal-pool	unbind-noop	GREEN
vpc	internal-pool	util-garbage	GREEN
vpc	internal-pool	util	GREEN
vpc	internal-pool	verify-1	GREEN
vpc	internal-pool	verify-1	GREEN
vpc	internal-pool	verify-2	GREEN
vpc	internal-pool	verify-2	GREEN
vpc	internal-pool	verify-3-fails	GREEN
vpc	internal-pool	verify-3-fails	GREEN
vpc	internal-pool	verify-b	GREEN
vpc	internal-pool	verify	GREEN
vpc	internal-pool	verify	GREEN
vpc	internal-pool	verify	GREEN
vpc	internal-pool	verify-unchanged	GREEN
vpc	list-filter-d	Get hidden subnet as subset-viewer	GREEN
vpc	list-filter-d	Get visible subnet as subset-viewer	GREEN
vpc	list-filter-d	List subnets as no-grant subject-rya665	GREEN
vpc	list-filter-d	List subnets as subset-viewer (hidden absent)-rya664	GREEN
vpc	list-filter-d	List subnets as subset-viewer-rya663	GREEN
vpc	list-filter-d	_SETUP-ZONES — resolve live geo zone ids (zoneA..D)	NO-ASSERTIONS
vpc	list-filter-d	_SETUP-ZONES — resolve live geo zone ids (zoneA..D)	NO-ASSERTIONS
vpc	network	assert-net-deleted	GREEN
vpc	network	assert-success	GREEN
vpc	network	check-default-sg	GREEN
vpc	network	cleanup-delete	GREEN
vpc	network	cleanup-delete	GREEN
vpc	network	cleanup-first	GREEN
vpc	network	cleanup-first	NO-ASSERTIONS
vpc	network	cleanup	GREEN
vpc	network	cleanup	GREEN
vpc	network	cleanup	GREEN
vpc	network	cleanup	GREEN
vpc	network	cleanup-net	GREEN
vpc	network	cleanup-net	NO-ASSERTIONS
vpc	network	cleanup-net	NO-ASSERTIONS
vpc	network	cleanup-net	NO-ASSERTIONS
vpc	network	cleanup-nic	GREEN
vpc	network	cleanup	NO-ASSERTIONS
vpc	network	cleanup	NO-ASSERTIONS
vpc	network	cleanup-rt	NO-ASSERTIONS
vpc	network	cleanup-rya681	GREEN
vpc	network	cleanup-rya683	GREEN
vpc	network	cleanup-rya686	NO-ASSERTIONS
vpc	network	cleanup-rya689	NO-ASSERTIONS
vpc	network	cleanup-rya692	NO-ASSERTIONS
vpc	network	cleanup-rya695	NO-ASSERTIONS
vpc	network	cleanup-rya697	NO-ASSERTIONS
vpc	network	cleanup-rya700	NO-ASSERTIONS
vpc	network	cleanup-sg	NO-ASSERTIONS
vpc	network	cleanup-sub	GREEN
vpc	network	cleanup-sub	NO-ASSERTIONS
vpc	network	cr-1	GREEN
vpc	network	cr-2	GREEN
vpc	network	cr-bad-desc	GREEN
vpc	network	cr-bad-type	GREEN
vpc	network	cr-cmd	GREEN
vpc	network	cr-desc-max	GREEN
vpc	network	cr-desc-over	GREEN
vpc	network	cr-digit	GREEN
vpc	network	cr-dup	GREEN
vpc	network	create-bad-project	GREEN
vpc	network	create-first	GREEN
vpc	network	create	GREEN
vpc	network	create	GREEN
vpc	network	create	GREEN
vpc	network	create	GREEN
vpc	network	create	GREEN
vpc	network	create	GREEN
vpc	network	create	GREEN
vpc	network	create	GREEN
vpc	network	create	GREEN
vpc	network	create	GREEN
vpc	network	create	GREEN
vpc	network	create	GREEN
vpc	network	create	GREEN
vpc	network	create	GREEN
vpc	network	create-in-A	GREEN
vpc	network	create-no-project	GREEN
vpc	network	create-second-same-name	GREEN
vpc	network	cr-empty-body	GREEN
vpc	network	cr-empty	GREEN
vpc	network	cr-first	GREEN
vpc	network	cr	GREEN
vpc	network	cr	GREEN
vpc	network	cr	GREEN
vpc	network	cr-hyphen	GREEN
vpc	network	cr-lbl-bad	GREEN
vpc	network	cr-lbl-max	GREEN
vpc	network	cr-lbl-over	GREEN
vpc	network	cr-lbl-upper	GREEN
vpc	network	cr-longpayload	GREEN
vpc	network	cr-malformed	GREEN
vpc	network	cr-max63	GREEN
vpc	network	cr-net	GREEN
vpc	network	cr-net	GREEN
vpc	network	cr-net	GREEN
vpc	network	cr-net	GREEN
vpc	network	cr-net	GREEN
vpc	network	cr-net	GREEN
vpc	network	cr-net	GREEN
vpc	network	cr-nic	GREEN
vpc	network	cr-no-name	GREEN
vpc	network	cr-no-projectId	GREEN
vpc	network	cr-nullbyte	GREEN
vpc	network	cr-null	GREEN
vpc	network	cr-over	GREEN
vpc	network	cr-path	GREEN
vpc	network	cr-rt	GREEN
vpc	network	cr-sg	GREEN
vpc	network	cr-special	GREEN
vpc	network	cr-sqli	GREEN
vpc	network	cr-sub	GREEN
vpc	network	cr-sub	GREEN
vpc	network	cr-union	GREEN
vpc	network	cr-upper	GREEN
vpc	network	cr-xss	GREEN
vpc	network	delete-happy-rya682	GREEN
vpc	network	delete-invalid-prefix	GREEN
vpc	network	delete-nonexistent	GREEN
vpc	network	del	GREEN
vpc	network	del	GREEN
vpc	network	del-list	GREEN
vpc	network	del-net-blocked	GREEN
vpc	network	del-net-blocked	GREEN
vpc	network	del-net-blocked	GREEN
vpc	network	del-net-blocked	GREEN
vpc	network	del-net	GREEN
vpc	network	del-net	GREEN
vpc	network	del-net	GREEN
vpc	network	del-nx	GREEN
vpc	network	get-1-rya704	GREEN
vpc	network	get-404	GREEN
vpc	network	get-after-delete	GREEN
vpc	network	get-after-del	GREEN
vpc	network	get-after-upd	GREEN
vpc	network	get-conf	GREEN
vpc	network	get-confirms-rya677	GREEN
vpc	network	get-default-sg-alive-rya703	GREEN
vpc	network	get-default-sg-gone	GREEN
vpc	network	get-default-sg-id-rya702	GREEN
vpc	network	get-empty	GREEN
vpc	network	get-garbage	GREEN
vpc	network	get	GREEN
vpc	network	get-no-vpnid-rya678	GREEN
vpc	network	get-timed-rya701	GREEN
vpc	network	get-trail	GREEN
vpc	network-interface	add-v6-cidr-rya676	GREEN
vpc	network-interface	assert-addr-deleted	GREEN
vpc	network-interface	assert-create-ok	GREEN
vpc	network-interface	assert-create-ok	GREEN
vpc	network-interface	assert-create-ok	GREEN
vpc	network-interface	assert-deleted	GREEN
vpc	network-interface	assert-dup-failed	GREEN
vpc	network-interface	assert-nf	GREEN
vpc	network-interface	assert-nic-created	GREEN
vpc	network-interface	assert-nic-ok	GREEN
vpc	network-interface	cleanup-addr	GREEN
vpc	network-interface	cleanup-addr	GREEN
vpc	network-interface	cleanup-net	GREEN
vpc	network-interface	cleanup-net	GREEN
vpc	network-interface	cleanup-net	GREEN
vpc	network-interface	cleanup-net	GREEN
vpc	network-interface	cleanup-net	GREEN
vpc	network-interface	cleanup-net	GREEN
vpc	network-interface	cleanup-net	GREEN
vpc	network-interface	cleanup-net	GREEN
vpc	network-interface	cleanup-net	GREEN
vpc	network-interface	cleanup-net	GREEN
vpc	network-interface	cleanup-net	GREEN
vpc	network-interface	cleanup-net	GREEN
vpc	network-interface	cleanup-net	GREEN
vpc	network-interface	cleanup-nic	GREEN
vpc	network-interface	cleanup-nic	GREEN
vpc	network-interface	cleanup-nic	GREEN
vpc	network-interface	cleanup-nic	GREEN
vpc	network-interface	cleanup-nic	GREEN
vpc	network-interface	cleanup-nic	GREEN
vpc	network-interface	cleanup-nic	GREEN
vpc	network-interface	cleanup-nic	GREEN
vpc	network-interface	cleanup-nic	GREEN
vpc	network-interface	cleanup-sg	GREEN
vpc	network-interface	cleanup-subnet	GREEN
vpc	network-interface	cleanup-subnet	GREEN
vpc	network-interface	cleanup-subnet	GREEN
vpc	network-interface	cleanup-subnet	GREEN
vpc	network-interface	cleanup-subnet	GREEN
vpc	network-interface	cleanup-subnet	GREEN
vpc	network-interface	cleanup-subnet	GREEN
vpc	network-interface	cleanup-subnet	GREEN
vpc	network-interface	cleanup-subnet	GREEN
vpc	network-interface	cleanup-subnet	GREEN
vpc	network-interface	cleanup-subnet	GREEN
vpc	network-interface	cleanup-subnet	GREEN
vpc	network-interface	cleanup-subnet	GREEN
vpc	network-interface	cleanup-v4-addr	GREEN
vpc	network-interface	cleanup-v6-addr	GREEN
vpc	network-interface	create-1	GREEN
vpc	network-interface	create-2-dup	GREEN
vpc	network-interface	create-addr-A	GREEN
vpc	network-interface	create-addrA-v6	GREEN
vpc	network-interface	create-addr-B	GREEN
vpc	network-interface	create-addrB-v6	GREEN
vpc	network-interface	create-addr	GREEN
vpc	network-interface	create-addr	GREEN
vpc	network-interface	create-bad-subnet	GREEN
vpc	network-interface	create-nic-2v4	GREEN
vpc	network-interface	create-nic-2v6	GREEN
vpc	network-interface	create-nic	GREEN
vpc	network-interface	create-nic	GREEN
vpc	network-interface	create-nic	GREEN
vpc	network-interface	create-nic	GREEN
vpc	network-interface	create-nic	GREEN
vpc	network-interface	create-nic-with-addr	GREEN
vpc	network-interface	create-nic-with-addr	GREEN
vpc	network-interface	create-nic-with-sg	GREEN
vpc	network-interface	create-nic-with-v6-addr	GREEN
vpc	network-interface	create-sg	GREEN
vpc	network-interface	create-v6-addr	GREEN
vpc	network-interface	cr-nic-both	GREEN
vpc	network-interface	cr-v4-addr	GREEN
vpc	network-interface	cr-v6-addr	GREEN
vpc	network-interface	del-addrA	GREEN
vpc	network-interface	del-addrA-v6	GREEN
vpc	network-interface	del-addrB	GREEN
vpc	network-interface	del-addr-blocked	GREEN
vpc	network-interface	del-addrB-v6	GREEN
vpc	network-interface	del-addr-ok	GREEN
vpc	network-interface	del-nic	GREEN
vpc	network-interface	del-nic-rya671	GREEN
vpc	network-interface	get-addr-gone	GREEN
vpc	network-interface	get-after-upd-rya670	GREEN
vpc	network-interface	get-gone	GREEN
vpc	network-interface	get-net-for-sg-rya669	GREEN
vpc	network-interface	get-nic-mac-rya667	GREEN
vpc	network-interface	get-nic-mac-stable	GREEN
vpc	network-interface	get-nic-rya666	GREEN
vpc	network-interface	get-nic-rya672	GREEN
vpc	network-interface	get-nic-rya673	GREEN
vpc	network-interface	get-nic-rya674	GREEN
vpc	network-interface	get-nic-rya675	GREEN
vpc	network-interface	list-lst668	GREEN
vpc	network-interface	list-no-project	GREEN
vpc	network-interface	patch-nic	GREEN
vpc	network-interface	poll-op-1074	GREEN
vpc	network-interface	poll-op-1075	GREEN
vpc	network-interface	poll-op-1076	GREEN
vpc	network-interface	poll-op-1076	GREEN
vpc	network-interface	poll-op-1077	GREEN
vpc	network-interface	poll-op-1078	GREEN
vpc	network-interface	poll-op-1079	GREEN
vpc	network-interface	poll-op-1080	GREEN
vpc	network-interface	poll-op-1081	GREEN
vpc	network-interface	poll-op-1082	GREEN
vpc	network-interface	poll-op-1082	GREEN
vpc	network-interface	poll-op-1082	GREEN
vpc	network-interface	poll-op-1083	GREEN
vpc	network-interface	poll-op-1084	GREEN
vpc	network-interface	poll-op-1085	GREEN
vpc	network-interface	poll-op-1086	GREEN
vpc	network-interface	poll-op-1087	GREEN
vpc	network-interface	poll-op-1088	GREEN
vpc	network-interface	poll-op-1089	GREEN
vpc	network-interface	poll-op-1089	GREEN
vpc	network-interface	poll-op-1089	GREEN
vpc	network-interface	poll-op-1090	GREEN
vpc	network-interface	poll-op-1091	GREEN
vpc	network-interface	poll-op-1092	GREEN
vpc	network-interface	poll-op-1093	GREEN
vpc	network-interface	poll-op-1094	GREEN
vpc	network-interface	poll-op-1095	GREEN
vpc	network-interface	poll-op-1096	GREEN
vpc	network-interface	poll-op-1097	GREEN
vpc	network-interface	poll-op-1097	GREEN
vpc	network-interface	poll-op-1098	GREEN
vpc	network-interface	poll-op-1099	GREEN
vpc	network-interface	poll-op-1100	GREEN
vpc	network-interface	poll-op-1101	GREEN
vpc	network-interface	poll-op-1102	GREEN
vpc	network-interface	poll-op-1103	GREEN
vpc	network-interface	poll-op-1103	GREEN
vpc	network-interface	poll-op-1104	GREEN
vpc	network-interface	poll-op-1105	GREEN
vpc	network-interface	poll-op-1106	GREEN
vpc	network-interface	poll-op-1107	GREEN
vpc	network-interface	poll-op-1108	GREEN
vpc	network-interface	poll-op-1109	GREEN
vpc	network-interface	poll-op-1110	GREEN
vpc	network-interface	poll-op-1110	GREEN
vpc	network-interface	poll-op-1111	GREEN
vpc	network-interface	poll-op-1112	GREEN
vpc	network-interface	poll-op-1113	GREEN
vpc	network-interface	poll-op-1114	GREEN
vpc	network-interface	poll-op-1115	GREEN
vpc	network-interface	poll-op-1116	GREEN
vpc	network-interface	poll-op-1116	GREEN
vpc	network-interface	poll-op-1117	GREEN
vpc	network-interface	poll-op-1117	GREEN
vpc	network-interface	poll-op-1118	GREEN
vpc	network-interface	poll-op-1119	GREEN
vpc	network-interface	poll-op-1120	GREEN
vpc	network-interface	poll-op-1121	GREEN
vpc	network-interface	poll-op-1122	GREEN
vpc	network-interface	poll-op-1123	GREEN
vpc	network-interface	poll-op-1124	GREEN
vpc	network-interface	poll-op-1124	GREEN
vpc	network-interface	poll-op-1125	GREEN
vpc	network-interface	poll-op-1125	GREEN
vpc	network-interface	poll-op-1126	GREEN
vpc	network-interface	poll-op-1127	GREEN
vpc	network-interface	poll-op-1128	GREEN
vpc	network-interface	poll-op-1129	GREEN
vpc	network-interface	poll-op-1130	GREEN
vpc	network-interface	poll-op-1131	GREEN
vpc	network-interface	poll-op-1132	GREEN
vpc	network-interface	poll-op-1132	GREEN
vpc	network-interface	poll-op-1133	GREEN
vpc	network-interface	poll-op-1133	GREEN
vpc	network-interface	poll-op-1134	GREEN
vpc	network-interface	poll-op-1134	GREEN
vpc	network-interface	poll-op-1134	GREEN
vpc	network-interface	poll-op-1135	GREEN
vpc	network-interface	poll-op-1136	GREEN
vpc	network-interface	poll-op-1137	GREEN
vpc	network-interface	poll-op-1138	GREEN
vpc	network-interface	poll-op-1139	GREEN
vpc	network-interface	poll-op-1140	GREEN
vpc	network-interface	poll-op-1141	GREEN
vpc	network-interface	poll-op-1142	GREEN
vpc	network-interface	poll-op-1142	GREEN
vpc	network-interface	poll-op-1143	GREEN
vpc	network-interface	poll-op-1143	GREEN
vpc	network-interface	poll-op-1144	GREEN
vpc	network-interface	poll-op-1145	GREEN
vpc	network-interface	poll-op-1146	GREEN
vpc	network-interface	poll-op-1147	GREEN
vpc	network-interface	poll-op-1148	GREEN
vpc	network-interface	poll-op-1149	GREEN
vpc	network-interface	poll-op-1150	GREEN
vpc	network-interface	poll-op-1150	GREEN
vpc	network-interface	poll-op-1151	GREEN
vpc	network-interface	poll-op-1151	GREEN
vpc	network-interface	poll-op-1152	GREEN
vpc	network-interface	poll-op-1153	GREEN
vpc	network-interface	poll-op-1154	GREEN
vpc	network-interface	poll-op-1155	GREEN
vpc	network-interface	poll-op-1156	GREEN
vpc	network-interface	poll-op-1157	GREEN
vpc	network-interface	poll-op-1158	GREEN
vpc	network-interface	poll-op-1158	GREEN
vpc	network-interface	poll-op-1159	GREEN
vpc	network-interface	poll-op-1159	GREEN
vpc	network-interface	poll-op-1160	GREEN
vpc	network-interface	poll-op-1161	GREEN
vpc	network-interface	poll-op-1162	GREEN
vpc	network-interface	poll-op-1163	GREEN
vpc	network-interface	poll-op-1164	GREEN
vpc	network-interface	poll-op-1165	GREEN
vpc	network-interface	poll-op-1166	GREEN
vpc	network-interface	poll-op-1167	GREEN
vpc	network-interface	poll-op-1167	GREEN
vpc	network-interface	poll-op-1168	GREEN
vpc	network-interface	poll-op-1168	GREEN
vpc	network-interface	poll-op-1169	GREEN
vpc	network-interface	poll-op-1170	GREEN
vpc	network-interface	poll-op-1171	GREEN
vpc	network-interface	poll-op-1172	GREEN
vpc	network-interface	pre-net	GREEN
vpc	network-interface	pre-net	GREEN
vpc	network-interface	pre-net	GREEN
vpc	network-interface	pre-net	GREEN
vpc	network-interface	pre-net	GREEN
vpc	network-interface	pre-net	GREEN
vpc	network-interface	pre-net	GREEN
vpc	network-interface	pre-net	GREEN
vpc	network-interface	pre-net	GREEN
vpc	network-interface	pre-net	GREEN
vpc	network-interface	pre-net	GREEN
vpc	network-interface	pre-net	GREEN
vpc	network-interface	pre-net	GREEN
vpc	network-interface	pre-subnet	GREEN
vpc	network-interface	pre-subnet	GREEN
vpc	network-interface	pre-subnet	GREEN
vpc	network-interface	pre-subnet	GREEN
vpc	network-interface	pre-subnet	GREEN
vpc	network-interface	pre-subnet	GREEN
vpc	network-interface	pre-subnet	GREEN
vpc	network-interface	pre-subnet	GREEN
vpc	network-interface	pre-subnet	GREEN
vpc	network-interface	pre-subnet	GREEN
vpc	network-interface	pre-subnet	GREEN
vpc	network-interface	pre-subnet	GREEN
vpc	network-interface	pre-subnet	GREEN
vpc	network-interface	_SETUP-ZONES — resolve live geo zone ids (zoneA..D)	NO-ASSERTIONS
vpc	network-interface	_SETUP-ZONES — resolve live geo zone ids (zoneA..D)	NO-ASSERTIONS
vpc	network-interface	update-nic-name	GREEN
vpc	network	list-5	GREEN
vpc	network	list-bad-filter	GREEN
vpc	network	list-bad-token	GREEN
vpc	network	list-child	GREEN
vpc	network	list-child	GREEN
vpc	network	list-child	GREEN
vpc	network	list-child	GREEN
vpc	network	list-filtered-lst696	GREEN
vpc	network	list-filter	GREEN
vpc	network	list	GREEN
vpc	network	list-in-B	GREEN
vpc	network	list-no-project	GREEN
vpc	network	listops-after-delete	GREEN
vpc	network	listops-before	GREEN
vpc	network	list-ops	GREEN
vpc	network	list-p1	GREEN
vpc	network	list-p2	GREEN
vpc	network	list-pagesize-0	GREEN
vpc	network	list-pagesize-huge	GREEN
vpc	network	list-ps1	GREEN
vpc	network	list-rt	GREEN
vpc	network	list-sgs	GREEN
vpc	network	list-subnets	GREEN
vpc	network	list-timed	GREEN
vpc	network	list-unknown-field	GREEN
vpc	network	list-with-empty-header	GREEN
vpc	network	lst-1001	GREEN
vpc	network	lst-dup	GREEN
vpc	network	lst-excludes	GREEN
vpc	network	lst-fsc	GREEN
vpc	network	lst-includes-lst705	GREEN
vpc	network	lst-max	GREEN
vpc	network	lst-multi	GREEN
vpc	network	lst-neg	GREEN
vpc	network	lst-sqli	GREEN
vpc	network	patch-invalid-prefix	GREEN
vpc	network	patch-multi-rya693	GREEN
vpc	network	patch-name-only-rya698	GREEN
vpc	network	patch-nonexistent	GREEN
vpc	network	patch-rya684	GREEN
vpc	network	patch-rya687	GREEN
vpc	network	patch-rya690	GREEN
vpc	network	patch-unknown-mask	GREEN
vpc	network	poll-1	GREEN
vpc	network	poll-op-1173	GREEN
vpc	network	poll-op-1174	GREEN
vpc	network	poll-op-1175	GREEN
vpc	network	poll-op-1176	GREEN
vpc	network	poll-op-1177	GREEN
vpc	network	poll-op-1178	GREEN
vpc	network	poll-op-1179	GREEN
vpc	network	poll-op-1180	GREEN
vpc	network	poll-op-1181	GREEN
vpc	network	poll-op-1182	GREEN
vpc	network	poll-op-1183	GREEN
vpc	network	poll-op-1184	GREEN
vpc	network	poll-op-1185	GREEN
vpc	network	poll-op-1186	GREEN
vpc	network	poll-op-1187	GREEN
vpc	network	poll-op-1188	GREEN
vpc	network	poll-op-1189	GREEN
vpc	network	poll-op-1190	GREEN
vpc	network	poll-op-1191	GREEN
vpc	network	poll-op-1192	GREEN
vpc	network	poll-op-1193	GREEN
vpc	network	poll-op-1194	GREEN
vpc	network	poll-op-1195	GREEN
vpc	network	poll-op-1196	GREEN
vpc	network	poll-op-1197	GREEN
vpc	network	poll-op-1198	GREEN
vpc	network	poll-op-1199	GREEN
vpc	network	poll-op-1200	GREEN
vpc	network	poll-op-1201	GREEN
vpc	network	poll-op-1202	GREEN
vpc	network	poll-op-1203	GREEN
vpc	network	poll-op-1204	GREEN
vpc	network	poll-op-1205	GREEN
vpc	network	poll-op-1206	GREEN
vpc	network	poll-op-1207	GREEN
vpc	network	poll-op-1208	GREEN
vpc	network	poll-op-1209	GREEN
vpc	network	poll-op-1210	GREEN
vpc	network	poll-op-1211	GREEN
vpc	network	poll-op-1212	GREEN
vpc	network	poll-op-1212	GREEN
vpc	network	poll-op-1213	GREEN
vpc	network	poll-op-1214	GREEN
vpc	network	poll-op-1215	GREEN
vpc	network	poll-op-1216	GREEN
vpc	network	poll-op-1216	GREEN
vpc	network	poll-op-1217	GREEN
vpc	network	poll-op-1218	GREEN
vpc	network	poll-op-1219	GREEN
vpc	network	poll-op-1220	GREEN
vpc	network	poll-op-1221	GREEN
vpc	network	poll-op-1222	GREEN
vpc	network	poll-op-1223	GREEN
vpc	network	poll-op-1224	GREEN
vpc	network	poll-op-1225	GREEN
vpc	network	poll-op-1225	GREEN
vpc	network	poll-op-1226	GREEN
vpc	network	poll-op-1226	GREEN
vpc	network	poll-op-1227	GREEN
vpc	network	poll-op-1228	GREEN
vpc	network	poll-op-1229	GREEN
vpc	network	poll-op-1230	GREEN
vpc	network	poll-op-1231	GREEN
vpc	network	poll-op-1232	GREEN
vpc	network	poll-op-1233	GREEN
vpc	network	post-no-ct	GREEN
vpc	network	put-list	GREEN
vpc	network	_SETUP-ZONES — resolve live geo zone ids (zoneA..D)	NO-ASSERTIONS
vpc	network	_SETUP-ZONES — resolve live geo zone ids (zoneA..D)	NO-ASSERTIONS
vpc	network	update-desc-rya679	GREEN
vpc	network	upd-empty-mask	GREEN
vpc	network	upd	GREEN
vpc	network	upd	GREEN
vpc	network	upd-multi-unknown	GREEN
vpc	network	upd-nx	GREEN
vpc	network	upd-project_id	GREEN
vpc	network	upd-project-via-mask	GREEN
vpc	network	verify-all-rya694	GREEN
vpc	network	verify-rya680	GREEN
vpc	network	verify-rya685	GREEN
vpc	network	verify-rya688	GREEN
vpc	network	verify-rya691	GREEN
vpc	network	verify-rya699	GREEN
vpc	observability	list-with-reqid	GREEN
vpc	observability	_SETUP-ZONES — resolve live geo zone ids (zoneA..D)	NO-ASSERTIONS
vpc	observability	_SETUP-ZONES — resolve live geo zone ids (zoneA..D)	NO-ASSERTIONS
vpc	operation	cleanup	GREEN
vpc	operation	cleanup-net	NO-ASSERTIONS
vpc	operation	create-trigger	GREEN
vpc	operation	cr-net	GREEN
vpc	operation	cr-sub	GREEN
vpc	operation	del-sub	GREEN
vpc	operation	get-garbage	GREEN
vpc	operation	get-op	GREEN
vpc	operation	get-vpc-garbage	GREEN
vpc	operation	get-vpc-garbage	GREEN
vpc	operation	listops-after-delete	GREEN
vpc	operation	listops-before	GREEN
vpc	operation	poll-and-verify-shape	GREEN
vpc	operation	poll-and-verify-shape	GREEN
vpc	operation	poll-op-1234	GREEN
vpc	operation	poll-op-1235	GREEN
vpc	operation	poll-op-1236	GREEN
vpc	operation	poll-op-1237	GREEN
vpc	operation	poll-op-1238	GREEN
vpc	operation	_SETUP-ZONES — resolve live geo zone ids (zoneA..D)	NO-ASSERTIONS
vpc	operation	_SETUP-ZONES — resolve live geo zone ids (zoneA..D)	NO-ASSERTIONS
vpc	operation	trigger-fail	GREEN
vpc	route-table	assert-rt-created	GREEN
vpc	route-table	cleanup-first	NO-ASSERTIONS
vpc	route-table	cleanup-net	GREEN
vpc	route-table	cleanup-net	GREEN
vpc	route-table	cleanup-net	GREEN
vpc	route-table	cleanup-net	GREEN
vpc	route-table	cleanup-net	GREEN
vpc	route-table	cleanup-net	GREEN
vpc	route-table	cleanup-net-rya709	GREEN
vpc	route-table	cleanup-net-rya710	GREEN
vpc	route-table	cleanup-net-rya711	GREEN
vpc	route-table	cleanup-net-rya712	GREEN
vpc	route-table	cleanup-net-rya713	GREEN
vpc	route-table	cleanup-net-rya714	GREEN
vpc	route-table	cleanup-net-rya715	GREEN
vpc	route-table	cleanup-net-rya716	GREEN
vpc	route-table	cleanup-net-rya717	GREEN
vpc	route-table	cleanup-net-rya718	GREEN
vpc	route-table	cleanup-net-rya719	GREEN
vpc	route-table	cleanup-net-rya720	GREEN
vpc	route-table	cleanup-net-rya721	GREEN
vpc	route-table	cleanup-net-rya731	GREEN
vpc	route-table	cleanup-net-rya732	GREEN
vpc	route-table	cleanup-net-rya733	GREEN
vpc	route-table	cleanup-net-rya737	GREEN
vpc	route-table	cleanup-net-rya740	GREEN
vpc	route-table	cleanup-net-rya741	GREEN
vpc	route-table	cleanup-net-rya742	GREEN
vpc	route-table	cleanup-net-rya743	GREEN
vpc	route-table	cleanup-net-rya744	GREEN
vpc	route-table	cleanup-net-rya748	GREEN
vpc	route-table	cleanup-net-rya750	GREEN
vpc	route-table	cleanup-net-rya751	GREEN
vpc	route-table	cleanup-net-rya752	GREEN
vpc	route-table	cleanup-net-rya753	GREEN
vpc	route-table	cleanup-net-rya754	GREEN
vpc	route-table	cleanup-net-rya755	GREEN
vpc	route-table	cleanup-net-rya758	GREEN
vpc	route-table	cleanup-net-rya759	GREEN
vpc	route-table	cleanup-net-rya760	GREEN
vpc	route-table	cleanup-net-rya761	GREEN
vpc	route-table	cleanup-net-rya762	GREEN
vpc	route-table	cleanup-net-rya763	GREEN
vpc	route-table	cleanup-net-rya764	GREEN
vpc	route-table	cleanup-net-rya765	GREEN
vpc	route-table	cleanup-net-rya766	GREEN
vpc	route-table	cleanup-net-rya767	GREEN
vpc	route-table	cleanup-net-rya768	GREEN
vpc	route-table	cleanup	NO-ASSERTIONS
vpc	route-table	cleanup-rt	GREEN
vpc	route-table	cleanup-rt	GREEN
vpc	route-table	cleanup-rt	GREEN
vpc	route-table	cleanup-rt	NO-ASSERTIONS
vpc	route-table	cleanup-rya724	NO-ASSERTIONS
vpc	route-table	cleanup-rya727	NO-ASSERTIONS
vpc	route-table	cleanup-rya730	NO-ASSERTIONS
vpc	route-table	cleanup-rya736	NO-ASSERTIONS
vpc	route-table	cleanup-rya739	NO-ASSERTIONS
vpc	route-table	cleanup-rya747	NO-ASSERTIONS
vpc	route-table	cleanup-sub	GREEN
vpc	route-table	cr-bad-desc	GREEN
vpc	route-table	cr-bad-type	GREEN
vpc	route-table	cr-cmd	GREEN
vpc	route-table	cr-desc-max	GREEN
vpc	route-table	cr-desc-over	GREEN
vpc	route-table	cr-digit	GREEN
vpc	route-table	cr-dup	GREEN
vpc	route-table	create	GREEN
vpc	route-table	create	GREEN
vpc	route-table	create	GREEN
vpc	route-table	create	GREEN
vpc	route-table	create	GREEN
vpc	route-table	create	GREEN
vpc	route-table	create	GREEN
vpc	route-table	create	GREEN
vpc	route-table	create-no-network	GREEN
vpc	route-table	create-rt	GREEN
vpc	route-table	create-rt	GREEN
vpc	route-table	create-rt	GREEN
vpc	route-table	create-rt	GREEN
vpc	route-table	create-sub	GREEN
vpc	route-table	cr-empty-body	GREEN
vpc	route-table	cr-empty	GREEN
vpc	route-table	cr-first	GREEN
vpc	route-table	cr	GREEN
vpc	route-table	cr	GREEN
vpc	route-table	cr-hyphen	GREEN
vpc	route-table	cr-lbl-bad	GREEN
vpc	route-table	cr-lbl-max	GREEN
vpc	route-table	cr-lbl-over	GREEN
vpc	route-table	cr-lbl-upper	GREEN
vpc	route-table	cr-longpayload	GREEN
vpc	route-table	cr-malformed	GREEN
vpc	route-table	cr-max63	GREEN
vpc	route-table	cr-net	GREEN
vpc	route-table	cr-no-name	GREEN
vpc	route-table	cr-no-networkId	GREEN
vpc	route-table	cr-no-projectId	GREEN
vpc	route-table	cr-nullbyte	GREEN
vpc	route-table	cr-null	GREEN
vpc	route-table	cr-over	GREEN
vpc	route-table	cr-path	GREEN
vpc	route-table	cr-route	GREEN
vpc	route-table	cr-route	GREEN
vpc	route-table	cr-route	GREEN
vpc	route-table	cr-route	GREEN
vpc	route-table	cr-route	GREEN
vpc	route-table	cr-rt	GREEN
vpc	route-table	cr-special	GREEN
vpc	route-table	cr-sqli	GREEN
vpc	route-table	cr-sub	GREEN
vpc	route-table	cr-union	GREEN
vpc	route-table	cr-upper	GREEN
vpc	route-table	cr-xss	GREEN
vpc	route-table	del	GREEN
vpc	route-table	del-happy-rya708	GREEN
vpc	route-table	del-list	GREEN
vpc	route-table	del-nx	GREEN
vpc	route-table	del-nx	GREEN
vpc	route-table	del-rt	GREEN
vpc	route-table	del-rt	GREEN
vpc	route-table	del-sub	GREEN
vpc	route-table	get-conf	GREEN
vpc	route-table	get-garbage	GREEN
vpc	route-table	get	GREEN
vpc	route-table	get-net-default-rt-rya756	GREEN
vpc	route-table	get-net-default-rt-rya769	GREEN
vpc	route-table	get-rya706	GREEN
vpc	route-table	get-sub-after-rt	GREEN
vpc	route-table	get-sub-before-rt-rya757	GREEN
vpc	route-table	get-timed-rya749	GREEN
vpc	route-table	get-trail	GREEN
vpc	route-table	list-5	GREEN
vpc	route-table	list-bad-filter	GREEN
vpc	route-table	list-bad-token	GREEN
vpc	route-table	list-filtered-lst738	GREEN
vpc	route-table	list-filter	GREEN
vpc	route-table	list	GREEN
vpc	route-table	list-noproject	GREEN
vpc	route-table	list-ops	GREEN
vpc	route-table	list-p1	GREEN
vpc	route-table	list-p2	GREEN
vpc	route-table	list-ps0	GREEN
vpc	route-table	list-ps1	GREEN
vpc	route-table	list-ps-huge	GREEN
vpc	route-table	list-timed	GREEN
vpc	route-table	list-unknown-field	GREEN
vpc	route-table	list-with-empty-header	GREEN
vpc	route-table	lop-nx	GREEN
vpc	route-table	lst-1001	GREEN
vpc	route-table	lst-dup	GREEN
vpc	route-table	lst-fsc	GREEN
vpc	route-table	lst-max	GREEN
vpc	route-table	lst-neg	GREEN
vpc	route-table	lst-sqli	GREEN
vpc	route-table	patch-multi-rya734	GREEN
vpc	route-table	patch-name-only-rya745	GREEN
vpc	route-table	patch-nx	GREEN
vpc	route-table	patch-nx	GREEN
vpc	route-table	patch-rya707	GREEN
vpc	route-table	patch-rya722	GREEN
vpc	route-table	patch-rya725	GREEN
vpc	route-table	patch-rya728	GREEN
vpc	route-table	patch-unknown-mask	GREEN
vpc	route-table	poll-op-1239	GREEN
vpc	route-table	poll-op-1240	GREEN
vpc	route-table	poll-op-1240	GREEN
vpc	route-table	poll-op-1241	GREEN
vpc	route-table	poll-op-1242	GREEN
vpc	route-table	poll-op-1243	GREEN
vpc	route-table	poll-op-1243	GREEN
vpc	route-table	poll-op-1244	GREEN
vpc	route-table	poll-op-1245	GREEN
vpc	route-table	poll-op-1246	GREEN
vpc	route-table	poll-op-1246	GREEN
vpc	route-table	poll-op-1247	GREEN
vpc	route-table	poll-op-1248	GREEN
vpc	route-table	poll-op-1249	GREEN
vpc	route-table	poll-op-1250	GREEN
vpc	route-table	poll-op-1250	GREEN
vpc	route-table	poll-op-1251	GREEN
vpc	route-table	poll-op-1252	GREEN
vpc	route-table	poll-op-1253	GREEN
vpc	route-table	poll-op-1254	GREEN
vpc	route-table	poll-op-1255	GREEN
vpc	route-table	poll-op-1256	GREEN
vpc	route-table	poll-op-1257	GREEN
vpc	route-table	poll-op-1258	GREEN
vpc	route-table	poll-op-1259	GREEN
vpc	route-table	poll-op-1260	GREEN
vpc	route-table	poll-op-1261	GREEN
vpc	route-table	poll-op-1262	GREEN
vpc	route-table	poll-op-1263	GREEN
vpc	route-table	poll-op-1264	GREEN
vpc	route-table	poll-op-1265	GREEN
vpc	route-table	poll-op-1265	GREEN
vpc	route-table	poll-op-1266	GREEN
vpc	route-table	poll-op-1267	GREEN
vpc	route-table	poll-op-1268	GREEN
vpc	route-table	poll-op-1268	GREEN
vpc	route-table	poll-op-1269	GREEN
vpc	route-table	poll-op-1270	GREEN
vpc	route-table	poll-op-1271	GREEN
vpc	route-table	poll-op-1271	GREEN
vpc	route-table	poll-op-1272	GREEN
vpc	route-table	poll-op-1273	GREEN
vpc	route-table	poll-op-1274	GREEN
vpc	route-table	poll-op-1275	GREEN
vpc	route-table	poll-op-1276	GREEN
vpc	route-table	poll-op-1277	GREEN
vpc	route-table	poll-op-1277	GREEN
vpc	route-table	poll-op-1278	GREEN
vpc	route-table	poll-op-1279	GREEN
vpc	route-table	poll-op-1280	GREEN
vpc	route-table	poll-op-1281	GREEN
vpc	route-table	poll-op-1281	GREEN
vpc	route-table	poll-op-1282	GREEN
vpc	route-table	poll-op-1283	GREEN
vpc	route-table	poll-op-1284	GREEN
vpc	route-table	poll-op-1285	GREEN
vpc	route-table	poll-op-1286	GREEN
vpc	route-table	poll-op-1287	GREEN
vpc	route-table	poll-op-1287	GREEN
vpc	route-table	poll-op-1288	GREEN
vpc	route-table	poll-op-1289	GREEN
vpc	route-table	poll-op-1290	GREEN
vpc	route-table	poll-op-1290	GREEN
vpc	route-table	poll-op-1291	GREEN
vpc	route-table	poll-op-1292	GREEN
vpc	route-table	poll-op-1293	GREEN
vpc	route-table	poll-op-1294	GREEN
vpc	route-table	poll-op-1294	GREEN
vpc	route-table	poll-op-1295	GREEN
vpc	route-table	poll-op-1296	GREEN
vpc	route-table	poll-op-1297	GREEN
vpc	route-table	poll-op-1297	GREEN
vpc	route-table	poll-op-1298	GREEN
vpc	route-table	poll-op-1299	GREEN
vpc	route-table	poll-op-1300	GREEN
vpc	route-table	poll-op-1301	GREEN
vpc	route-table	poll-op-1302	GREEN
vpc	route-table	poll-op-1303	GREEN
vpc	route-table	poll-op-1304	GREEN
vpc	route-table	poll-op-1305	GREEN
vpc	route-table	poll-op-1306	GREEN
vpc	route-table	poll-op-1306	GREEN
vpc	route-table	poll-op-1307	GREEN
vpc	route-table	poll-op-1308	GREEN
vpc	route-table	poll-op-1309	GREEN
vpc	route-table	poll-op-1310	GREEN
vpc	route-table	poll-op-1311	GREEN
vpc	route-table	poll-op-1312	GREEN
vpc	route-table	poll-op-1313	GREEN
vpc	route-table	poll-op-1314	GREEN
vpc	route-table	poll-op-1315	GREEN
vpc	route-table	poll-op-1316	GREEN
vpc	route-table	poll-op-1317	GREEN
vpc	route-table	poll-op-1318	GREEN
vpc	route-table	poll-op-1319	GREEN
vpc	route-table	poll-op-1320	GREEN
vpc	route-table	poll-op-1321	GREEN
vpc	route-table	poll-op-1322	GREEN
vpc	route-table	poll-op-1322	GREEN
vpc	route-table	poll-op-1323	GREEN
vpc	route-table	poll-op-1324	GREEN
vpc	route-table	poll-op-1325	GREEN
vpc	route-table	poll-op-1326	GREEN
vpc	route-table	pre-net	GREEN
vpc	route-table	pre-net	GREEN
vpc	route-table	pre-net	GREEN
vpc	route-table	pre-net	GREEN
vpc	route-table	pre-net	GREEN
vpc	route-table	pre-net	GREEN
vpc	route-table	pre-net	GREEN
vpc	route-table	pre-net	GREEN
vpc	route-table	pre-net	GREEN
vpc	route-table	pre-net	GREEN
vpc	route-table	pre-net	GREEN
vpc	route-table	pre-net	GREEN
vpc	route-table	pre-net	GREEN
vpc	route-table	pre-net	GREEN
vpc	route-table	pre-net	GREEN
vpc	route-table	pre-net	GREEN
vpc	route-table	pre-net	GREEN
vpc	route-table	pre-net	GREEN
vpc	route-table	pre-net	GREEN
vpc	route-table	pre-net	GREEN
vpc	route-table	pre-net	GREEN
vpc	route-table	pre-net	GREEN
vpc	route-table	pre-net	GREEN
vpc	route-table	pre-net	GREEN
vpc	route-table	pre-net	GREEN
vpc	route-table	pre-net	GREEN
vpc	route-table	pre-net	GREEN
vpc	route-table	pre-net	GREEN
vpc	route-table	pre-net	GREEN
vpc	route-table	pre-net	GREEN
vpc	route-table	pre-net	GREEN
vpc	route-table	pre-net	GREEN
vpc	route-table	pre-net	GREEN
vpc	route-table	pre-net	GREEN
vpc	route-table	pre-net	GREEN
vpc	route-table	pre-net	GREEN
vpc	route-table	pre-net	GREEN
vpc	route-table	pre-net	GREEN
vpc	route-table	pre-net	GREEN
vpc	route-table	pre-net	GREEN
vpc	route-table	pre-net	GREEN
vpc	route-table	pre-net	GREEN
vpc	route-table	pre-net	GREEN
vpc	route-table	pre-net	GREEN
vpc	route-table	pre-net	GREEN
vpc	route-table	put-list	GREEN
vpc	route-table	_SETUP-ZONES — resolve live geo zone ids (zoneA..D)	NO-ASSERTIONS
vpc	route-table	_SETUP-ZONES — resolve live geo zone ids (zoneA..D)	NO-ASSERTIONS
vpc	route-table	upd-empty-mask	GREEN
vpc	route-table	upd	GREEN
vpc	route-table	upd-multi-unknown	GREEN
vpc	route-table	upd-network_id	GREEN
vpc	route-table	upd-project_id	GREEN
vpc	route-table	upd-project-via-mask	GREEN
vpc	route-table	verify-all-rya735	GREEN
vpc	route-table	verify-rya723	GREEN
vpc	route-table	verify-rya726	GREEN
vpc	route-table	verify-rya729	GREEN
vpc	route-table	verify-rya746	GREEN
vpc	route-table	verify-subnet-rt-null	GREEN
vpc	route-table	verify-subnet-rt-set-rya770	GREEN
vpc	security-group	add-rule-rya786	GREEN
vpc	security-group	assert-nic-created	GREEN
vpc	security-group	assert-op-ok	GREEN
vpc	security-group	assert-op-ok	GREEN
vpc	security-group	assert-op-ok	GREEN
vpc	security-group	assert-sg-delete-blocked	GREEN
vpc	security-group	check-result	GREEN
vpc	security-group	cleanup-first	NO-ASSERTIONS
vpc	security-group	cleanup-net-b	NO-ASSERTIONS
vpc	security-group	cleanup-net-b	NO-ASSERTIONS
vpc	security-group	cleanup-net-b	NO-ASSERTIONS
vpc	security-group	cleanup-net	GREEN
vpc	security-group	cleanup-net-rya772	GREEN
vpc	security-group	cleanup-net-rya774	GREEN
vpc	security-group	cleanup-net-rya776	GREEN
vpc	security-group	cleanup-net-rya779	GREEN
vpc	security-group	cleanup-net-rya780	GREEN
vpc	security-group	cleanup-net-rya781	GREEN
vpc	security-group	cleanup-net-rya783	GREEN
vpc	security-group	cleanup-net-rya785	GREEN
vpc	security-group	cleanup-net-rya788	GREEN
vpc	security-group	cleanup-net-rya789	GREEN
vpc	security-group	cleanup-net-rya790	GREEN
vpc	security-group	cleanup-net-rya791	GREEN
vpc	security-group	cleanup-net-rya792	GREEN
vpc	security-group	cleanup-net-rya793	GREEN
vpc	security-group	cleanup-net-rya794	GREEN
vpc	security-group	cleanup-net-rya795	GREEN
vpc	security-group	cleanup-net-rya796	GREEN
vpc	security-group	cleanup-net-rya797	GREEN
vpc	security-group	cleanup-net-rya798	GREEN
vpc	security-group	cleanup-net-rya799	GREEN
vpc	security-group	cleanup-net-rya800	GREEN
vpc	security-group	cleanup-net-rya801	GREEN
vpc	security-group	cleanup-net-rya811	GREEN
vpc	security-group	cleanup-net-rya812	GREEN
vpc	security-group	cleanup-net-rya813	GREEN
vpc	security-group	cleanup-net-rya817	GREEN
vpc	security-group	cleanup-net-rya820	GREEN
vpc	security-group	cleanup-net-rya821	GREEN
vpc	security-group	cleanup-net-rya822	GREEN
vpc	security-group	cleanup-net-rya823	GREEN
vpc	security-group	cleanup-net-rya824	GREEN
vpc	security-group	cleanup-net-rya828	GREEN
vpc	security-group	cleanup-net-rya830	GREEN
vpc	security-group	cleanup-net-rya832	GREEN
vpc	security-group	cleanup-net-rya834	GREEN
vpc	security-group	cleanup-net-rya836	GREEN
vpc	security-group	cleanup-net-rya838	GREEN
vpc	security-group	cleanup-net-rya840	GREEN
vpc	security-group	cleanup-net-rya842	GREEN
vpc	security-group	cleanup-net-rya844	GREEN
vpc	security-group	cleanup-net-rya846	GREEN
vpc	security-group	cleanup-net-rya848	GREEN
vpc	security-group	cleanup-net-rya850	GREEN
vpc	security-group	cleanup-net-rya851	GREEN
vpc	security-group	cleanup-net-rya852	GREEN
vpc	security-group	cleanup-net-rya853	GREEN
vpc	security-group	cleanup-net-rya854	GREEN
vpc	security-group	cleanup-net-rya855	GREEN
vpc	security-group	cleanup-net-rya856	GREEN
vpc	security-group	cleanup-net-rya857	GREEN
vpc	security-group	cleanup-net-rya858	GREEN
vpc	security-group	cleanup-net-rya859	GREEN
vpc	security-group	cleanup-net-rya860	GREEN
vpc	security-group	cleanup-net-rya861	GREEN
vpc	security-group	cleanup-net-rya863	GREEN
vpc	security-group	cleanup-net-rya865	GREEN
vpc	security-group	cleanup-net-rya866	GREEN
vpc	security-group	cleanup-net-rya868	GREEN
vpc	security-group	cleanup-net-rya870	GREEN
vpc	security-group	cleanup-net-rya873	GREEN
vpc	security-group	cleanup-nic	GREEN
vpc	security-group	cleanup	NO-ASSERTIONS
vpc	security-group	cleanup	NO-ASSERTIONS
vpc	security-group	cleanup-rya804	NO-ASSERTIONS
vpc	security-group	cleanup-rya807	NO-ASSERTIONS
vpc	security-group	cleanup-rya810	NO-ASSERTIONS
vpc	security-group	cleanup-rya816	NO-ASSERTIONS
vpc	security-group	cleanup-rya819	NO-ASSERTIONS
vpc	security-group	cleanup-rya827	NO-ASSERTIONS
vpc	security-group	cleanup-sg-a	NO-ASSERTIONS
vpc	security-group	cleanup-sg-b	NO-ASSERTIONS
vpc	security-group	cleanup-sg	GREEN
vpc	security-group	cleanup-sg	GREEN
vpc	security-group	cleanup-sg	GREEN
vpc	security-group	cleanup-sg	GREEN
vpc	security-group	cleanup-sg	GREEN
vpc	security-group	cleanup-sg	GREEN
vpc	security-group	cleanup-sg	NO-ASSERTIONS
vpc	security-group	cleanup-sg	NO-ASSERTIONS
vpc	security-group	cleanup-sg	NO-ASSERTIONS
vpc	security-group	cleanup-sg	NO-ASSERTIONS
vpc	security-group	cleanup-sg	NO-ASSERTIONS
vpc	security-group	cleanup-sg	NO-ASSERTIONS
vpc	security-group	cleanup-sg	NO-ASSERTIONS
vpc	security-group	cleanup-sg	NO-ASSERTIONS
vpc	security-group	cleanup-sg	NO-ASSERTIONS
vpc	security-group	cleanup-sg	NO-ASSERTIONS
vpc	security-group	cleanup-sg	NO-ASSERTIONS
vpc	security-group	cleanup-sg	NO-ASSERTIONS
vpc	security-group	cleanup-sg	NO-ASSERTIONS
vpc	security-group	cleanup-sg	NO-ASSERTIONS
vpc	security-group	cleanup-sg	NO-ASSERTIONS
vpc	security-group	cleanup-sub	GREEN
vpc	security-group	cleanup-target-a	NO-ASSERTIONS
vpc	security-group	cleanup-target-a	NO-ASSERTIONS
vpc	security-group	cleanup-target-b	NO-ASSERTIONS
vpc	security-group	cleanup-target-b	NO-ASSERTIONS
vpc	security-group	cr-bad-desc	GREEN
vpc	security-group	cr-bad-type	GREEN
vpc	security-group	cr-cmd	GREEN
vpc	security-group	cr-desc-max	GREEN
vpc	security-group	cr-desc-over	GREEN
vpc	security-group	cr-digit	GREEN
vpc	security-group	cr-dup	GREEN
vpc	security-group	create-cross-net	GREEN
vpc	security-group	create	GREEN
vpc	security-group	create	GREEN
vpc	security-group	create	GREEN
vpc	security-group	create	GREEN
vpc	security-group	create	GREEN
vpc	security-group	create	GREEN
vpc	security-group	create	GREEN
vpc	security-group	create	GREEN
vpc	security-group	create	GREEN
vpc	security-group	create-in-a	GREEN
vpc	security-group	create-in-b	GREEN
vpc	security-group	create-nf-net	GREEN
vpc	security-group	create-no-net	GREEN
vpc	security-group	create-same-net	GREEN
vpc	security-group	create-sg-a	GREEN
vpc	security-group	create-sg	GREEN
vpc	security-group	create-sg	GREEN
vpc	security-group	create-sg	GREEN
vpc	security-group	create-sg	GREEN
vpc	security-group	create-sg	GREEN
vpc	security-group	create-sg	GREEN
vpc	security-group	create-sg	GREEN
vpc	security-group	create-sg	GREEN
vpc	security-group	create-sg	GREEN
vpc	security-group	create-sg	GREEN
vpc	security-group	create-sg	GREEN
vpc	security-group	create-sg	GREEN
vpc	security-group	create-sg	GREEN
vpc	security-group	create-sg	GREEN
vpc	security-group	create-sg	GREEN
vpc	security-group	create-sg	GREEN
vpc	security-group	create-target-a	GREEN
vpc	security-group	create-target-a	GREEN
vpc	security-group	create-target-b	GREEN
vpc	security-group	create-target-b	GREEN
vpc	security-group	create-with-net	GREEN
vpc	security-group	cr-empty-body	GREEN
vpc	security-group	cr-empty	GREEN
vpc	security-group	cr-first	GREEN
vpc	security-group	cr	GREEN
vpc	security-group	cr	GREEN
vpc	security-group	cr-hyphen	GREEN
vpc	security-group	cr-lbl-bad	GREEN
vpc	security-group	cr-lbl-max	GREEN
vpc	security-group	cr-lbl-over	GREEN
vpc	security-group	cr-lbl-upper	GREEN
vpc	security-group	cr-longpayload	GREEN
vpc	security-group	cr-malformed	GREEN
vpc	security-group	cr-max63	GREEN
vpc	security-group	cr-net	GREEN
vpc	security-group	cr-net	GREEN
vpc	security-group	cr-nic	GREEN
vpc	security-group	cr-no-name	GREEN
vpc	security-group	cr-no-networkId	GREEN
vpc	security-group	cr-no-projectId	GREEN
vpc	security-group	cr-nullbyte	GREEN
vpc	security-group	cr-null	GREEN
vpc	security-group	cr-over	GREEN
vpc	security-group	cr-path	GREEN
vpc	security-group	cr-sg	GREEN
vpc	security-group	cr-special	GREEN
vpc	security-group	cr-sqli	GREEN
vpc	security-group	cr-sub	GREEN
vpc	security-group	cr-union	GREEN
vpc	security-group	cr-upper	GREEN
vpc	security-group	cr-xss	GREEN
vpc	security-group	del-default-sg	GREEN
vpc	security-group	del	GREEN
vpc	security-group	del-happy-rya784	GREEN
vpc	security-group	del-list	GREEN
vpc	security-group	del-nx	GREEN
vpc	security-group	del-nx	GREEN
vpc	security-group	del-sg-attached	GREEN
vpc	security-group	detach-sg-from-nic	GREEN
vpc	security-group	get-conf	GREEN
vpc	security-group	get-default-sg-id-rya849	GREEN
vpc	security-group	get-garbage	GREEN
vpc	security-group	get	GREEN
vpc	security-group	get-rya771	GREEN
vpc	security-group	get-rya862	GREEN
vpc	security-group	get-rya867	GREEN
vpc	security-group	get-rya872	GREEN
vpc	security-group	get-sg-rule-id-rya787	GREEN
vpc	security-group	get-sg-rya778	GREEN
vpc	security-group	get-timed-rya829	GREEN
vpc	security-group	get-trail	GREEN
vpc	security-group	get-with-net-rya773	GREEN
vpc	security-group	list-5	GREEN
vpc	security-group	list-bad-filter	GREEN
vpc	security-group	list-bad-token	GREEN
vpc	security-group	list-by-network-lst775	GREEN
vpc	security-group	list-filtered-lst818	GREEN
vpc	security-group	list-filter	GREEN
vpc	security-group	list	GREEN
vpc	security-group	list-noproject	GREEN
vpc	security-group	list-ops	GREEN
vpc	security-group	list-p1	GREEN
vpc	security-group	list-p2	GREEN
vpc	security-group	list-ps0	GREEN
vpc	security-group	list-ps1	GREEN
vpc	security-group	list-ps-huge	GREEN
vpc	security-group	list-timed	GREEN
vpc	security-group	list-unknown-field	GREEN
vpc	security-group	list-with-empty-header	GREEN
vpc	security-group	lop-nx	GREEN
vpc	security-group	lst-1001	GREEN
vpc	security-group	lst-dup	GREEN
vpc	security-group	lst-fsc	GREEN
vpc	security-group	lst-max	GREEN
vpc	security-group	lst-neg	GREEN
vpc	security-group	lst-sqli	GREEN
vpc	security-group	patch-mask-network	GREEN
vpc	security-group	patch-multi-rya814	GREEN
vpc	security-group	patch-name-only-rya825	GREEN
vpc	security-group	patch-nx	GREEN
vpc	security-group	patch-nx	GREEN
vpc	security-group	patch-rya782	GREEN
vpc	security-group	patch-rya802	GREEN
vpc	security-group	patch-rya805	GREEN
vpc	security-group	patch-rya808	GREEN
vpc	security-group	patch-unknown-mask	GREEN
vpc	security-group	poll-op-1327	GREEN
vpc	security-group	poll-op-1328	GREEN
vpc	security-group	poll-op-1328	GREEN
vpc	security-group	poll-op-1329	GREEN
vpc	security-group	poll-op-1330	GREEN
vpc	security-group	poll-op-1331	GREEN
vpc	security-group	poll-op-1331	GREEN
vpc	security-group	poll-op-1332	GREEN
vpc	security-group	poll-op-1332	GREEN
vpc	security-group	poll-op-1333	GREEN
vpc	security-group	poll-op-1334	GREEN
vpc	security-group	poll-op-1335	GREEN
vpc	security-group	poll-op-1335	GREEN
vpc	security-group	poll-op-1336	GREEN
vpc	security-group	poll-op-1336	GREEN
vpc	security-group	poll-op-1337	GREEN
vpc	security-group	poll-op-1338	GREEN
vpc	security-group	poll-op-1339	GREEN
vpc	security-group	poll-op-1340	GREEN
vpc	security-group	poll-op-1341	GREEN
vpc	security-group	poll-op-1341	GREEN
vpc	security-group	poll-op-1342	GREEN
vpc	security-group	poll-op-1343	GREEN
vpc	security-group	poll-op-1344	GREEN
vpc	security-group	poll-op-1345	GREEN
vpc	security-group	poll-op-1345	GREEN
vpc	security-group	poll-op-1346	GREEN
vpc	security-group	poll-op-1347	GREEN
vpc	security-group	poll-op-1348	GREEN
vpc	security-group	poll-op-1348	GREEN
vpc	security-group	poll-op-1349	GREEN
vpc	security-group	poll-op-1349	GREEN
vpc	security-group	poll-op-1350	GREEN
vpc	security-group	poll-op-1351	GREEN
vpc	security-group	poll-op-1351	GREEN
vpc	security-group	poll-op-1352	GREEN
vpc	security-group	poll-op-1353	GREEN
vpc	security-group	poll-op-1354	GREEN
vpc	security-group	poll-op-1355	GREEN
vpc	security-group	poll-op-1355	GREEN
vpc	security-group	poll-op-1356	GREEN
vpc	security-group	poll-op-1357	GREEN
vpc	security-group	poll-op-1358	GREEN
vpc	security-group	poll-op-1358	GREEN
vpc	security-group	poll-op-1359	GREEN
vpc	security-group	poll-op-1360	GREEN
vpc	security-group	poll-op-1361	GREEN
vpc	security-group	poll-op-1362	GREEN
vpc	security-group	poll-op-1363	GREEN
vpc	security-group	poll-op-1364	GREEN
vpc	security-group	poll-op-1365	GREEN
vpc	security-group	poll-op-1366	GREEN
vpc	security-group	poll-op-1367	GREEN
vpc	security-group	poll-op-1368	GREEN
vpc	security-group	poll-op-1369	GREEN
vpc	security-group	poll-op-1370	GREEN
vpc	security-group	poll-op-1371	GREEN
vpc	security-group	poll-op-1372	GREEN
vpc	security-group	poll-op-1373	GREEN
vpc	security-group	poll-op-1374	GREEN
vpc	security-group	poll-op-1375	GREEN
vpc	security-group	poll-op-1375	GREEN
vpc	security-group	poll-op-1376	GREEN
vpc	security-group	poll-op-1377	GREEN
vpc	security-group	poll-op-1378	GREEN
vpc	security-group	poll-op-1378	GREEN
vpc	security-group	poll-op-1379	GREEN
vpc	security-group	poll-op-1380	GREEN
vpc	security-group	poll-op-1381	GREEN
vpc	security-group	poll-op-1381	GREEN
vpc	security-group	poll-op-1382	GREEN
vpc	security-group	poll-op-1383	GREEN
vpc	security-group	poll-op-1384	GREEN
vpc	security-group	poll-op-1385	GREEN
vpc	security-group	poll-op-1386	GREEN
vpc	security-group	poll-op-1387	GREEN
vpc	security-group	poll-op-1387	GREEN
vpc	security-group	poll-op-1388	GREEN
vpc	security-group	poll-op-1389	GREEN
vpc	security-group	poll-op-1390	GREEN
vpc	security-group	poll-op-1391	GREEN
vpc	security-group	poll-op-1391	GREEN
vpc	security-group	poll-op-1392	GREEN
vpc	security-group	poll-op-1393	GREEN
vpc	security-group	poll-op-1394	GREEN
vpc	security-group	poll-op-1395	GREEN
vpc	security-group	poll-op-1396	GREEN
vpc	security-group	poll-op-1397	GREEN
vpc	security-group	poll-op-1397	GREEN
vpc	security-group	poll-op-1398	GREEN
vpc	security-group	poll-op-1399	GREEN
vpc	security-group	poll-op-1400	GREEN
vpc	security-group	poll-op-1400	GREEN
vpc	security-group	poll-op-1401	GREEN
vpc	security-group	poll-op-1402	GREEN
vpc	security-group	poll-op-1402	GREEN
vpc	security-group	poll-op-1403	GREEN
vpc	security-group	poll-op-1404	GREEN
vpc	security-group	poll-op-1404	GREEN
vpc	security-group	poll-op-1405	GREEN
vpc	security-group	poll-op-1406	GREEN
vpc	security-group	poll-op-1407	GREEN
vpc	security-group	poll-op-1407	GREEN
vpc	security-group	poll-op-1408	GREEN
vpc	security-group	poll-op-1409	GREEN
vpc	security-group	poll-op-1410	GREEN
vpc	security-group	poll-op-1410	GREEN
vpc	security-group	poll-op-1410	GREEN
vpc	security-group	poll-op-1411	GREEN
vpc	security-group	poll-op-1412	GREEN
vpc	security-group	poll-op-1413	GREEN
vpc	security-group	poll-op-1413	GREEN
vpc	security-group	poll-op-1414	GREEN
vpc	security-group	poll-op-1415	GREEN
vpc	security-group	poll-op-1416	GREEN
vpc	security-group	poll-op-1417	GREEN
vpc	security-group	poll-op-1417	GREEN
vpc	security-group	poll-op-1418	GREEN
vpc	security-group	poll-op-1419	GREEN
vpc	security-group	poll-op-1420	GREEN
vpc	security-group	poll-op-1420	GREEN
vpc	security-group	poll-op-1421	GREEN
vpc	security-group	poll-op-1422	GREEN
vpc	security-group	poll-op-1423	GREEN
vpc	security-group	poll-op-1423	GREEN
vpc	security-group	poll-op-1424	GREEN
vpc	security-group	poll-op-1425	GREEN
vpc	security-group	poll-op-1426	GREEN
vpc	security-group	poll-op-1426	GREEN
vpc	security-group	poll-op-1427	GREEN
vpc	security-group	poll-op-1428	GREEN
vpc	security-group	poll-op-1429	GREEN
vpc	security-group	poll-op-1429	GREEN
vpc	security-group	poll-op-1430	GREEN
vpc	security-group	poll-op-1431	GREEN
vpc	security-group	poll-op-1432	GREEN
vpc	security-group	poll-op-1433	GREEN
vpc	security-group	poll-op-1433	GREEN
vpc	security-group	poll-op-1434	GREEN
vpc	security-group	poll-op-1434	GREEN
vpc	security-group	poll-op-1435	GREEN
vpc	security-group	poll-op-1436	GREEN
vpc	security-group	poll-op-1437	GREEN
vpc	security-group	poll-op-1438	GREEN
vpc	security-group	poll-op-1439	GREEN
vpc	security-group	poll-op-1440	GREEN
vpc	security-group	poll-op-1441	GREEN
vpc	security-group	poll-op-1442	GREEN
vpc	security-group	poll-op-1442	GREEN
vpc	security-group	poll-op-1443	GREEN
vpc	security-group	poll-op-1443	GREEN
vpc	security-group	poll-op-1444	GREEN
vpc	security-group	poll-op-1445	GREEN
vpc	security-group	poll-op-1446	GREEN
vpc	security-group	poll-op-1447	GREEN
vpc	security-group	poll-op-1448	GREEN
vpc	security-group	poll-op-1449	GREEN
vpc	security-group	poll-op-1450	GREEN
vpc	security-group	poll-op-1451	GREEN
vpc	security-group	poll-op-1452	GREEN
vpc	security-group	poll-op-1453	GREEN
vpc	security-group	poll-op-1454	GREEN
vpc	security-group	poll-op-1455	GREEN
vpc	security-group	poll-op-1456	GREEN
vpc	security-group	poll-op-1457	GREEN
vpc	security-group	poll-op-1458	GREEN
vpc	security-group	poll-op-1459	GREEN
vpc	security-group	poll-op-1460	GREEN
vpc	security-group	poll-op-1461	GREEN
vpc	security-group	poll-op-1462	GREEN
vpc	security-group	poll-op-1462	GREEN
vpc	security-group	poll-op-1463	GREEN
vpc	security-group	poll-op-1464	GREEN
vpc	security-group	poll-op-1465	GREEN
vpc	security-group	poll-op-1465	GREEN
vpc	security-group	poll-op-1466	GREEN
vpc	security-group	poll-op-1467	GREEN
vpc	security-group	poll-op-1468	GREEN
vpc	security-group	poll-op-1469	GREEN
vpc	security-group	poll-op-1469	GREEN
vpc	security-group	poll-op-1470	GREEN
vpc	security-group	poll-op-1471	GREEN
vpc	security-group	poll-op-1472	GREEN
vpc	security-group	poll-op-1472	GREEN
vpc	security-group	poll-op-1473	GREEN
vpc	security-group	poll-op-1473	GREEN
vpc	security-group	poll-op-1474	GREEN
vpc	security-group	poll-op-1475	GREEN
vpc	security-group	poll-op-1476	GREEN
vpc	security-group	poll-op-1477	GREEN
vpc	security-group	poll-op-1478	GREEN
vpc	security-group	poll-op-1478	GREEN
vpc	security-group	poll-op-1479	GREEN
vpc	security-group	poll-op-1479	GREEN
vpc	security-group	poll-op-1480	GREEN
vpc	security-group	poll-op-1481	GREEN
vpc	security-group	poll-op-1482	GREEN
vpc	security-group	poll-op-1483	GREEN
vpc	security-group	poll-op-1483	GREEN
vpc	security-group	poll-op-1484	GREEN
vpc	security-group	poll-op-1484	GREEN
vpc	security-group	poll-op-1485	GREEN
vpc	security-group	poll-op-1486	GREEN
vpc	security-group	poll-op-1487	GREEN
vpc	security-group	pre-net-b	GREEN
vpc	security-group	pre-net-b	GREEN
vpc	security-group	pre-net-b	GREEN
vpc	security-group	pre-net	GREEN
vpc	security-group	pre-net	GREEN
vpc	security-group	pre-net	GREEN
vpc	security-group	pre-net	GREEN
vpc	security-group	pre-net	GREEN
vpc	security-group	pre-net	GREEN
vpc	security-group	pre-net	GREEN
vpc	security-group	pre-net	GREEN
vpc	security-group	pre-net	GREEN
vpc	security-group	pre-net	GREEN
vpc	security-group	pre-net	GREEN
vpc	security-group	pre-net	GREEN
vpc	security-group	pre-net	GREEN
vpc	security-group	pre-net	GREEN
vpc	security-group	pre-net	GREEN
vpc	security-group	pre-net	GREEN
vpc	security-group	pre-net	GREEN
vpc	security-group	pre-net	GREEN
vpc	security-group	pre-net	GREEN
vpc	security-group	pre-net	GREEN
vpc	security-group	pre-net	GREEN
vpc	security-group	pre-net	GREEN
vpc	security-group	pre-net	GREEN
vpc	security-group	pre-net	GREEN
vpc	security-group	pre-net	GREEN
vpc	security-group	pre-net	GREEN
vpc	security-group	pre-net	GREEN
vpc	security-group	pre-net	GREEN
vpc	security-group	pre-net	GREEN
vpc	security-group	pre-net	GREEN
vpc	security-group	pre-net	GREEN
vpc	security-group	pre-net	GREEN
vpc	security-group	pre-net	GREEN
vpc	security-group	pre-net	GREEN
vpc	security-group	pre-net	GREEN
vpc	security-group	pre-net	GREEN
vpc	security-group	pre-net	GREEN
vpc	security-group	pre-net	GREEN
vpc	security-group	pre-net	GREEN
vpc	security-group	pre-net	GREEN
vpc	security-group	pre-net	GREEN
vpc	security-group	pre-net	GREEN
vpc	security-group	pre-net	GREEN
vpc	security-group	pre-net	GREEN
vpc	security-group	pre-net	GREEN
vpc	security-group	pre-net	GREEN
vpc	security-group	pre-net	GREEN
vpc	security-group	pre-net	GREEN
vpc	security-group	pre-net	GREEN
vpc	security-group	pre-net	GREEN
vpc	security-group	pre-net	GREEN
vpc	security-group	pre-net	GREEN
vpc	security-group	pre-net	GREEN
vpc	security-group	pre-net	GREEN
vpc	security-group	pre-net	GREEN
vpc	security-group	pre-net	GREEN
vpc	security-group	pre-net	GREEN
vpc	security-group	pre-net	GREEN
vpc	security-group	pre-net	GREEN
vpc	security-group	put-list	GREEN
vpc	security-group	_SETUP-ZONES — resolve live geo zone ids (zoneA..D)	NO-ASSERTIONS
vpc	security-group	_SETUP-ZONES — resolve live geo zone ids (zoneA..D)	NO-ASSERTIONS
vpc	security-group	update-rule-bad-rya831	GREEN
vpc	security-group	update-rule-bad-rya833	GREEN
vpc	security-group	update-rule-bad-rya835	GREEN
vpc	security-group	update-rule-bad-rya837	GREEN
vpc	security-group	update-rule-bad-rya839	GREEN
vpc	security-group	update-rule-bad-rya841	GREEN
vpc	security-group	update-rule-bad-rya843	GREEN
vpc	security-group	update-rule-bad-rya845	GREEN
vpc	security-group	update-rule-bad-rya847	GREEN
vpc	security-group	update-rules-cross	GREEN
vpc	security-group	update-rules-rya777	GREEN
vpc	security-group	update-rules-same-rya871	GREEN
vpc	security-group	upd-empty-mask	GREEN
vpc	security-group	upd	GREEN
vpc	security-group	upd-multi-unknown	GREEN
vpc	security-group	upd-network_id	GREEN
vpc	security-group	upd-project_id	GREEN
vpc	security-group	upd-project-via-mask	GREEN
vpc	security-group	ur-bad-rule-id	GREEN
vpc	security-group	ur	GREEN
vpc	security-group	url-nx	GREEN
vpc	security-group	ur-nx	GREEN
vpc	security-group	verify-all-rya815	GREEN
vpc	security-group	verify-no-rules-rya869	GREEN
vpc	security-group	verify-rya803	GREEN
vpc	security-group	verify-rya806	GREEN
vpc	security-group	verify-rya809	GREEN
vpc	security-group	verify-rya826	GREEN
vpc	security-group	verify-unchanged-rya864	GREEN
vpc	subnet	add-1	GREEN
vpc	subnet	add-3	GREEN
vpc	subnet	add-3-pre	GREEN
vpc	subnet	add-cidr	GREEN
vpc	subnet	add-cidr-rya881	GREEN
vpc	subnet	add-cidr-rya884	GREEN
vpc	subnet	add-cidr-v6-hostbits	GREEN
vpc	subnet	add-cidr-v6-rya975	GREEN
vpc	subnet	add-cidr-v6-rya977	GREEN
vpc	subnet	add-hostbits	GREEN
vpc	subnet	add-overlap	GREEN
vpc	subnet	add-overlapping	GREEN
vpc	subnet	add-overlap-self	GREEN
vpc	subnet	add-precondition	GREEN
vpc	subnet	addr-0	GREEN
vpc	subnet	addr-1	GREEN
vpc	subnet	addr1	GREEN
vpc	subnet	addr-2	GREEN
vpc	subnet	addr2	GREEN
vpc	subnet	addr-3	GREEN
vpc	subnet	addr3	GREEN
vpc	subnet	addr-4	GREEN
vpc	subnet	addr-into-cidrless	GREEN
vpc	subnet	add-temp	GREEN
vpc	subnet	add-then-remove-rya889	GREEN
vpc	subnet	assert-net-deleted	GREEN
vpc	subnet	assert-sub-created	GREEN
vpc	subnet	assert-sub-deleted	GREEN
vpc	subnet	assert-sub-deleted	GREEN
vpc	subnet	assert-success	GREEN
vpc	subnet	check-result	GREEN
vpc	subnet	cleanup-1	NO-ASSERTIONS
vpc	subnet	cleanup-28	GREEN
vpc	subnet	cleanup-addr	GREEN
vpc	subnet	cleanup-addr	NO-ASSERTIONS
vpc	subnet	cleanup-net	GREEN
vpc	subnet	cleanup-net	GREEN
vpc	subnet	cleanup-net	GREEN
vpc	subnet	cleanup-net	GREEN
vpc	subnet	cleanup-net	GREEN
vpc	subnet	cleanup-net	GREEN
vpc	subnet	cleanup-net	GREEN
vpc	subnet	cleanup-net	GREEN
vpc	subnet	cleanup-net	GREEN
vpc	subnet	cleanup-net	GREEN
vpc	subnet	cleanup-net	GREEN
vpc	subnet	cleanup-net	GREEN
vpc	subnet	cleanup-net	GREEN
vpc	subnet	cleanup-net	GREEN
vpc	subnet	cleanup-net	GREEN
vpc	subnet	cleanup-net	GREEN
vpc	subnet	cleanup-net	GREEN
vpc	subnet	cleanup-net	GREEN
vpc	subnet	cleanup-net	GREEN
vpc	subnet	cleanup-net	GREEN
vpc	subnet	cleanup-net	GREEN
vpc	subnet	cleanup-net	GREEN
vpc	subnet	cleanup-net	GREEN
vpc	subnet	cleanup-net	GREEN
vpc	subnet	cleanup-net	GREEN
vpc	subnet	cleanup-net	GREEN
vpc	subnet	cleanup-net	GREEN
vpc	subnet	cleanup-net	GREEN
vpc	subnet	cleanup-net	GREEN
vpc	subnet	cleanup-net	GREEN
vpc	subnet	cleanup-net	GREEN
vpc	subnet	cleanup-net	GREEN
vpc	subnet	cleanup-net	GREEN
vpc	subnet	cleanup-net	GREEN
vpc	subnet	cleanup-net	GREEN
vpc	subnet	cleanup-net	GREEN
vpc	subnet	cleanup-net	GREEN
vpc	subnet	cleanup-net	GREEN
vpc	subnet	cleanup-net	GREEN
vpc	subnet	cleanup-net	GREEN
vpc	subnet	cleanup-net	GREEN
vpc	subnet	cleanup-net-rya891	GREEN
vpc	subnet	cleanup-net-rya892	GREEN
vpc	subnet	cleanup-net-rya893	GREEN
vpc	subnet	cleanup-net-rya894	GREEN
vpc	subnet	cleanup-net-rya895	GREEN
vpc	subnet	cleanup-net-rya896	GREEN
vpc	subnet	cleanup-net-rya897	GREEN
vpc	subnet	cleanup-net-rya898	GREEN
vpc	subnet	cleanup-net-rya899	GREEN
vpc	subnet	cleanup-net-rya900	GREEN
vpc	subnet	cleanup-net-rya901	GREEN
vpc	subnet	cleanup-net-rya902	GREEN
vpc	subnet	cleanup-net-rya903	GREEN
vpc	subnet	cleanup-net-rya913	GREEN
vpc	subnet	cleanup-net-rya914	GREEN
vpc	subnet	cleanup-net-rya915	GREEN
vpc	subnet	cleanup-net-rya919	GREEN
vpc	subnet	cleanup-net-rya922	GREEN
vpc	subnet	cleanup-net-rya923	GREEN
vpc	subnet	cleanup-net-rya924	GREEN
vpc	subnet	cleanup-net-rya925	GREEN
vpc	subnet	cleanup-net-rya929	GREEN
vpc	subnet	cleanup-net-rya931	GREEN
vpc	subnet	cleanup-net-rya932	GREEN
vpc	subnet	cleanup-net-rya933	GREEN
vpc	subnet	cleanup-net-rya934	GREEN
vpc	subnet	cleanup-net-rya935	GREEN
vpc	subnet	cleanup-net-rya937	GREEN
vpc	subnet	cleanup-net-rya938	GREEN
vpc	subnet	cleanup-net-rya939	GREEN
vpc	subnet	cleanup-net-rya940	GREEN
vpc	subnet	cleanup-net-rya958	GREEN
vpc	subnet	cleanup-net-rya959	GREEN
vpc	subnet	cleanup-net-rya960	GREEN
vpc	subnet	cleanup-net-rya961	GREEN
vpc	subnet	cleanup-net-rya962	GREEN
vpc	subnet	cleanup-net-rya963	GREEN
vpc	subnet	cleanup-net-rya964	GREEN
vpc	subnet	cleanup-net-rya965	GREEN
vpc	subnet	cleanup-net-rya966	GREEN
vpc	subnet	cleanup-net-rya967	GREEN
vpc	subnet	cleanup-net-rya968	GREEN
vpc	subnet	cleanup-net-rya969	GREEN
vpc	subnet	cleanup-net-rya970	GREEN
vpc	subnet	cleanup-net-rya971	GREEN
vpc	subnet	cleanup-net-rya972	GREEN
vpc	subnet	cleanup-net-rya973	GREEN
vpc	subnet	cleanup-net-rya974	GREEN
vpc	subnet	cleanup	NO-ASSERTIONS
vpc	subnet	cleanup	NO-ASSERTIONS
vpc	subnet	cleanup	NO-ASSERTIONS
vpc	subnet	cleanup-pw	GREEN
vpc	subnet	cleanup-pw	GREEN
vpc	subnet	cleanup-pw	GREEN
vpc	subnet	cleanup-pw	GREEN
vpc	subnet	cleanup-pw	GREEN
vpc	subnet	cleanup-pw	GREEN
vpc	subnet	cleanup-pw	GREEN
vpc	subnet	cleanup-pw	GREEN
vpc	subnet	cleanup-pw	GREEN
vpc	subnet	cleanup-rt	GREEN
vpc	subnet	cleanup-rya906	NO-ASSERTIONS
vpc	subnet	cleanup-rya909	NO-ASSERTIONS
vpc	subnet	cleanup-rya912	NO-ASSERTIONS
vpc	subnet	cleanup-rya918	NO-ASSERTIONS
vpc	subnet	cleanup-rya921	NO-ASSERTIONS
vpc	subnet	cleanup-rya928	NO-ASSERTIONS
vpc	subnet	cleanup-sub1	GREEN
vpc	subnet	cleanup-sub1	GREEN
vpc	subnet	cleanup-sub1	GREEN
vpc	subnet	cleanup-sub	GREEN
vpc	subnet	cleanup-sub	GREEN
vpc	subnet	cleanup-sub	GREEN
vpc	subnet	cleanup-sub	GREEN
vpc	subnet	cleanup-sub	GREEN
vpc	subnet	cleanup-sub	GREEN
vpc	subnet	cleanup-sub	GREEN
vpc	subnet	cleanup-sub	GREEN
vpc	subnet	cleanup-sub	GREEN
vpc	subnet	cleanup-sub	GREEN
vpc	subnet	cleanup-sub	GREEN
vpc	subnet	cleanup-sub	GREEN
vpc	subnet	cleanup-sub	GREEN
vpc	subnet	cleanup-sub	NO-ASSERTIONS
vpc	subnet	cleanup-sub	NO-ASSERTIONS
vpc	subnet	cleanup-sub	NO-ASSERTIONS
vpc	subnet	cleanup-sub	NO-ASSERTIONS
vpc	subnet	cleanup-sub	NO-ASSERTIONS
vpc	subnet	cleanup-sub	NO-ASSERTIONS
vpc	subnet	cleanup-sub	NO-ASSERTIONS
vpc	subnet	cleanup-sub	NO-ASSERTIONS
vpc	subnet	cleanup-sub	NO-ASSERTIONS
vpc	subnet	cleanup-sub	NO-ASSERTIONS
vpc	subnet	cleanup-sub	NO-ASSERTIONS
vpc	subnet	cleanup-sub	NO-ASSERTIONS
vpc	subnet	cleanup-sub	NO-ASSERTIONS
vpc	subnet	cleanup-sub	NO-ASSERTIONS
vpc	subnet	cleanup-sub-rya887	GREEN
vpc	subnet	cr-addr	GREEN
vpc	subnet	cr-bad-desc	GREEN
vpc	subnet	cr-bad-type	GREEN
vpc	subnet	cr-cmd	GREEN
vpc	subnet	cr-desc-max	GREEN
vpc	subnet	cr-desc-over	GREEN
vpc	subnet	cr-digit	GREEN
vpc	subnet	create-bad-net	GREEN
vpc	subnet	create-cidrless-sub	GREEN
vpc	subnet	create-dup	GREEN
vpc	subnet	create-fail	GREEN
vpc	subnet	create-first	GREEN
vpc	subnet	create-first	GREEN
vpc	subnet	create	GREEN
vpc	subnet	create	GREEN
vpc	subnet	create	GREEN
vpc	subnet	create	GREEN
vpc	subnet	create	GREEN
vpc	subnet	create	GREEN
vpc	subnet	create	GREEN
vpc	subnet	create	GREEN
vpc	subnet	create-hostbits	GREEN
vpc	subnet	create-no-cidr	GREEN
vpc	subnet	create-no-zone	GREEN
vpc	subnet	create-second-overlap	GREEN
vpc	subnet	create-sub	GREEN
vpc	subnet	create-sub	GREEN
vpc	subnet	create-sub	GREEN
vpc	subnet	create-sub	GREEN
vpc	subnet	create-sub	GREEN
vpc	subnet	create-sub	GREEN
vpc	subnet	create-sub	GREEN
vpc	subnet	create-sub	GREEN
vpc	subnet	create-sub	GREEN
vpc	subnet	create-sub	GREEN
vpc	subnet	create-sub	GREEN
vpc	subnet	create-sub	GREEN
vpc	subnet	create-sub	GREEN
vpc	subnet	create-sub	GREEN
vpc	subnet	create-sub	GREEN
vpc	subnet	create-sub	GREEN
vpc	subnet	create-unknown-zone	GREEN
vpc	subnet	create-v6	GREEN
vpc	subnet	cr-empty-body	GREEN
vpc	subnet	cr-empty	GREEN
vpc	subnet	cr	GREEN
vpc	subnet	cr	GREEN
vpc	subnet	cr-hyphen	GREEN
vpc	subnet	cr-internal-addr	GREEN
vpc	subnet	cr-internal-v6-addr	GREEN
vpc	subnet	cr-lbl-bad	GREEN
vpc	subnet	cr-lbl-max	GREEN
vpc	subnet	cr-lbl-over	GREEN
vpc	subnet	cr-lbl-upper	GREEN
vpc	subnet	cr-longpayload	GREEN
vpc	subnet	cr-malformed	GREEN
vpc	subnet	cr-max63	GREEN
vpc	subnet	cr-nic	GREEN
vpc	subnet	cr-nic-no-addr	GREEN
vpc	subnet	cr-no-name	GREEN
vpc	subnet	cr-no-networkId	GREEN
vpc	subnet	cr-no-projectId	GREEN
vpc	subnet	cr-no-zoneId	GREEN
vpc	subnet	cr-nullbyte	GREEN
vpc	subnet	cr-null	GREEN
vpc	subnet	cr-over	GREEN
vpc	subnet	cr-path	GREEN
vpc	subnet	cr-prefix-28	GREEN
vpc	subnet	cr-prefix-29	GREEN
vpc	subnet	cr-prefix-30	GREEN
vpc	subnet	cr-prefix-31	GREEN
vpc	subnet	cr-pw	GREEN
vpc	subnet	cr-pw	GREEN
vpc	subnet	cr-pw	GREEN
vpc	subnet	cr-pw	GREEN
vpc	subnet	cr-pw	GREEN
vpc	subnet	cr-pw	GREEN
vpc	subnet	cr-pw	GREEN
vpc	subnet	cr-pw	GREEN
vpc	subnet	cr-pw	GREEN
vpc	subnet	cr-rt	GREEN
vpc	subnet	cr-special	GREEN
vpc	subnet	cr-sqli	GREEN
vpc	subnet	cr-sub-autopick	GREEN
vpc	subnet	cr-sub	GREEN
vpc	subnet	cr-sub	GREEN
vpc	subnet	cr-sub	GREEN
vpc	subnet	cr-sub	GREEN
vpc	subnet	cr-sub	GREEN
vpc	subnet	cr-union	GREEN
vpc	subnet	cr-upper	GREEN
vpc	subnet	cr-xss	GREEN
vpc	subnet	del-0	GREEN
vpc	subnet	del-1	GREEN
vpc	subnet	del-2	GREEN
vpc	subnet	del-3	GREEN
vpc	subnet	del-4	GREEN
vpc	subnet	del-a1	GREEN
vpc	subnet	del-a2	GREEN
vpc	subnet	del-a3	GREEN
vpc	subnet	del-addr-blocked	GREEN
vpc	subnet	del-addr	GREEN
vpc	subnet	del-empty-sub-rya936	GREEN
vpc	subnet	delete-happy-rya888	GREEN
vpc	subnet	del	GREEN
vpc	subnet	del-list	GREEN
vpc	subnet	del-net-blocked	GREEN
vpc	subnet	del-net	GREEN
vpc	subnet	del-nic	GREEN
vpc	subnet	del-nic	GREEN
vpc	subnet	del-nx	GREEN
vpc	subnet	del-nx	GREEN
vpc	subnet	del-sub-blocked	GREEN
vpc	subnet	del-sub-blocked	GREEN
vpc	subnet	del-sub-blocked	GREEN
vpc	subnet	del-sub-blocked	GREEN
vpc	subnet	del-sub	GREEN
vpc	subnet	del-sub	GREEN
vpc	subnet	del-sub	GREEN
vpc	subnet	get-after-del	GREEN
vpc	subnet	get-conf	GREEN
vpc	subnet	get-confirms-rya874	GREEN
vpc	subnet	get-empty-cidr-rya877	GREEN
vpc	subnet	get-garbage	GREEN
vpc	subnet	get	GREEN
vpc	subnet	get-has-cidr	GREEN
vpc	subnet	get-net-default-rt-rya875	GREEN
vpc	subnet	get-sub-autopicked-rya876	GREEN
vpc	subnet	get-timed-rya930	GREEN
vpc	subnet	get-v6-rya878	GREEN
vpc	subnet	list-5	GREEN
vpc	subnet	list-after-rya982	GREEN
vpc	subnet	list-bad-filter	GREEN
vpc	subnet	list-bad-token	GREEN
vpc	subnet	list-before-delete-rya981	GREEN
vpc	subnet	list-filtered-lst920	GREEN
vpc	subnet	list-filter	GREEN
vpc	subnet	list	GREEN
vpc	subnet	list-no-project	GREEN
vpc	subnet	list-not-include	GREEN
vpc	subnet	list-ops	GREEN
vpc	subnet	list-p1	GREEN
vpc	subnet	list-p2	GREEN
vpc	subnet	list-ps0	GREEN
vpc	subnet	list-ps1	GREEN
vpc	subnet	list-ps-huge	GREEN
vpc	subnet	list-timed	GREEN
vpc	subnet	list-unknown-field	GREEN
vpc	subnet	list-used	GREEN
vpc	subnet	list-used-rya980	GREEN
vpc	subnet	list-with-empty-header	GREEN
vpc	subnet	lop-nx	GREEN
vpc	subnet	lst-sqli	GREEN
vpc	subnet	lua-nx	GREEN
vpc	subnet	patch-cidr-via-mask-rya880	GREEN
vpc	subnet	patch-multi-rya916	GREEN
vpc	subnet	patch-name-only-rya926	GREEN
vpc	subnet	patch-nx	GREEN
vpc	subnet	patch-rya883	GREEN
vpc	subnet	patch-rya904	GREEN
vpc	subnet	patch-rya907	GREEN
vpc	subnet	patch-rya910	GREEN
vpc	subnet	patch-unknown-mask	GREEN
vpc	subnet	patch-v6-rya879	GREEN
vpc	subnet	poll-fail-v6	GREEN
vpc	subnet	poll-fail-v6	GREEN
vpc	subnet	poll-op-1488	GREEN
vpc	subnet	poll-op-1489	GREEN
vpc	subnet	poll-op-1490	GREEN
vpc	subnet	poll-op-1491	GREEN
vpc	subnet	poll-op-1492	GREEN
vpc	subnet	poll-op-1492	GREEN
vpc	subnet	poll-op-1493	GREEN
vpc	subnet	poll-op-1494	GREEN
vpc	subnet	poll-op-1495	GREEN
vpc	subnet	poll-op-1496	GREEN
vpc	subnet	poll-op-1497	GREEN
vpc	subnet	poll-op-1498	GREEN
vpc	subnet	poll-op-1499	GREEN
vpc	subnet	poll-op-1500	GREEN
vpc	subnet	poll-op-1501	GREEN
vpc	subnet	poll-op-1502	GREEN
vpc	subnet	poll-op-1503	GREEN
vpc	subnet	poll-op-1504	GREEN
vpc	subnet	poll-op-1505	GREEN
vpc	subnet	poll-op-1506	GREEN
vpc	subnet	poll-op-1507	GREEN
vpc	subnet	poll-op-1508	GREEN
vpc	subnet	poll-op-1509	GREEN
vpc	subnet	poll-op-1510	GREEN
vpc	subnet	poll-op-1511	GREEN
vpc	subnet	poll-op-1512	GREEN
vpc	subnet	poll-op-1513	GREEN
vpc	subnet	poll-op-1514	GREEN
vpc	subnet	poll-op-1515	GREEN
vpc	subnet	poll-op-1516	GREEN
vpc	subnet	poll-op-1517	GREEN
vpc	subnet	poll-op-1518	GREEN
vpc	subnet	poll-op-1519	GREEN
vpc	subnet	poll-op-1520	GREEN
vpc	subnet	poll-op-1521	GREEN
vpc	subnet	poll-op-1522	GREEN
vpc	subnet	poll-op-1523	GREEN
vpc	subnet	poll-op-1524	GREEN
vpc	subnet	poll-op-1525	GREEN
vpc	subnet	poll-op-1526	GREEN
vpc	subnet	poll-op-1527	GREEN
vpc	subnet	poll-op-1528	GREEN
vpc	subnet	poll-op-1529	GREEN
vpc	subnet	poll-op-1530	GREEN
vpc	subnet	poll-op-1531	GREEN
vpc	subnet	poll-op-1532	GREEN
vpc	subnet	poll-op-1533	GREEN
vpc	subnet	poll-op-1534	GREEN
vpc	subnet	poll-op-1535	GREEN
vpc	subnet	poll-op-1536	GREEN
vpc	subnet	poll-op-1537	GREEN
vpc	subnet	poll-op-1538	GREEN
vpc	subnet	poll-op-1539	GREEN
vpc	subnet	poll-op-1540	GREEN
vpc	subnet	poll-op-1541	GREEN
vpc	subnet	poll-op-1542	GREEN
vpc	subnet	poll-op-1543	GREEN
vpc	subnet	poll-op-1544	GREEN
vpc	subnet	poll-op-1545	GREEN
vpc	subnet	poll-op-1546	GREEN
vpc	subnet	poll-op-1547	GREEN
vpc	subnet	poll-op-1548	GREEN
vpc	subnet	poll-op-1549	GREEN
vpc	subnet	poll-op-1550	GREEN
vpc	subnet	poll-op-1551	GREEN
vpc	subnet	poll-op-1552	GREEN
vpc	subnet	poll-op-1553	GREEN
vpc	subnet	poll-op-1554	GREEN
vpc	subnet	poll-op-1555	GREEN
vpc	subnet	poll-op-1556	GREEN
vpc	subnet	poll-op-1557	GREEN
vpc	subnet	poll-op-1558	GREEN
vpc	subnet	poll-op-1559	GREEN
vpc	subnet	poll-op-1560	GREEN
vpc	subnet	poll-op-1561	GREEN
vpc	subnet	poll-op-1562	GREEN
vpc	subnet	poll-op-1563	GREEN
vpc	subnet	poll-op-1564	GREEN
vpc	subnet	poll-op-1565	GREEN
vpc	subnet	poll-op-1566	GREEN
vpc	subnet	poll-op-1567	GREEN
vpc	subnet	poll-op-1568	GREEN
vpc	subnet	poll-op-1569	GREEN
vpc	subnet	poll-op-1570	GREEN
vpc	subnet	poll-op-1571	GREEN
vpc	subnet	poll-op-1572	GREEN
vpc	subnet	poll-op-1573	GREEN
vpc	subnet	poll-op-1574	GREEN
vpc	subnet	poll-op-1575	GREEN
vpc	subnet	poll-op-1576	GREEN
vpc	subnet	poll-op-1577	GREEN
vpc	subnet	poll-op-1578	GREEN
vpc	subnet	poll-op-1579	GREEN
vpc	subnet	poll-op-1580	GREEN
vpc	subnet	poll-op-1581	GREEN
vpc	subnet	poll-op-1582	GREEN
vpc	subnet	poll-op-1583	GREEN
vpc	subnet	poll-op-1584	GREEN
vpc	subnet	poll-op-1585	GREEN
vpc	subnet	poll-op-1586	GREEN
vpc	subnet	poll-op-1587	GREEN
vpc	subnet	poll-op-1588	GREEN
vpc	subnet	poll-op-1589	GREEN
vpc	subnet	poll-op-1590	GREEN
vpc	subnet	poll-op-1591	GREEN
vpc	subnet	poll-op-1592	GREEN
vpc	subnet	poll-op-1593	GREEN
vpc	subnet	poll-op-1594	GREEN
vpc	subnet	poll-op-1595	GREEN
vpc	subnet	poll-op-1596	GREEN
vpc	subnet	poll-op-1597	GREEN
vpc	subnet	poll-op-1598	GREEN
vpc	subnet	poll-op-1599	GREEN
vpc	subnet	poll-op-1600	GREEN
vpc	subnet	poll-op-1601	GREEN
vpc	subnet	poll-op-1602	GREEN
vpc	subnet	poll-op-1603	GREEN
vpc	subnet	poll-op-1604	GREEN
vpc	subnet	poll-op-1605	GREEN
vpc	subnet	poll-op-1606	GREEN
vpc	subnet	poll-op-1607	GREEN
vpc	subnet	poll-op-1607	GREEN
vpc	subnet	poll-op-1608	GREEN
vpc	subnet	poll-op-1609	GREEN
vpc	subnet	poll-op-1610	GREEN
vpc	subnet	poll-op-1611	GREEN
vpc	subnet	poll-op-1612	GREEN
vpc	subnet	poll-op-1612	GREEN
vpc	subnet	poll-op-1613	GREEN
vpc	subnet	poll-op-1614	GREEN
vpc	subnet	poll-op-1615	GREEN
vpc	subnet	poll-op-1616	GREEN
vpc	subnet	poll-op-1617	GREEN
vpc	subnet	poll-op-1617	GREEN
vpc	subnet	poll-op-1618	GREEN
vpc	subnet	poll-op-1618	GREEN
vpc	subnet	poll-op-1619	GREEN
vpc	subnet	poll-op-1619	GREEN
vpc	subnet	poll-op-1620	GREEN
vpc	subnet	poll-op-1621	GREEN
vpc	subnet	poll-op-1622	GREEN
vpc	subnet	poll-op-1623	GREEN
vpc	subnet	poll-op-1624	GREEN
vpc	subnet	poll-op-1625	GREEN
vpc	subnet	poll-op-1625	GREEN
vpc	subnet	poll-op-1626	GREEN
vpc	subnet	poll-op-1627	GREEN
vpc	subnet	poll-op-1628	GREEN
vpc	subnet	poll-op-1629	GREEN
vpc	subnet	poll-op-1630	GREEN
vpc	subnet	poll-op-1631	GREEN
vpc	subnet	poll-op-1632	GREEN
vpc	subnet	poll-op-1633	GREEN
vpc	subnet	poll-op-1634	GREEN
vpc	subnet	poll-op-1635	GREEN
vpc	subnet	poll-op-1636	GREEN
vpc	subnet	poll-op-1637	GREEN
vpc	subnet	poll-op-1638	GREEN
vpc	subnet	poll-op-1639	GREEN
vpc	subnet	poll-op-1640	GREEN
vpc	subnet	poll-op-1641	GREEN
vpc	subnet	poll-op-1642	GREEN
vpc	subnet	poll-op-1643	GREEN
vpc	subnet	poll-op-1644	GREEN
vpc	subnet	poll-op-1645	GREEN
vpc	subnet	poll-op-1646	GREEN
vpc	subnet	poll-op-1647	GREEN
vpc	subnet	poll-op-1648	GREEN
vpc	subnet	poll-op-1649	GREEN
vpc	subnet	poll-op-1650	GREEN
vpc	subnet	poll-op-1651	GREEN
vpc	subnet	poll-op-1652	GREEN
vpc	subnet	poll-op-1653	GREEN
vpc	subnet	poll-op-1654	GREEN
vpc	subnet	poll-op-1655	GREEN
vpc	subnet	poll-op-1656	GREEN
vpc	subnet	poll-op-1657	GREEN
vpc	subnet	poll-op-1658	GREEN
vpc	subnet	poll-op-1659	GREEN
vpc	subnet	poll-op-1660	GREEN
vpc	subnet	poll-op-1661	GREEN
vpc	subnet	poll-op-1662	GREEN
vpc	subnet	poll-op-1663	GREEN
vpc	subnet	poll-op-1664	GREEN
vpc	subnet	poll-op-1665	GREEN
vpc	subnet	poll-op-1666	GREEN
vpc	subnet	poll-op-1667	GREEN
vpc	subnet	poll-op-1668	GREEN
vpc	subnet	poll-op-1669	GREEN
vpc	subnet	poll-op-1670	GREEN
vpc	subnet	poll-op-1671	GREEN
vpc	subnet	poll-op-1672	GREEN
vpc	subnet	poll-op-1673	GREEN
vpc	subnet	poll-op-1674	GREEN
vpc	subnet	poll-op-1675	GREEN
vpc	subnet	poll-op-1676	GREEN
vpc	subnet	poll-op-1677	GREEN
vpc	subnet	poll-op-1678	GREEN
vpc	subnet	poll-op-1679	GREEN
vpc	subnet	poll-op-1680	GREEN
vpc	subnet	poll-op-1681	GREEN
vpc	subnet	poll-op-1682	GREEN
vpc	subnet	poll-op-1683	GREEN
vpc	subnet	poll-op-1684	GREEN
vpc	subnet	poll-op-1685	GREEN
vpc	subnet	poll-op-1686	GREEN
vpc	subnet	poll-op-1687	GREEN
vpc	subnet	poll-op-1688	GREEN
vpc	subnet	poll-op-1689	GREEN
vpc	subnet	poll-op-1690	GREEN
vpc	subnet	poll-op-1691	GREEN
vpc	subnet	poll-op-1692	GREEN
vpc	subnet	poll-op-1693	GREEN
vpc	subnet	poll-op-1694	GREEN
vpc	subnet	poll-op-1695	GREEN
vpc	subnet	poll-op-1696	GREEN
vpc	subnet	poll-op-1697	GREEN
vpc	subnet	poll-op-1698	GREEN
vpc	subnet	poll-op-1699	GREEN
vpc	subnet	poll-op-1700	GREEN
vpc	subnet	poll-op-1701	GREEN
vpc	subnet	poll-op-1702	GREEN
vpc	subnet	poll-op-1703	GREEN
vpc	subnet	poll-op-1704	GREEN
vpc	subnet	poll-op-1705	GREEN
vpc	subnet	poll-op-1706	GREEN
vpc	subnet	poll-op-1707	GREEN
vpc	subnet	poll-op-1708	GREEN
vpc	subnet	poll-op-1709	GREEN
vpc	subnet	poll-op-1710	GREEN
vpc	subnet	poll-op-1711	GREEN
vpc	subnet	poll-op-1712	GREEN
vpc	subnet	poll-op-1713	GREEN
vpc	subnet	poll-op-1714	GREEN
vpc	subnet	poll-op-1715	GREEN
vpc	subnet	poll-op-1715	GREEN
vpc	subnet	poll-op-1716	GREEN
vpc	subnet	poll-op-1716	GREEN
vpc	subnet	poll-op-1717	GREEN
vpc	subnet	poll-op-1717	GREEN
vpc	subnet	poll-op-1718	GREEN
vpc	subnet	poll-op-1719	GREEN
vpc	subnet	poll-op-1720	GREEN
vpc	subnet	poll-op-1721	GREEN
vpc	subnet	poll-op-1722	GREEN
vpc	subnet	poll-op-1723	GREEN
vpc	subnet	poll-op-1724	GREEN
vpc	subnet	poll-op-1725	GREEN
vpc	subnet	poll-op-1725	GREEN
vpc	subnet	poll-op-1726	GREEN
vpc	subnet	poll-op-1726	GREEN
vpc	subnet	poll-op-1727	GREEN
vpc	subnet	poll-op-1727	GREEN
vpc	subnet	poll-op-1728	GREEN
vpc	subnet	poll-op-1728	GREEN
vpc	subnet	poll-op-1729	GREEN
vpc	subnet	poll-op-1729	GREEN
vpc	subnet	poll-op-1730	GREEN
vpc	subnet	poll-op-1731	GREEN
vpc	subnet	poll-op-1732	GREEN
vpc	subnet	poll-op-1733	GREEN
vpc	subnet	poll-op-1734	GREEN
vpc	subnet	poll-op-1735	GREEN
vpc	subnet	poll-op-1736	GREEN
vpc	subnet	pre-create-net	GREEN
vpc	subnet	pre-create-net	GREEN
vpc	subnet	pre-create-net	GREEN
vpc	subnet	pre-create-net	GREEN
vpc	subnet	pre-create-net	GREEN
vpc	subnet	pre-create-net	GREEN
vpc	subnet	pre-create-net	GREEN
vpc	subnet	pre-create-net	GREEN
vpc	subnet	pre-create-net	GREEN
vpc	subnet	pre-create-net	GREEN
vpc	subnet	pre-create-net	GREEN
vpc	subnet	pre-create-net	GREEN
vpc	subnet	pre-create-net	GREEN
vpc	subnet	pre-create-net	GREEN
vpc	subnet	pre-create-net	GREEN
vpc	subnet	pre-create-net	GREEN
vpc	subnet	pre-create-net	GREEN
vpc	subnet	pre-create-net	GREEN
vpc	subnet	pre-create-net	GREEN
vpc	subnet	pre-create-net	GREEN
vpc	subnet	pre-create-net	GREEN
vpc	subnet	pre-create-net	GREEN
vpc	subnet	pre-create-net	GREEN
vpc	subnet	pre-create-net	GREEN
vpc	subnet	pre-create-net	GREEN
vpc	subnet	pre-create-net	GREEN
vpc	subnet	pre-create-net	GREEN
vpc	subnet	pre-create-net	GREEN
vpc	subnet	pre-create-net	GREEN
vpc	subnet	pre-create-net	GREEN
vpc	subnet	pre-create-net	GREEN
vpc	subnet	pre-create-net	GREEN
vpc	subnet	pre-create-net	GREEN
vpc	subnet	pre-create-net	GREEN
vpc	subnet	pre-create-net	GREEN
vpc	subnet	pre-create-net	GREEN
vpc	subnet	pre-create-net	GREEN
vpc	subnet	pre-create-net	GREEN
vpc	subnet	pre-create-net	GREEN
vpc	subnet	pre-create-net	GREEN
vpc	subnet	pre-create-net	GREEN
vpc	subnet	pre-create-net	GREEN
vpc	subnet	pre-create-net	GREEN
vpc	subnet	pre-create-net	GREEN
vpc	subnet	pre-create-net	GREEN
vpc	subnet	pre-create-net	GREEN
vpc	subnet	pre-create-net	GREEN
vpc	subnet	pre-create-net	GREEN
vpc	subnet	pre-create-net	GREEN
vpc	subnet	pre-create-net	GREEN
vpc	subnet	pre-create-net	GREEN
vpc	subnet	pre-create-net	GREEN
vpc	subnet	pre-create-net	GREEN
vpc	subnet	pre-create-net	GREEN
vpc	subnet	pre-create-net	GREEN
vpc	subnet	pre-create-net	GREEN
vpc	subnet	pre-create-net	GREEN
vpc	subnet	pre-create-net	GREEN
vpc	subnet	pre-create-net	GREEN
vpc	subnet	pre-create-net	GREEN
vpc	subnet	pre-create-net	GREEN
vpc	subnet	pre-create-net	GREEN
vpc	subnet	pre-create-net	GREEN
vpc	subnet	pre-create-net	GREEN
vpc	subnet	pre-create-net	GREEN
vpc	subnet	pre-create-net	GREEN
vpc	subnet	pre-create-net	GREEN
vpc	subnet	pre-create-net	GREEN
vpc	subnet	pre-create-net	GREEN
vpc	subnet	pre-create-net	GREEN
vpc	subnet	pre-create-net	GREEN
vpc	subnet	pre-create-net	GREEN
vpc	subnet	pre-create-net	GREEN
vpc	subnet	pre-create-net	GREEN
vpc	subnet	pre-create-net	GREEN
vpc	subnet	pre-create-net	GREEN
vpc	subnet	pre-create-net	GREEN
vpc	subnet	pre-create-net	GREEN
vpc	subnet	pre-create-net	GREEN
vpc	subnet	pre-create-net	GREEN
vpc	subnet	pre-create-net	GREEN
vpc	subnet	pre-create-net	GREEN
vpc	subnet	pre-create-net	GREEN
vpc	subnet	pre-create-net	GREEN
vpc	subnet	pre-create-net	GREEN
vpc	subnet	pre-create-net	GREEN
vpc	subnet	pre-create-net	GREEN
vpc	subnet	pre-create-net	GREEN
vpc	subnet	pre-create-net	GREEN
vpc	subnet	pre-create-net	GREEN
vpc	subnet	put-list	GREEN
vpc	subnet	rcb-nonexistent	GREEN
vpc	subnet	remove-cidr-rya885	GREEN
vpc	subnet	remove-cidr-v6-rya978	GREEN
vpc	subnet	remove-it	GREEN
vpc	subnet	remove-temp	GREEN
vpc	subnet	rm-1	GREEN
vpc	subnet	rm-missing	GREEN
vpc	subnet	rm-primary	GREEN
vpc	subnet	settle-added-sub-rya941	GREEN
vpc	subnet	settle-added-sub-rya942	GREEN
vpc	subnet	settle-added-sub-rya943	GREEN
vpc	subnet	settle-added-sub-rya944	GREEN
vpc	subnet	settle-added-sub-rya945	GREEN
vpc	subnet	settle-added-sub-rya946	GREEN
vpc	subnet	settle-added-sub-rya947	GREEN
vpc	subnet	settle-added-sub-rya948	GREEN
vpc	subnet	setup-sub	GREEN
vpc	subnet	setup-sub	GREEN
vpc	subnet	setup-sub	GREEN
vpc	subnet	setup-sub	GREEN
vpc	subnet	setup-sub	GREEN
vpc	subnet	setup-sub	GREEN
vpc	subnet	setup-sub	GREEN
vpc	subnet	setup-sub	GREEN
vpc	subnet	_SETUP-ZONES — resolve live geo zone ids (zoneA..D)	NO-ASSERTIONS
vpc	subnet	_SETUP-ZONES — resolve live geo zone ids (zoneA..D)	NO-ASSERTIONS
vpc	subnet	state-after	GREEN
vpc	subnet	state-before	GREEN
vpc	subnet	sub1	GREEN
vpc	subnet	sub1-v6	GREEN
vpc	subnet	sub2-same-cidr	GREEN
vpc	subnet	sub2-v6-overlap	GREEN
vpc	subnet	upd-empty-mask	GREEN
vpc	subnet	upd	GREEN
vpc	subnet	upd-multi-unknown	GREEN
vpc	subnet	upd-network_id	GREEN
vpc	subnet	upd-nx	GREEN
vpc	subnet	upd-project_id	GREEN
vpc	subnet	upd-project-via-mask	GREEN
vpc	subnet	upd-v4_cidr_blocks	GREEN
vpc	subnet	upd-v6_cidr_blocks	GREEN
vpc	subnet	upd-zone_id	GREEN
vpc	subnet	verify-1	GREEN
vpc	subnet	verify-1-removed	GREEN
vpc	subnet	verify-3	GREEN
vpc	subnet	verify-all-rya917	GREEN
vpc	subnet	verify-not-added	GREEN
vpc	subnet	verify-pw-rya949	GREEN
vpc	subnet	verify-pw-rya950	GREEN
vpc	subnet	verify-pw-rya951	GREEN
vpc	subnet	verify-pw-rya952	GREEN
vpc	subnet	verify-pw-rya953	GREEN
vpc	subnet	verify-pw-rya954	GREEN
vpc	subnet	verify-pw-rya955	GREEN
vpc	subnet	verify-pw-rya956	GREEN
vpc	subnet	verify-pw-rya957	GREEN
vpc	subnet	verify-rya882	GREEN
vpc	subnet	verify-rya886	GREEN
vpc	subnet	verify-rya905	GREEN
vpc	subnet	verify-rya908	GREEN
vpc	subnet	verify-rya911	GREEN
vpc	subnet	verify-rya927	GREEN
vpc	subnet	verify-rya976	GREEN
vpc	subnet	verify-rya979	GREEN
vpc	subnet	verify-state-rya890	GREEN
vpc	vpc1	add-cidr-rya1000	GREEN
vpc	vpc1	add-sub-cidr-rya1037	GREEN
vpc	vpc1	add-sub-outside-rya1041	GREEN
vpc	vpc1	clean-net-a-rya1035	GREEN
vpc	vpc1	clean-net-b-rya1036	GREEN
vpc	vpc1	clean-sub-a-rya1033	GREEN
vpc	vpc1	clean-sub-b-rya1034	GREEN
vpc	vpc1	cleanup-net-rya1002	GREEN
vpc	vpc1	cleanup-net-rya1005	GREEN
vpc	vpc1	cleanup-net-rya1008	GREEN
vpc	vpc1	cleanup-net-rya1009	GREEN
vpc	vpc1	cleanup-net-rya1012	GREEN
vpc	vpc1	cleanup-net-rya1014	GREEN
vpc	vpc1	cleanup-net-rya1017	GREEN
vpc	vpc1	cleanup-net-rya1020	GREEN
vpc	vpc1	cleanup-net-rya1021	GREEN
vpc	vpc1	cleanup-net-rya1022	GREEN
vpc	vpc1	cleanup-net-rya1023	GREEN
vpc	vpc1	cleanup-net-rya1026	GREEN
vpc	vpc1	cleanup-net-rya1029	GREEN
vpc	vpc1	cleanup-net-rya1030	GREEN
vpc	vpc1	cleanup-net-rya1032	GREEN
vpc	vpc1	cleanup-net-rya1040	GREEN
vpc	vpc1	cleanup-net-rya1043	GREEN
vpc	vpc1	cleanup-net-rya1046	GREEN
vpc	vpc1	cleanup-net-rya1049	GREEN
vpc	vpc1	cleanup-net-rya1052	GREEN
vpc	vpc1	cleanup-net-rya1055	GREEN
vpc	vpc1	cleanup-net-rya1058	GREEN
vpc	vpc1	cleanup-net-rya984	GREEN
vpc	vpc1	cleanup-net-rya986	GREEN
vpc	vpc1	cleanup-net-rya988	GREEN
vpc	vpc1	cleanup-net-rya991	GREEN
vpc	vpc1	cleanup-net-rya995	GREEN
vpc	vpc1	cleanup-net-rya997	GREEN
vpc	vpc1	cleanup-net-rya999	GREEN
vpc	vpc1	cleanup-sub-rya1007	GREEN
vpc	vpc1	cleanup-sub-rya1011	GREEN
vpc	vpc1	cleanup-sub-rya1016	GREEN
vpc	vpc1	cleanup-sub-rya1019	GREEN
vpc	vpc1	cleanup-sub-rya1025	GREEN
vpc	vpc1	cleanup-sub-rya1028	GREEN
vpc	vpc1	cleanup-sub-rya1031	GREEN
vpc	vpc1	cleanup-sub-rya1039	GREEN
vpc	vpc1	cleanup-sub-rya1042	GREEN
vpc	vpc1	cleanup-sub-rya1045	GREEN
vpc	vpc1	cleanup-sub-rya1048	GREEN
vpc	vpc1	cleanup-sub-rya1051	GREEN
vpc	vpc1	cleanup-sub-rya1054	GREEN
vpc	vpc1	cleanup-sub-rya1057	GREEN
vpc	vpc1	cleanup-sub-rya994	GREEN
vpc	vpc1	cr-absent-network	GREEN
vpc	vpc1	cr-bad-supernet	GREEN
vpc	vpc1	cr-both-placement	GREEN
vpc	vpc1	cr-cidr-outside	GREEN
vpc	vpc1	cr-dup	GREEN
vpc	vpc1	cr-malformed-network	GREEN
vpc	vpc1	cr-neither-placement	GREEN
vpc	vpc1	cr-overlap	GREEN
vpc	vpc1	cr-placementtype-body	GREEN
vpc	vpc1	cr-subnet	GREEN
vpc	vpc1	del-nonempty-rya1010	GREEN
vpc	vpc1	get-added-rya1038	GREEN
vpc	vpc1	get-def-rt-rya989	GREEN
vpc	vpc1	get-def-sg-rya987	GREEN
vpc	vpc1	get-grown-rya1001	GREEN
vpc	vpc1	get-net-default-rt-rya992	GREEN
vpc	vpc1	get-no-dhcp-rya1047	GREEN
vpc	vpc1	get-no-vrf-rya1013	GREEN
vpc	vpc1	get-regional-rya1018	GREEN
vpc	vpc1	get-rt-resource-rya990	GREEN
vpc	vpc1	get-shrunk-rya1004	GREEN
vpc	vpc1	get-sub-rt-rya993	GREEN
vpc	vpc1	get-supernet-rya983	GREEN
vpc	vpc1	get-v6only-rya1056	GREEN
vpc	vpc1	get-zonal-rya1015	GREEN
vpc	vpc1	list-filter-network-lst1053	GREEN
vpc	vpc1	list-filter-unknown	GREEN
vpc	vpc1	list-filter-zone-lst1050	GREEN
vpc	vpc1	list-pagesize-over-max	GREEN
vpc	vpc1	list-token-garbage	GREEN
vpc	vpc1	mk-net-b	GREEN
vpc	vpc1	mk-net	GREEN
vpc	vpc1	mk-net	GREEN
vpc	vpc1	mk-net	GREEN
vpc	vpc1	mk-net	GREEN
vpc	vpc1	mk-net	GREEN
vpc	vpc1	mk-net	GREEN
vpc	vpc1	mk-net	GREEN
vpc	vpc1	mk-net	GREEN
vpc	vpc1	mk-net	GREEN
vpc	vpc1	mk-net	GREEN
vpc	vpc1	mk-net	GREEN
vpc	vpc1	mk-net	GREEN
vpc	vpc1	mk-net	GREEN
vpc	vpc1	mk-net	GREEN
vpc	vpc1	mk-net	GREEN
vpc	vpc1	mk-net	GREEN
vpc	vpc1	mk-net	GREEN
vpc	vpc1	mk-net	GREEN
vpc	vpc1	mk-net	GREEN
vpc	vpc1	mk-net	GREEN
vpc	vpc1	mk-net	GREEN
vpc	vpc1	mk-net	GREEN
vpc	vpc1	mk-net	GREEN
vpc	vpc1	mk-net	GREEN
vpc	vpc1	mk-net	GREEN
vpc	vpc1	mk-net	GREEN
vpc	vpc1	mk-net	GREEN
vpc	vpc1	mk-net	GREEN
vpc	vpc1	mk-net	GREEN
vpc	vpc1	mk-net	GREEN
vpc	vpc1	mk-sub-a	GREEN
vpc	vpc1	mk-sub-b-same-cidr	GREEN
vpc	vpc1	mk-sub	GREEN
vpc	vpc1	mk-sub	GREEN
vpc	vpc1	mk-sub	GREEN
vpc	vpc1	mk-sub	GREEN
vpc	vpc1	mk-sub	GREEN
vpc	vpc1	mk-sub	GREEN
vpc	vpc1	mk-sub	GREEN
vpc	vpc1	mk-sub	GREEN
vpc	vpc1	mk-sub	GREEN
vpc	vpc1	mk-sub	GREEN
vpc	vpc1	mk-sub	GREEN
vpc	vpc1	mk-sub	GREEN
vpc	vpc1	mk-sub	GREEN
vpc	vpc1	mk-sub	GREEN
vpc	vpc1	op-get-rya985	GREEN
vpc	vpc1	patch-network-immutable-rya1027	GREEN
vpc	vpc1	patch-project-immutable-rya998	GREEN
vpc	vpc1	patch-supernet-immutable-rya996	GREEN
vpc	vpc1	patch-zone-immutable-rya1024	GREEN
vpc	vpc1	poll-op-1737	GREEN
vpc	vpc1	poll-op-1738	GREEN
vpc	vpc1	poll-op-1739	GREEN
vpc	vpc1	poll-op-1740	GREEN
vpc	vpc1	poll-op-1741	GREEN
vpc	vpc1	poll-op-1742	GREEN
vpc	vpc1	poll-op-1743	GREEN
vpc	vpc1	poll-op-1744	GREEN
vpc	vpc1	poll-op-1745	GREEN
vpc	vpc1	poll-op-1746	GREEN
vpc	vpc1	poll-op-1747	GREEN
vpc	vpc1	poll-op-1748	GREEN
vpc	vpc1	poll-op-1749	GREEN
vpc	vpc1	poll-op-1750	GREEN
vpc	vpc1	poll-op-1751	GREEN
vpc	vpc1	poll-op-1752	GREEN
vpc	vpc1	poll-op-1753	GREEN
vpc	vpc1	poll-op-1754	GREEN
vpc	vpc1	poll-op-1755	GREEN
vpc	vpc1	poll-op-1756	GREEN
vpc	vpc1	poll-op-1757	GREEN
vpc	vpc1	poll-op-1758	GREEN
vpc	vpc1	poll-op-1759	GREEN
vpc	vpc1	poll-op-1760	GREEN
vpc	vpc1	poll-op-1761	GREEN
vpc	vpc1	poll-op-1762	GREEN
vpc	vpc1	poll-op-1763	GREEN
vpc	vpc1	poll-op-1764	GREEN
vpc	vpc1	poll-op-1765	GREEN
vpc	vpc1	poll-op-1766	GREEN
vpc	vpc1	poll-op-1767	GREEN
vpc	vpc1	poll-op-1768	GREEN
vpc	vpc1	poll-op-1769	GREEN
vpc	vpc1	poll-op-1770	GREEN
vpc	vpc1	poll-op-1771	GREEN
vpc	vpc1	poll-op-1772	GREEN
vpc	vpc1	poll-op-1773	GREEN
vpc	vpc1	poll-op-1774	GREEN
vpc	vpc1	poll-op-1775	GREEN
vpc	vpc1	poll-op-1776	GREEN
vpc	vpc1	poll-op-1777	GREEN
vpc	vpc1	poll-op-1778	GREEN
vpc	vpc1	poll-op-1779	GREEN
vpc	vpc1	poll-op-1780	GREEN
vpc	vpc1	poll-op-1781	GREEN
vpc	vpc1	poll-op-1782	GREEN
vpc	vpc1	poll-op-1783	GREEN
vpc	vpc1	poll-op-1784	GREEN
vpc	vpc1	poll-op-1785	GREEN
vpc	vpc1	poll-op-1786	GREEN
vpc	vpc1	poll-op-1787	GREEN
vpc	vpc1	poll-op-1788	GREEN
vpc	vpc1	poll-op-1789	GREEN
vpc	vpc1	poll-op-1790	GREEN
vpc	vpc1	poll-op-1791	GREEN
vpc	vpc1	poll-op-1792	GREEN
vpc	vpc1	poll-op-1793	GREEN
vpc	vpc1	poll-op-1794	GREEN
vpc	vpc1	poll-op-1795	GREEN
vpc	vpc1	poll-op-1796	GREEN
vpc	vpc1	poll-op-1797	GREEN
vpc	vpc1	poll-op-1798	GREEN
vpc	vpc1	poll-op-1799	GREEN
vpc	vpc1	poll-op-1800	GREEN
vpc	vpc1	poll-op-1801	GREEN
vpc	vpc1	poll-op-1802	GREEN
vpc	vpc1	poll-op-1803	GREEN
vpc	vpc1	poll-op-1804	GREEN
vpc	vpc1	poll-op-1805	GREEN
vpc	vpc1	poll-op-1806	GREEN
vpc	vpc1	poll-op-1807	GREEN
vpc	vpc1	poll-op-1808	GREEN
vpc	vpc1	poll-op-1809	GREEN
vpc	vpc1	poll-op-1810	GREEN
vpc	vpc1	poll-op-1811	GREEN
vpc	vpc1	poll-op-1812	GREEN
vpc	vpc1	poll-op-1813	GREEN
vpc	vpc1	poll-op-1814	GREEN
vpc	vpc1	poll-op-1815	GREEN
vpc	vpc1	poll-op-1816	GREEN
vpc	vpc1	poll-op-1817	GREEN
vpc	vpc1	poll-op-1818	GREEN
vpc	vpc1	poll-op-1819	GREEN
vpc	vpc1	poll-op-1820	GREEN
vpc	vpc1	poll-op-1821	GREEN
vpc	vpc1	poll-op-1822	GREEN
vpc	vpc1	poll-op-1823	GREEN
vpc	vpc1	poll-op-1824	GREEN
vpc	vpc1	poll-op-1825	GREEN
vpc	vpc1	poll-op-1826	GREEN
vpc	vpc1	poll-op-1827	GREEN
vpc	vpc1	poll-op-1828	GREEN
vpc	vpc1	poll-op-1829	GREEN
vpc	vpc1	poll-op-1830	GREEN
vpc	vpc1	poll-op-1831	GREEN
vpc	vpc1	poll-op-1832	GREEN
vpc	vpc1	poll-op-1833	GREEN
vpc	vpc1	poll-op-1834	GREEN
vpc	vpc1	remove-cidr-rya1003	GREEN
vpc	vpc1	remove-covering-rya1006	GREEN
vpc	vpc1	remove-primary-rya1044	GREEN
vpc	vpc1	resolve-region	GREEN
vpc	vpc1	_SETUP-ZONES — resolve live geo zone ids (zoneA..D)	NO-ASSERTIONS
vpc	vpc1	_SETUP-ZONES — resolve live geo zone ids (zoneA..D)	NO-ASSERTIONS
